origin,destination,weight
150101,150102,0.10434702840303181
150101,150103,2.167207512986045
150101,150104,0.6134687933584837
150101,150105,9.453152770929606
150101,150106,0.16856058434335905
150101,150107,0.05045350823882856
150101,150108,1.4241649371051153
150101,150109,0.027520095402997397
150101,150110,0.8061094611794655
150101,150111,1.6179522755678886
150101,150112,1.056083661090025
150101,150113,7.381118921212259
150101,150114,2.3506748156726944
150101,150115,6.412182228898393
150101,150116,4.602735956151315
150101,150117,2.8265431320161913
150101,150118,0.6260821704181908
150101,150119,0.5504019080599479
150101,150120,2.022727012120309
150101,150121,5.013244045912693
150101,150122,5.629006180554759
150101,150123,0.12957378252244608
150101,150124,0.034400119253746746
150101,150125,0.4804549989106629
150101,150126,0.019493400910456492
150101,150127,0.01261337705970714
150101,150128,1.6833125021500073
150101,150129,0.02064007155224805
150101,150130,2.6591292183146233
150101,150131,8.627549908839685
150101,150132,2.4928619752548475
150101,150133,0.43802818516437525
150101,150134,0.9070164776571226
150101,150135,3.1189441456730385
150101,150136,6.627756309555206
150101,150137,1.5491520370603953
150101,150138,0.0034400119253746747
150101,150139,0.011466706417915582
150101,150140,3.675079406941944
150101,150141,1.6477657122544693
150101,150142,0.5595752731942804
150101,150143,0.21786742194039604
150102,150101,9.683681626127669
150102,150103,1.0620075368276807
150102,150104,0.3311636405161585
150102,150105,0.9706520497887404
150102,150106,1.296105972364965
150102,150107,0.0685166152792052
150102,150108,0.9877812036085417
150102,150109,0.04567774351947013
150102,150110,4.059609455292908
150102,150111,0.41109969167523125
150102,150112,2.9119561493662216
150102,150113,1.7814319972593355
150102,150114,0.9877812036085417
150102,150115,2.186821970994633
150102,150116,1.0049103574283431
150102,150117,15.861596437136004
150102,150118,0.5652620760534429
150102,150119,0.5024551787141716
150102,150120,0.5538426401735754
150102,150121,0.7765216398309923
150102,150122,2.0098207148566862
150102,150123,0.15987210231814547
150102,150124,0.0342583076396026
150102,150125,18.562293022724678
150102,150126,0.02854858969966884
150102,150127,0.005709717939933767
150102,150128,1.0106200753682768
150102,150129,0.02854858969966884
150102,150130,1.0448783830078794
150102,150131,2.6835674317688705
150102,150132,1.6329793308210574
150102,150133,0.4853260248943702
150102,150134,0.37113166609569487
150102,150135,4.287998172890259
150102,150136,1.18191161356629
150102,150137,1.1076852803471509
150102,150138,0.005709717939933767
150102,150139,1.8214000228388718
150102,150140,1.884206920178143
150102,150141,0.5367134863537741
150102,150142,0.7936507936507936
150102,150143,0.2398081534772182
150103,150101,11.765883191774138
150103,150102,0.07255169308132045
150103,150104,0.3283589557559761
150103,150105,1.128303916540535
150103,150106,0.12446368037226524
150103,150107,2.0764794916377918
150103,150108,1.1620779805611499
150103,150109,0.1807537870732897
150103,150110,0.34649687902630627
150103,150111,1.3522134520846103
150103,150112,0.703626333762806
150103,150113,2.237844464180729
150103,150114,10.623194025743341
150103,150115,8.30279073840111
150103,150116,2.069599589707667
150103,150117,1.2183680872621743
150103,150118,6.099971229501019
150103,150119,0.9131506198166193
150103,150120,0.6054313698510189
150103,150121,0.7599164404638304
150103,150122,2.9489761455036714
150103,150123,0.3515004440663973
150103,150124,0.030646835870557772
150103,150125,0.32773351012596474
150103,150126,0.04127941158075128
150103,150127,0.018137923270330113
150103,150128,0.98132419348786
150103,150129,0.03815218343069437
150103,150130,3.267953416809477
150103,150131,4.161089776465731
150103,150132,3.2185432120385777
150103,150133,0.5654028495302903
150103,150134,3.0196515016949577
150103,150135,0.8818783383160502
150103,150136,1.3803585054351224
150103,150137,12.108627397020378
150103,150138,0.004378119410079682
150103,150139,0.01000713008018213
150103,150140,5.821647924145954
150103,150141,1.1670815456012409
150103,150142,0.8087011996047184
150103,150143,0.3145991518957257
150104,150101,8.853800421913956
150104,150102,0.012785271367384771
150104,150103,1.1314965160135524
150104,150105,0.9461100811864732
150104,150106,0.05753372115323148
150104,150107,0.019177907051077157
150104,150108,9.007223678322571
150104,150109,0.019177907051077157
150104,150110,0.2237422489292335
150104,150111,0.198171706194464
150104,150112,0.2876686057661574
150104,150113,3.3177779198363484
150104,150114,2.8894713290289586
150104,150115,2.211851946557566
150104,150116,2.3397046602314133
150104,150117,0.6584414754203157
150104,150118,0.2876686057661574
150104,150119,0.6967972895224701
150104,150120,1.6429073707089434
150104,150121,1.1442817873809372
150104,150122,19.088410151505467
150104,150123,0.26209806303138783
150104,150124,0.025570542734769542
150104,150125,0.15981589209230965
150104,150126,0.025570542734769542
150104,150128,0.3260244198683117
150104,150129,0.019177907051077157
150104,150130,3.6949434251741993
150104,150131,12.37614268362846
150104,150132,0.5241961260627757
150104,150133,1.0356069807581665
150104,150134,0.4346992264910822
150104,150135,0.5753372115323148
150104,150136,2.3588825672824902
150104,150137,0.447484497858467
150104,150140,12.030940356709072
150104,150141,3.394489548040657
150104,150142,1.0292143450744742
150104,150143,0.37716550533785076
150105,150101,22.466925453537197
150105,150102,0.05545432939871663
150105,150103,1.6398637407906203
150105,150104,0.525495788111648
150105,150106,0.13731548232063165
150105,150107,0.052813647046396794
150105,150108,1.2754495761704825
150105,150109,0.01848477646623888
150105,150110,0.559824658691806
150105,150111,0.5334178351686075
150105,150112,0.7367503762972352
150105,150113,9.767884021231087
150105,150114,1.859040376033167
150105,150115,4.011196493173836
150105,150116,3.8923657873194433
150105,150117,1.761335128997333
150105,150118,0.3749768940294172
150105,150119,0.36441416462013787
150105,150120,2.46375663471441
150105,150121,8.352478280387652
150105,150122,5.614090681031978
150105,150123,0.11090865879743327
150105,150124,0.013203411761599199
150105,150125,0.3591327999154981
150105,150126,0.01848477646623888
150105,150127,0.007922047056959518
150105,150128,1.0932424938604135
150105,150129,0.01848477646623888
150105,150130,2.3449259288600177
150105,150131,7.758324751115689
150105,150132,1.3520293643877577
150105,150133,0.35121075285853864
150105,150134,0.5017296469407695
150105,150135,1.579128046687264
150105,150136,5.075391481158731
150105,150137,0.9849745174153001
150105,150138,0.002640682352319839
150105,150139,0.015844094113919037
150105,150140,3.3615886345031556
150105,150141,1.579128046687264
150105,150142,0.3961023528479759
150105,150143,0.12147138820671262
150106,150101,11.575264944953185
150106,150102,0.5210038443910241
150106,150103,1.1748309309786829
150106,150104,0.31147985670055844
150106,150105,1.3431984210870929
150106,150107,0.030867373186541824
150106,150108,0.8371605758168161
150106,150109,0.03647962285682216
150106,150110,16.280200918538196
150106,150111,0.42746634988635196
150106,150112,4.732061846991367
150106,150113,1.9904778830594245
150106,150114,1.140222058011954
150106,150115,2.3618217362429728
150106,150116,1.2141166786706452
150106,150117,14.178413417018213
150106,150118,0.6023814646100889
150106,150119,0.43775547428186584
150106,150120,0.6809529599940136
150106,150121,0.9784021925188713
150106,150122,2.518964727010822
150106,150123,0.09353749450467219
150106,150124,0.04770412219738282
150106,150125,9.605365310684789
150106,150126,0.03367349802168199
150106,150127,0.012159874285607386
150106,150128,1.3375861714168125
150106,150129,0.025255123516261493
150106,150130,1.1327390584515804
150106,150131,3.10731556744521
150106,150132,1.291752799109523
150106,150133,0.23010223648149358
150106,150134,0.326445855821306
150106,150135,4.198898128314735
150106,150136,1.9689642593233496
150106,150137,1.0850349362541973
150106,150138,0.002806124835140166
150106,150139,0.06267012131813036
150106,150140,2.03444050547662
150106,150141,0.7323985819715834
150106,150142,0.3984697265899036
150106,150143,0.14311236659214846
150107,150101,11.012456930824278
150107,150102,0.10601643254704478
150107,150103,21.415319374503046
150107,150104,0.27829313543599254
150107,150105,0.6957328385899815
150107,150106,0.06626027034190299
150107,150108,0.8282533792737874
150107,150109,0.0198780811025709
150107,150110,0.13252054068380598
150107,150111,0.5830903790087464
150107,150112,0.4836999734958919
150107,150113,1.6034985422740524
150107,150114,5.393586005830904
150107,150115,1.8354094884707128
150107,150116,1.2125629472568247
150107,150117,0.8481314603763582
150107,150118,22.806785051683008
150107,150119,0.5632122979061754
150107,150120,0.44394381129075006
150107,150121,0.6626027034190299
150107,150122,2.517890272992314
150107,150123,0.1523986217863769
150107,150124,0.026504108136761195
150107,150125,0.22528491916247018
150107,150126,0.033130135170951494
150107,150127,0.013252054068380597
150107,150128,0.596342433077127
150107,150129,0.0397561622051418
150107,150130,1.9082957858468061
150107,150131,3.4322820037105752
150107,150132,1.6763848396501457
150107,150133,0.3180492976411344
150107,150134,0.8415054333421681
150107,150135,0.5234561357010337
150107,150136,0.8017492711370262
150107,150137,5.625496952027564
150107,150140,4.313543599257885
150107,150141,0.7023588656241717
150107,150142,0.37768354094884704
150107,150143,0.1523986217863769
150108,150101,10.27953204265452
150108,150102,0.07247127031783829
150108,150103,1.629568278289678
150108,150104,6.701521896676675
150108,150105,1.109845739724609
150108,150106,0.08800082824308934
150108,150107,0.04658867377575318
150108,150109,0.06418883942437105
150108,150110,0.2940262967180867
150108,150111,0.31162646236670466
150108,150112,0.34682679366394037
150108,150113,3.340925561652345
150108,150114,2.616212858473962
150108,150115,2.6400248472926804
150108,150116,2.5685888808365256
150108,150117,0.853090382027125
150108,150118,0.45449839527901437
150108,150119,1.8045346309141734
150108,150120,1.019774303758153
150108,150121,1.0218449114815198
150108,150122,12.887462470235015
150108,150123,0.38720364426959314
150108,150124,0.06729475100942127
150108,150125,0.18428408737964594
150108,150126,0.11181281706180765
150108,150127,0.02277668495703489
150108,150128,0.7547365151672015
150108,150129,0.09524795527487318
150108,150130,4.073920695724195
150108,150131,8.333160782689719
150108,150132,0.8851848017393105
150108,150133,5.02432964074956
150108,150134,0.658453256030645
150108,150135,0.5911585050212238
150108,150136,1.450460710218449
150108,150137,0.945232425716948
150108,150138,0.004141215446733616
150108,150139,0.007247127031783828
150108,150140,10.919349829174863
150108,150141,3.4403147323739516
150108,150142,4.510818925354592
150108,150143,1.1191634744797598
150109,150101,6.536062549415796
150109,150102,0.017570060616709127
150109,150103,7.467275762101379
150109,150104,0.20205569709215496
150109,150105,0.5095317578845647
150109,150106,0.06149521215848194
150109,150107,0.06149521215848194
150109,150108,0.887288061143811
150109,150110,0.1932706667838004
150109,150111,0.483176666959501
150109,150112,0.25476587894228236
150109,150113,1.2386892734779935
150109,150114,30.554335412457174
150109,150115,3.250461214091189
150109,150116,2.2665378195554773
150109,150117,0.7028024246683651
150109,150118,0.966353333919002
150109,150119,0.7730826671352016
150109,150120,0.5271018185012738
150109,150121,0.5358868488096284
150109,150122,2.82877975929017
150109,150123,12.219977158921198
150109,150124,0.017570060616709127
150109,150125,0.1669155758587367
150109,150126,0.05271018185012738
150109,150127,0.02635509092506369
150109,150128,0.3338311517174734
150109,150129,0.04392515154177282
150109,150130,3.3558815777914432
150109,150131,2.969340244223843
150109,150132,1.3528946674866027
150109,150133,0.6940173943600105
150109,150134,1.2035491522445751
150109,150135,0.43925151541772817
150109,150136,0.8345778792936835
150109,150137,4.981112184837038
150109,150140,5.033822366687165
150109,150141,0.9839233945357111
150109,150142,0.8960730914521655
150109,150143,0.37775630325924625
150110,150101,14.596375617792424
150110,150102,0.3953871499176277
150110,150103,1.4180712203776453
150110,150104,0.3713090863008491
150110,150105,1.724116081611963
150110,150106,5.143201115194525
150110,150107,0.04055252819667976
150110,150108,1.0702065644405019
150110,150109,0.03991889494360664
150110,150111,0.42833607907743
150110,150112,6.160816119629958
150110,150113,2.9964516537827905
150110,150114,1.389557723989355
150110,150115,3.052211380053225
150110,150116,1.7095425167912812
150110,150117,17.064377138512228
150110,150118,0.5987834241540997
150110,150119,0.5031048029400583
150110,150120,0.8927892535800279
150110,150121,1.2501584083132682
150110,150122,3.5052591560005073
150110,150123,0.08680775567101762
150110,150124,0.053858826511215305
150110,150125,2.9616018248637688
150110,150126,0.031048029400582943
150110,150127,0.008237232289950576
150110,150128,1.7836776074008365
150110,150129,0.02471169686985173
150110,150130,1.5739450006336333
150110,150131,4.628690913699151
150110,150132,1.3401343302496516
150110,150133,0.27056139906222276
150110,150134,0.4327715118489418
150110,150135,5.320618426055
150110,150136,2.5788873400076033
150110,150137,1.1893296160182487
150110,150138,6.336332530731213e-4
150110,150139,0.022810797110632365
150110,150140,2.386896464326448
150110,150141,1.0454948675706501
150110,150142,0.4048916487137245
150110,150143,0.13179571663920922
150111,150101,18.142111170757893
150111,150102,0.08418329998535942
150111,150103,6.689522229271387
150111,150104,0.2732907129959494
150111,150105,1.8691132692401542
150111,150106,0.08906349128885852
150111,150107,0.056122199990239624
150111,150108,0.9211361085354546
150111,150109,0.06344248694548826
150111,150110,0.4282367868820458
150111,150112,0.6332048216290078
150111,150113,2.897613586452589
150111,150114,2.9817968864379485
150111,150115,14.800400175686887
150111,150116,2.7914694256014836
150111,150117,1.4677175345273534
150111,150118,1.2993509345566348
150111,150119,0.5392611390366503
150111,150120,0.6661461129276267
150111,150121,0.9809184520033185
150111,150122,2.308330486555073
150111,150123,0.18788736518471524
150111,150124,0.03416133912449368
150111,150125,0.33063296081206384
150111,150126,0.03172124347274413
150111,150127,0.014640573910497293
150111,150128,1.2615294519545166
150111,150129,0.018300717388121616
150111,150130,2.2143868039627153
150111,150131,3.0635400907715584
150111,150132,9.180859889707676
150111,150133,0.5526816651212727
150111,150134,2.9537357864428286
150111,150135,1.0285003172124347
150111,150136,1.2115074910936507
150111,150137,8.204821629007856
150111,150138,0.0012200478258747743
150111,150139,0.013420526084622516
150111,150140,3.162363964667415
150111,150141,1.059001512859304
150111,150142,0.6124640085891366
150111,150143,0.3757747303694305
150112,150101,15.409256758697962
150112,150102,0.22265636222598903
150112,150103,1.4910793805843652
150112,150104,0.40652742264487024
150112,150105,2.408998190019249
150112,150106,0.9236647800729738
150112,150107,0.028729853190450197
150112,150108,1.1908524147441606
150112,150109,0.02585686787140518
150112,150110,5.401212399804637
150112,150111,0.49846295285431097
150112,150113,2.9476829373401903
150112,150114,1.354612577929727
150112,150115,3.887149136667912
150112,150116,1.811417243657885
150112,150117,15.343178096359928
150112,150118,0.5731605711494814
150112,150119,0.5645416151923464
150112,150120,0.8302927572040106
150112,150121,1.1908524147441606
150112,150122,3.7233889734823458
150112,150123,0.10917344212371075
150112,150124,0.03447582382854023
150112,150125,1.8688769500387854
150112,150126,0.028729853190450197
150112,150127,0.007182463297612549
150112,150128,3.387249691154078
150112,150129,0.021547389892837648
150112,150130,1.6103082713247334
150112,150131,4.644180768236274
150112,150132,1.5973798373890309
150112,150133,0.28586203924497944
150112,150134,0.507081908811446
150112,150135,9.144712270520298
150112,150136,2.1676674232194673
150112,150137,1.4580400494153476
150112,150138,0.0014364926595225099
150112,150139,0.017237911914270116
150112,150140,2.393196770764501
150112,150141,1.0874249432585399
150112,150142,0.442439739132933
150112,150143,0.15226822190938605
150113,150101,15.246833878190161
150113,150102,0.04670201368094283
150113,150103,1.3186450921677977
150113,150104,0.6648169006345979
150113,150105,4.903711436498997
150113,150106,0.10988709101398314
150113,150107,0.0384604818548941
150113,150108,1.7224801516441857
150113,150109,0.0384604818548941
150113,150110,0.3818576412735914
150113,150111,0.48350320046152584
150113,150112,0.4532842504326804
150113,150114,3.4229828850855744
150113,150115,3.6922062580698336
150113,150116,4.645476772616137
150113,150117,1.1016180874151809
150113,150118,0.3296612730419494
150113,150119,0.39009917309964015
150113,150120,3.1125518529710723
150113,150121,6.3734512788110225
150113,150122,8.098678607730557
150113,150123,0.12362297739073104
150113,150124,0.024724595478146205
150113,150125,0.18680805472377132
150113,150126,0.027471772753495785
150113,150127,0.002747177275349578
150113,150128,0.7939342325760281
150113,150129,0.008241531826048734
150113,150130,3.200461525782259
150113,150131,15.367709678305541
150113,150132,0.8845910826625641
150113,150133,0.3653745776214939
150113,150134,0.4725144913601275
150113,150135,1.3433696876459438
150113,150136,5.977857751160682
150113,150137,0.684047141562045
150113,150139,0.010988709101398313
150113,150140,5.321282382352133
150113,150141,1.7994011153539737
150113,150142,0.43954836405593256
150113,150143,0.16757781379632428
150114,150101,7.855707428875122
150114,150102,0.0564680872265865
150114,150103,9.616183089468702
150114,150104,0.5879324375944595
150114,150105,0.7855707428875123
150114,150106,0.07971965255518094
150114,150107,0.09632791350417698
150114,150108,2.059424357675508
150114,150109,0.48828287190048325
150114,150110,0.2756971317533341
150114,150111,0.6742953945292388
150114,150112,0.305592001461527
150114,150113,3.7318762352394077
150114,150115,3.858099018451778
150114,150116,2.13416153194599
150114,150117,0.7623191775589179
150114,150118,0.8553254388732955
150114,150119,0.7706233080334158
150114,150120,1.0230688744581555
150114,150121,0.9001677434355848
150114,150122,7.139891381973394
150114,150123,1.0579462224510472
150114,150124,0.03321652189799206
150114,150125,0.24248060985534203
150114,150126,0.03819900018269087
150114,150127,0.02325156532859444
150114,150128,0.5513942635066682
150114,150129,0.02823404361329325
150114,150130,5.376094069190015
150114,150131,11.071066748600753
150114,150132,1.3867897892411685
150114,150133,0.6078623507332548
150114,150134,1.1476308315756256
150114,150135,1.0363554832173523
150114,150136,2.1540914450847852
150114,150137,3.2336284067695273
150114,150138,0.008304130474498015
150114,150139,0.0016608260948996032
150114,150140,17.018484994436236
150114,150141,1.9165933135141417
150114,150142,0.782249090697713
150114,150143,0.3039311753666274
150115,150101,17.777903768378877
150115,150102,0.045356616396416825
150115,150103,3.5094681936727516
150115,150104,0.5707374229882451
150115,150105,2.806440639528291
150115,150106,0.10394224590845522
150115,150107,0.0642552065615905
150115,150108,1.4344029935366822
150115,150109,0.060475488528555776
150115,150110,0.37230222625392145
150115,150111,1.28510413123181
150115,150112,0.4913633442945156
150115,150113,6.079676456136372
150115,150114,3.537816078920512
150115,150116,8.152851797255925
150115,150117,1.2359677968023586
150115,150118,0.5348301016744151
150115,150119,0.4252182787164077
150115,150120,1.2416373738519106
150115,150121,1.835053105038364
150115,150122,5.2386891937861435
150115,150123,0.1889859016517368
150115,150124,0.02456816721472578
150115,150125,0.2985977246097441
150115,150126,0.02645802623124315
150115,150127,0.007559436066069472
150115,150128,1.011074573836792
150115,150129,0.011339154099104206
150115,150130,5.637449446271308
150115,150131,7.963865895604188
150115,150132,2.2753902558869106
150115,150133,0.5896360131534187
150115,150134,5.590202970858374
150115,150135,0.9581585213743055
150115,150136,2.203575613259251
150115,150137,2.687379521487697
150115,150138,0.005669577049552103
150115,150139,0.001889859016517368
150115,150140,5.14041652492724
150115,150141,2.167668291945421
150115,150142,0.6954681180783914
150115,150143,0.3987602524851646
150116,150101,13.487989341275128
150116,150102,0.047023786198518755
150116,150103,1.657588463497786
150116,150104,0.8072416630745718
150116,150105,2.159175516281986
150116,150106,0.062698381598025
150116,150107,0.05486108389827187
150116,150108,1.7555546847447
150116,150109,0.019593244249382812
150116,150110,0.2664681217916063
150116,150111,0.39578353383753284
150116,150112,0.39578353383753284
150116,150113,11.015321917003016
150116,150114,3.507190720639523
150116,150115,5.443003252478546
150116,150117,0.9874995101688938
150116,150118,0.3448410987891375
150116,150119,0.38402758728790315
150116,150120,1.9554057760884047
150116,150121,2.6372506759669267
150116,150122,8.926682080018809
150116,150123,0.14107135859555625
150116,150124,0.023511893099259377
150116,150125,0.19593244249382813
150116,150126,0.0313491907990125
150116,150127,0.007837297699753125
150116,150128,0.7562992280261766
150116,150129,0.019593244249382812
150116,150130,3.7540655981817466
150116,150131,17.555546847447
150116,150132,0.9365570751204984
150116,150133,0.42713272463654534
150116,150134,0.7641365257259297
150116,150135,0.9874995101688938
150116,150136,3.573807751087425
150116,150137,0.7837297699753125
150116,150139,0.003918648849876563
150116,150140,5.689878130020769
150116,150141,2.2688976840785298
150116,150142,0.5525294878325953
150116,150143,0.19201379364395157
150117,150101,14.852708017624233
150117,150102,0.3880484578796612
150117,150103,1.5434342726500294
150117,150104,0.4134511785986458
150117,150105,1.7799423621026444
150117,150106,0.9136219899965837
150117,150107,0.046425662003661494
150117,150108,1.0905650791426145
150117,150109,0.026278676605846128
150117,150110,5.885547603822672
150117,150111,0.4791478701132611
150117,150112,6.468058268585594
150117,150113,3.522218621070243
150117,150114,1.970024789551598
150117,150115,3.139425898511751
150117,150116,1.7746866267814754
150117,150118,0.6105412531424917
150117,150119,0.511558237927138
150117,150120,1.0747978731791068
150117,150121,1.653804714394583
150117,150122,3.906763255402458
150117,150123,0.09723110344163069
150117,150124,0.03941801490876919
150117,150125,3.0737292069971356
150117,150126,0.030658456040153815
150117,150127,0.010511470642338452
150117,150128,1.8762975096574135
150117,150129,0.022774853058399977
150117,150130,1.8789253773179984
150117,150131,5.861020838990549
150117,150132,1.3305769921426756
150117,150133,0.31184029572270744
150117,150134,0.4546211052811381
150117,150135,10.656003363670607
150117,150136,3.985599285219996
150117,150137,1.3866381689018141
150117,150138,8.759558868615378e-4
150117,150139,0.02978250015329228
150117,150140,3.2962220022599658
150117,150141,1.2394775799090758
150117,150142,0.40907139916433805
150117,150143,0.1532922802007691
150118,150101,10.71169459319399
150118,150102,0.07946104681292106
150118,150103,25.77647262048713
150118,150104,0.2573846951114182
150118,150105,0.7479702884781482
150118,150106,0.10537225773017793
150118,150107,6.647089307306961
150118,150108,0.8464328899637243
150118,150109,0.1399205389531871
150118,150110,0.3264812575574365
150118,150111,1.108999827258594
150118,150112,0.777336327517706
150118,150113,1.5201243738124028
150118,150114,4.608740715149421
150118,150115,4.15097598894455
150118,150116,1.1677319053377095
150118,150117,1.2212817412333736
150118,150119,0.6581447572983244
150118,150120,0.40076006218690624
150118,150121,0.5147693902228364
150118,150122,1.8863361547763
150118,150123,0.1882881326653999
150118,150124,0.04836759371221282
150118,150125,0.3143893591293833
150118,150126,0.036275695284159616
150118,150127,0.012091898428053204
150118,150128,0.8291587493522197
150118,150129,0.02936603903955778
150118,150130,1.5564000690965625
150118,150131,2.4218345137329416
150118,150132,6.106408706166868
150118,150133,0.4059423043703576
150118,150134,1.067541889790983
150118,150135,0.6909656244601831
150118,150136,0.8585247883917775
150118,150137,7.88737260321299
150118,150138,0.006909656244601831
150118,150139,0.005182242183451373
150118,150140,3.150803247538435
150118,150141,0.6443254448091207
150118,150142,0.6305061323199171
150118,150143,0.21419934358265674
150119,150101,7.6480224666510654
150119,150102,0.03276386613620407
150119,150103,1.310554645448163
150119,150104,0.5195413058740932
150119,150105,0.6271940088930494
150119,150106,0.06552773227240814
150119,150107,0.06552773227240814
150119,150108,4.9941493096185345
150119,150109,0.0936110461034402
150119,150110,0.14509712146033232
150119,150111,0.33231921366721273
150119,150112,0.26211092908963257
150119,150113,1.277790779311959
150119,150114,2.0407208050549968
150119,150115,2.153054060379125
150119,150116,1.329276854668851
150119,150117,0.8144161010999298
150119,150118,0.48209688743271706
150119,150120,0.34636087058272874
150119,150121,0.5335829627896093
150119,150122,4.161010999297917
150119,150123,7.493564240580389
150119,150124,0.3838052890241049
150119,150125,0.19658319681722441
150119,150126,2.5743037678446057
150119,150127,0.889304937982682
150119,150128,0.5663468289258132
150119,150129,0.9782354317809501
150119,150130,2.3449567048911772
150119,150131,2.962789609173883
150119,150132,0.95483267025509
150119,150133,4.769482798970278
150119,150134,0.93142990872923
150119,150135,0.35572197519307275
150119,150136,0.6225134565878774
150119,150137,0.889304937982682
150119,150138,0.07488883688275216
150119,150139,0.028083313831032065
150119,150140,9.300257430376785
150119,150141,1.6335127545050314
150119,150142,17.28527966300023
150119,150143,10.063187456119822
150120,150101,10.383889238514788
150120,150102,0.034612964128382634
150120,150103,1.1516677155443675
150120,150104,0.7016991818753933
150120,150105,2.721837633731907
150120,150106,0.05349276274386407
150120,150107,0.02831969792322215
150120,150108,1.563876651982379
150120,150109,0.031466331025802395
150120,150110,0.2265575833857772
150120,150111,0.25173064820641916
150120,150112,0.35871617369414727
150120,150113,9.103209565764631
150120,150114,2.8445563247325363
150120,150115,2.341095028319698
150120,150116,2.460667086217747
150120,150117,0.9030837004405287
150120,150118,0.2422907488986784
150120,150119,0.4122089364380114
150120,150121,5
150120,150122,9.99056010069226
150120,150123,0.144745122718691
150120,150124,0.009439899307740716
150120,150125,0.2013845185651353
150120,150126,0.022026431718061675
150120,150127,0.0062932662051604785
150120,150128,0.5443675267463813
150120,150129,0.009439899307740716
150120,150130,3.052234109502832
150120,150131,16.97608558842039
150120,150132,0.5695405915670233
150120,150133,0.30837004405286345
150120,150134,0.3492762743864065
150120,150135,0.9660163624921334
150120,150136,10.556954059156702
150120,150137,0.6513530522341094
150120,150139,0.0031466331025802393
150120,150140,5.5254877281309
150120,150141,1.8659534298300817
150120,150142,0.4657016991818754
150120,150143,0.13530522341095028
150121,150101,13.47066726377071
150121,150102,0.02463054187192118
150121,150103,1.2315270935960592
150121,150104,0.5441110613524407
150121,150105,5.279892521271832
150121,150106,0.08956560680698611
150121,150107,0.044782803403493054
150121,150108,1.412897447380206
150121,150109,0.022391401701746527
150121,150110,0.3672189879086431
150121,150111,0.4657411553963278
150121,150112,0.44782803403493054
150121,150113,11.032243618450515
150121,150114,2.7899686520376177
150121,150115,2.729511867442902
150121,150116,2.980295566502463
150121,150117,1.103896103896104
150121,150118,0.2597402597402597
150121,150119,0.35826242722794444
150121,150120,4.914912673533363
150121,150122,6.903269144648455
150121,150123,0.109717868338558
150121,150124,0.008956560680698611
150121,150125,0.19256605463502013
150121,150126,0.022391401701746527
150121,150128,0.8396775638154947
150121,150129,0.006717420510523959
150121,150130,2.7541424093148232
150121,150131,12.017465293327362
150121,150132,0.8531124048365427
150121,150133,0.2530228392297358
150121,150134,0.48141513658755036
150121,150135,1.3658755038065382
150121,150136,10.537393640841916
150121,150137,0.6291983878190774
150121,150138,0.0044782803403493054
150121,150139,0.0022391401701746527
150121,150140,4.872369010300045
150121,150141,1.6054635020152264
150121,150142,0.3515450067174205
150121,150143,0.10300044782803404
150122,150101,7.332320062757404
150122,150102,0.024514610707981957
150122,150103,1.6669935281427732
150122,150104,3.0741321827809376
150122,150105,0.8065306922926063
150122,150106,0.019611688566385566
150122,150107,0.04167483820356933
150122,150108,4.55236320847225
150122,150109,0.029417532849578352
150122,150110,0.21082565208864484
150122,150111,0.20592272994704844
150122,150112,0.20101980780545206
150122,150113,4.9396940576583646
150122,150114,4.868601686605216
150122,150115,2.4318493822318104
150122,150116,2.1572857423024123
150122,150117,0.5050009805844283
150122,150118,0.262306334575407
150122,150119,0.7035693273190822
150122,150120,2.368111394391057
150122,150121,1.3679152775053933
150122,150123,0.29662678956658167
150122,150124,0.019611688566385566
150122,150125,0.10786428711512061
150122,150126,0.07109237105314768
150122,150127,0.01716022749558737
150122,150128,0.350558933124142
150122,150129,0.009805844283192783
150122,150130,4.348891939595999
150122,150131,23.60266718964503
150122,150132,0.426554226318886
150122,150133,0.4167483820356933
150122,150134,0.463326142380859
150122,150135,0.7722102373014317
150122,150136,4.003235928613454
150122,150137,0.5295155912924103
150122,150138,0.004902922141596391
150122,150139,0.0024514610707981957
150122,150140,13.286919003726222
150122,150141,4.2483820356932736
150122,150142,0.8751716022749558
150122,150143,0.225534418513434
150123,150101,6.393749312204247
150123,150102,0.04677011114779355
150123,150103,7.210850665786288
150123,150104,0.3438978760867173
150123,150105,0.5089688566083416
150123,150106,0.07978430725211841
150123,150107,0.1072961373390558
150123,150108,1.4141080664685814
150123,150109,2.5283371849895455
150123,150110,0.21734345768680535
150123,150111,0.6657862881038846
150123,150112,0.34114669307802353
150123,150113,1.1609992296687575
150123,150114,31.04434907010014
150123,150115,4.467921206118631
150123,150116,1.8955650929899857
150123,150117,0.6740398371299658
150123,150118,0.8776273797733025
150123,150119,4.855838010344448
150123,150120,0.4842082095300979
150123,150121,0.4897105755474854
150123,150122,2.7896995708154506
150123,150124,0.06327720919995598
150123,150125,0.20358754264333664
150123,150126,0.27511830086937383
150123,150127,0.06052602619126224
150123,150128,0.4511940134257731
150123,150129,0.11004732034774953
150123,150130,3.394959832728073
150123,150131,3.205128205128205
150123,150132,1.5379113018597999
150123,150133,1.1499944976339826
150123,150134,1.4333663475294376
150123,150135,0.43193573236491695
150123,150136,0.8171013535820403
150123,150137,4.993397160779136
150123,150138,0.0027511830086937384
150123,150139,0.005502366017387477
150123,150140,5.744470122152526
150123,150141,0.9078903928689337
150123,150142,1.9918564982942664
150123,150143,0.9161439418950149
150124,150101,9.136714813570709
150124,150102,0.13436345314074571
150124,150103,0.9741350352704065
150124,150104,0.47027208599261006
150124,150105,0.8397715821296607
150124,150107,0.06718172657037286
150124,150108,2.6536781995297276
150124,150109,0.16795431642593214
150124,150110,0.20154517971111857
150124,150111,0.3023177695666779
150124,150112,0.3359086328518643
150124,150113,1.0749076251259657
150124,150114,1.3100436681222707
150124,150115,1.0749076251259657
150124,150116,1.41081625797783
150124,150117,0.8397715821296607
150124,150118,0.3694994961370507
150124,150119,10.44675848169298
150124,150120,0.16795431642593214
150124,150121,0.3694994961370507
150124,150122,2.1498152502519314
150124,150123,1.3436345314074571
150124,150125,0.26872690628149143
150124,150126,2.2169969768223043
150124,150127,2.9559959690964055
150124,150128,0.20154517971111857
150124,150129,6.751763520322472
150124,150130,1.1084984884111522
150124,150131,1.645952300974135
150124,150132,1.0749076251259657
150124,150133,2.2169969768223043
150124,150134,0.705408128988915
150124,150135,0.47027208599261006
150124,150136,0.3694994961370507
150124,150137,0.8733624454148471
150124,150138,0.16795431642593214
150124,150140,4.971447766207591
150124,150141,0.5710446758481693
150124,150142,4.937856902922405
150124,150143,0.9405441719852201
150125,150101,10.697520942659159
150125,150102,1.8733967023960316
150125,150103,1.2177078565574206
150125,150104,0.30655582402844156
150125,150105,1.2868958029527287
150125,150106,2.2225297242062014
150125,150107,0.0447060576708144
150125,150108,0.7866137290174248
150125,150109,0.04364162772627119
150125,150110,6.827253664300084
150125,150111,0.37680820036829277
150125,150112,4.489765506083217
150125,150113,1.9926128561848702
150125,150114,1.165550789274804
150125,150115,2.6802346003597775
150125,150116,1.1580997796630015
150125,150117,24.218974528191428
150125,150118,0.6365291068368336
150125,150119,0.5396659818834024
150125,150120,0.6493022661713519
150125,150121,0.8707036946363375
150125,150122,2.454575452116619
150125,150123,0.1043141345652336
150125,150124,0.04364162772627119
150125,150126,0.04577048761535759
150125,150127,0.006386579667259199
150125,150128,1.2688004938954942
150125,150129,0.047899347504443995
150125,150130,1.2858313730081854
150125,150131,2.7781621552577516
150125,150132,1.3252152809562838
150125,150133,0.271429635858516
150125,150134,0.3906457896473543
150125,150135,5.878846583712093
150125,150136,2.007514875408475
150125,150137,1.154906489829372
150125,150139,0.1330537430679
150125,150140,2.177823666535387
150125,150141,0.7110392029548576
150125,150142,0.484315624767156
150125,150143,0.14795576229150478
150126,150101,6.160729650662536
150126,150102,0.05162622612287042
150126,150103,2.1166752710376873
150126,150104,0.5850972293925314
150126,150105,0.4990535191877474
150126,150106,0.03441748408191361
150126,150107,0.03441748408191361
150126,150108,5.300292548614697
150126,150109,0.2581311306143521
150126,150110,0.18929616245052486
150126,150111,0.4990535191877474
150126,150112,0.13766993632765445
150126,150113,1.066942006539322
150126,150114,1.9790053347100327
150126,150115,2.977112373085528
150126,150116,0.9292720702116675
150126,150117,0.3958010669420065
150126,150118,0.3958010669420065
150126,150119,27.809327138186195
150126,150120,0.2753398726553089
150126,150121,0.3613835828600929
150126,150122,3.6998795388057135
150126,150123,2.151092755119601
150126,150124,0.18929616245052486
150126,150125,0.08604371020478403
150126,150127,3.4761658922732743
150126,150128,0.2925486146962657
150126,150129,1.6176217518499398
150126,150130,1.411116847358458
150126,150131,2.6157287902254347
150126,150132,1.342281879194631
150126,150133,4.147306831870591
150126,150134,0.7399759077611426
150126,150135,0.2581311306143521
150126,150136,0.6023059714334882
150126,150137,1.256238168989847
150126,150138,0.12046119428669765
150126,150139,0.3097573567372225
150126,150140,6.229564618826363
150126,150141,1.2046119428669764
150126,150142,9.688521769058681
150126,150143,1.6692479779728102
150127,150101,7.1942446043165464
150127,150102,0.07993605115907274
150127,150103,1.079136690647482
150127,150104,0.5195843325339728
150127,150105,0.6794564348521183
150127,150106,0.19984012789768185
150127,150107,0.03996802557953637
150127,150108,3.5171862509992007
150127,150109,0.07993605115907274
150127,150110,0.1199040767386091
150127,150111,0.2398081534772182
150127,150112,0.15987210231814547
150127,150113,1.2390087929656275
150127,150114,2.1183053557154277
150127,150115,1.8784972022382094
150127,150116,0.7993605115907274
150127,150117,0.8393285371702638
150127,150118,0.1199040767386091
150127,150119,26.618705035971225
150127,150120,0.3996802557953637
150127,150121,0.5595523581135092
150127,150122,3.1574740207833734
150127,150123,2.877697841726619
150127,150124,0.7194244604316548
150127,150125,0.1199040767386091
150127,150126,6.514788169464429
150127,150128,0.2398081534772182
150127,150129,9.91207034372502
150127,150130,1.5587529976019185
150127,150131,2.677857713828937
150127,150132,0.5995203836930456
150127,150133,2.238209432454037
150127,150134,0.7194244604316548
150127,150135,0.6794564348521183
150127,150136,0.3996802557953637
150127,150137,0.31974420463629094
150127,150138,0.31974420463629094
150127,150140,7.234212629896083
150127,150141,0.8393285371702638
150127,150142,3.8369304556354913
150127,150143,0.9192645883293364
150128,150101,26.05428639656133
150128,150102,0.10188649207991721
150128,150103,2.192151556156969
150128,150104,0.4903287431346016
150128,150105,3.591498845817082
150128,150106,0.23879646581230599
150128,150107,0.028655575897476717
150128,150108,1.1159754835628433
150128,150109,0.027063599458728015
150128,150110,1.1080156013690996
150128,150111,0.6558942927644671
150128,150112,1.8849001034784687
150128,150113,4.436838334792645
150128,150114,2.0934490169545494
150128,150115,5.425455703255592
150128,150116,4.312664172570246
150128,150117,3.9130780864443206
150128,150118,0.8039481015680968
150128,150119,0.4744089787471146
150128,150120,1.123935365756587
150128,150121,1.552177027779989
150128,150122,4.906471384223513
150128,150123,0.09074265700867627
150128,150124,0.052535222478707316
150128,150125,0.520576295470827
150128,150126,0.04298336384621508
150128,150127,0.0063679057549948254
150128,150129,0.02228767014248189
150128,150130,2.1348404043620155
150128,150131,6.4188490010347845
150128,150132,4.674042824166202
150128,150133,0.39003422749343314
150128,150134,0.6543023163257184
150128,150135,3.3129029690360587
150128,150136,2.010666242139616
150128,150137,1.7655018705723156
150128,150139,0.0063679057549948254
150128,150140,3.0995781262437316
150128,150141,1.4518825121388204
150128,150142,0.5030645546445912
150128,150143,0.17830136113985512
150129,150101,7.0752591257323125
150129,150103,1.081568273997296
150129,150104,0.9013068949977467
150129,150105,0.58584948174853535
150129,150107,0.135196034249662
150129,150108,4.146011716989635
150129,150109,0.09013068949977468
150129,150110,0.04506534474988734
150129,150111,0.09013068949977468
150129,150112,0.135196034249662
150129,150113,1.6674177557458314
150129,150114,2.9292474087426768
150129,150115,1.487156376746282
150129,150116,1.4420910319963949
150129,150117,0.58584948174853535
150129,150118,0.135196034249662
150129,150119,17.890941865705273
150129,150120,0.6309148264984227
150129,150121,0.3605227579990987
150129,150122,3.8305543037404237
150129,150123,2.298332582244254
150129,150124,1.5322217214961695
150129,150125,0.04506534474988734
150129,150126,4.416403785488959
150129,150127,8.246958089229382
150129,150128,0.22532672374943669
150129,150130,1.9378098242451556
150129,150131,2.794051374493015
150129,150132,0.405588102748986
150129,150133,1.9828751689950428
150129,150134,0.7210455159981974
150129,150135,0.540784136998648
150129,150136,0.540784136998648
150129,150137,0.7210455159981974
150129,150138,4.0558810274898605
150129,150140,8.832807570977918
150129,150141,1.35196034249662
150129,150142,3.875619648490311
150129,150143,0.7210455159981974
150130,150101,7.615735188294555
150130,150102,0.05139978754754481
150130,150103,2.8903813864236025
150130,150104,0.7384436144330603
150130,150105,0.9526093958811637
150130,150106,0.05996641880546894
150130,150107,0.04283315628962067
150130,150108,2.2307507795634445
150130,150109,0.0633930713086386
150130,150110,0.21930576020285786
150130,150111,0.3666518178391529
150130,150112,0.2946921152725902
150130,150113,4.204502621389165
150130,150114,7.362162903060001
150130,150115,4.930952952061132
150130,150116,2.1039646369461673
150130,150117,0.5191378542302025
150130,150118,0.42319158414145225
150130,150119,0.6784771956275913
150130,150120,1.1787684610903608
150130,150121,1.1376486310523248
150130,150122,9.43871431998081
150130,150123,0.21587910769968818
150130,150124,0.023986567522187575
150130,150125,0.1593393413973889
150130,150126,0.027413220025357232
150130,150127,0.00513997875475448
150130,150128,0.44375149916047013
150130,150129,0.02055991501901792
150130,150131,14.618099578521743
150130,150132,0.7864167494774356
150130,150133,0.6921838056402699
150130,150134,1.9531919268067026
150130,150135,0.8172566220059624
150130,150136,2.2890038721173287
150130,150137,0.8960696295788644
150130,150138,0.003426652503169654
150130,150139,0.00513997875475448
150130,150140,16.689511016687796
150130,150141,3.9732035774252132
150130,150142,0.6990371106466093
150130,150143,0.2844121577630812
150131,150101,7.9463323084295014
150131,150102,0.027951922692968093
150131,150103,1.5653076708062132
150131,150104,1.4015892664616858
150131,150105,1.0941181168390368
150131,150106,0.04392444994609272
150131,150107,0.035938186319530406
150131,150108,3.2064848460647686
150131,150109,0.04791758175937388
150131,150110,0.23559477698358822
150131,150111,0.19965659066405783
150131,150112,0.33941620412889834
150131,150113,7.083815836760772
150131,150114,6.297168869544384
150131,150115,3.1745397915585194
150131,150116,3.9172623088288145
150131,150117,0.5071277402867068
150131,150118,0.2635466996765563
150131,150119,0.5590384538593619
150131,150120,3.3542307231561717
150131,150121,1.8607994249890187
150131,150122,20.173301920696403
150131,150123,0.2755260951163998
150131,150124,0.015972527253124626
150131,150125,0.16771153615780857
150131,150126,0.035938186319530406
150131,150127,0.003993131813281156
150131,150128,0.39931318132811566
150131,150129,0.015972527253124626
150131,150130,4.867627680389729
150131,150132,0.4632032903406141
150131,150133,0.27153296330311866
150131,150134,0.4791758175937388
150131,150135,0.818592021722637
150131,150136,5.227009543585034
150131,150137,0.47518268578045764
150131,150138,0.003993131813281156
150131,150140,11.620013576648166
150131,150141,2.7911991374835283
150131,150142,0.5670247174859242
150131,150143,0.1557321407179651
150132,150101,22.88039661861145
150132,150102,0.12240841433137761
150132,150103,3.3015736580162165
150132,150104,0.4470401338434324
150132,150105,2.232898316596509
150132,150106,0.17075781936508788
150132,150107,0.07521018560799377
150132,150108,1.3929233354949866
150132,150109,0.05180293396468958
150132,150110,0.6519495170815378
150132,150111,1.7870093590634029
150132,150112,0.9489530051457581
150132,150113,3.5644255822074187
150132,150114,2.9005805765858415
150132,150115,10.340633070225593
150132,150116,2.9063364581374733
150132,150117,1.7643695582936498
150132,150118,1.975418548520163
150132,150119,0.7544042087005906
150132,150120,1.0199422109492216
150132,150121,1.3069688376572794
150132,150122,4.029884537016074
150132,150123,0.1795835044109239
150132,150124,0.057175090079546284
150132,150125,0.49538953887714265
150132,150126,0.05180293396468958
150132,150127,0.016116468344570093
150132,150128,2.418237702559065
150132,150129,0.03184921125236471
150132,150130,3.3441671814982943
150132,150131,5.011070478850973
150132,150133,0.7306132316205108
150132,150134,1.0890127895688078
150132,150135,1.4838662640107751
150132,150136,1.7843232810059746
150132,150137,3.4297379538992265
150132,150138,0.0034535289309793053
150132,150139,0.0092094104826114815
150132,150140,4.511843685606076
150132,150141,1.4209352923795966
150132,150142,0.9078943834107819
150132,150143,0.3587832833850723
150133,150101,7.735585864848109
150133,150102,0.051146931184128955
150133,150103,2.1094234345939245
150133,150104,1.194978301301922
150133,150105,0.8532238065716057
150133,150106,0.05967141971481711
150133,150107,0.05037197768133912
150133,150108,7.696063236205827
150133,150109,0.06354618722876627
150133,150110,0.26735895846249225
150133,150111,0.40685058896466214
150133,150112,0.2758834469931804
150133,150113,2.1830440173589585
150133,150114,2.857253564786113
150133,150115,3.6895536267823927
150133,150116,1.8490390576565405
150133,150117,0.819125852448853
150133,150118,0.4827960322380657
150133,150119,1.7428704277743334
150133,150120,0.736205827650341
150133,150121,0.8121512709237446
150133,150122,8.843769373837569
150133,150123,0.4293242405455673
150133,150124,0.0875697458152511
150133,150125,0.19528828270303783
150133,150126,0.16274023558586487
150133,150127,0.04107253564786113
150133,150128,0.5998140111593305
150133,150129,0.07517048977061377
150133,150130,4.747365158090515
150133,150131,5.348729076255425
150133,150132,1.2190018598884067
150133,150134,1.1492560446373217
150133,150135,0.5509919404835709
150133,150136,1.0283632982021078
150133,150137,1.5297582145071296
150133,150138,0.003874767513949163
150133,150139,0.005424674519528829
150133,150140,15.768753874767514
150133,150141,3.8677929324240545
150133,150142,7.135771853688778
150133,150143,4.30564166150031
150134,150101,9.970650241825473
150134,150102,0.028936381298830142
150134,150103,7.052209499400604
150134,150104,0.4960522508370882
150134,150105,1.4096151461287256
150134,150106,0.037203918812781615
150134,150107,0.062006531354636026
150134,150108,1.3352073085031624
150134,150109,0.037203918812781615
150134,150110,0.23975858790459262
150134,150111,0.8226199826381713
150134,150112,0.3224339630441073
150134,150113,3.484767062130544
150134,150114,4.733165226737216
150134,150115,16.634285478070357
150134,150116,3.4268942995328846
150134,150117,0.7192757637137779
150134,150118,0.6117977760324088
150134,150119,0.6572692323591418
150134,150120,0.8928940515067587
150134,150121,1.198792939522963
150134,150122,4.551279401430284
150134,150123,0.2149559753627382
150134,150124,0.05373899384068455
150134,150125,0.13228060022322352
150134,150126,0.00826753751395147
150134,150127,0.004133768756975735
150134,150128,0.5869951634905544
150134,150129,0.00826753751395147
150134,150130,10.470836261419535
150134,150131,6.642966392460006
150134,150132,1.3310735397461866
150134,150133,0.6572692323591418
150134,150135,0.5952627010045058
150134,150136,1.6452399652763425
150134,150137,2.5836054731098343
150134,150139,0.00826753751395147
150134,150140,7.895498325823653
150134,150141,2.0792856847587946
150134,150142,0.8928940515067587
150134,150143,0.3224339630441073
150135,150101,15.299571340609692
150135,150102,0.1800134127640883
150135,150103,1.4012808797518246
150135,150104,0.3517909177546562
150135,150105,2.446456794820006
150135,150106,0.5188621897317839
150135,150107,0.03764986410752174
150135,150108,0.9581106043195375
150135,150109,0.02784521199618795
150135,150110,2.6103905781215073
150135,150111,0.48474200038434234
150135,150112,4.417191869198097
150135,150113,3.492417082057094
150135,150114,1.555802197026445
150135,150115,2.9453174942446694
150135,150116,1.904847812189928
150135,150117,16.123946490130635
150135,150118,0.526705911420851
150135,150119,0.4635639518238614
150135,150120,1.1432224361815193
150135,150121,1.8287637118059776
150135,150122,3.303383389350579
150135,150123,0.09216372984653759
150135,150124,0.03372800326298822
150135,150125,1.2824484961624592
150135,150126,0.02706083982728125
150135,150127,0.012549954702507245
150135,150128,2.1636906279291397
150135,150129,0.017648373800400814
150135,150130,1.6107082488499143
150135,150131,4.726234503747338
150135,150132,1.3161764994254472
150135,150133,0.28551146948203987
150135,150134,0.4333656233209533
150135,150136,3.9677466164145567
150135,150137,1.2224440252410964
150135,150138,0.0011765582533600544
150135,150139,0.015295257293680706
150135,150140,2.5092065683325426
150135,150141,1.0887085704425035
150135,150142,0.382773618426471
150135,150143,0.14314792082547328
150136,150101,12.51976326062319
150136,150102,0.061563431321794856
150136,150103,1.2746428621398889
150136,150104,0.5764575841949882
150136,150105,3.057184032684585
150136,150106,0.11613101817520392
150136,150107,0.029382546767220272
150136,150108,1.5726658364931232
150136,150109,0.025185040086188805
150136,150110,0.45752822823242995
150136,150111,0.33300219669516307
150136,150112,0.5050999706174533
150136,150113,6.721607365225056
150136,150114,2.729778511564131
150136,150115,2.325418701291433
150136,150116,2.657021729092919
150136,150117,1.4187572581886359
150136,150118,0.2854304543101398
150136,150119,0.49530578836171313
150136,150120,7.559709532537672
150136,150121,5.784164206461362
150136,150122,7.987855214002883
150136,150123,0.12872353821829832
150136,150124,0.026584208979865957
150136,150125,0.2896279609911713
150136,150126,0.026584208979865957
150136,150127,0.0027983377873543112
150136,150128,0.6352226777294288
150136,150129,0.013991688936771558
150136,150130,2.829119503015209
150136,150131,12.17137020609758
150136,150132,0.7065802913069636
150136,150133,0.23785871192511646
150136,150134,0.42114983699682385
150136,150135,1.3627905024415496
150136,150137,0.7191728113500581
150136,150138,0.0055966755747086224
150136,150139,0.004197506681031467
150136,150140,4.516517188789859
150136,150141,1.7797428327573421
150136,150142,0.4281456814652097
150136,150143,0.11613101817520392
150137,150101,12.063367829086587
150137,150102,0.06377366147780966
150137,150103,17.8058961648839
150137,150104,0.26379105429457633
150137,150105,1.3247528770617734
150137,150106,0.12464852016117343
150137,150107,0.1782763718584225
150137,150108,1.092848653506102
150137,150109,0.15073774531118647
150137,150110,0.3652491521001826
150137,150111,4.058323912224251
150137,150112,0.7478911209670407
150137,150113,2.3567266718845117
150137,150114,9.400817462388034
150137,150115,9.332695596718557
150137,150116,2.4002087138012
150137,150117,1.6015885439313564
150137,150118,2.2291793489288922
150137,150119,0.8290575992115256
150137,150120,0.6565788329419949
150137,150121,0.8377540075948634
150137,150122,2.624865930370757
150137,150123,0.33915992695016955
150137,150124,0.0246398237527901
150137,150125,0.34785633533350724
150137,150126,0.05072904890280314
150137,150127,0.005797605588891788
150137,150128,1.1073426674783315
150137,150129,0.020291619561121257
150137,150130,2.7335710351624782
150137,150131,3.597414267907354
150137,150132,3.552482824593443
150137,150133,0.5217845030002608
150137,150134,2.4436907557178884
150137,150135,0.9667507319477057
150137,150136,1.22474418065339
150137,150139,0.010145809780560629
150137,150140,5.000434820419167
150137,150141,1.118937878656115
150137,150142,0.7203524944198046
150137,150143,0.3695973562918515
150138,150101,3.2663316582914574
150138,150103,1.0050251256281406
150138,150104,0.7537688442211055
150138,150105,0.25125628140703515
150138,150107,0.7537688442211055
150138,150108,1.7587939698492463
150138,150111,0.25125628140703515
150138,150113,1.507537688442211
150138,150114,3.015075376884422
150138,150115,0.7537688442211055
150138,150116,1.507537688442211
150138,150117,0.5025125628140703
150138,150119,14.824120603015075
150138,150120,0.25125628140703515
150138,150121,0.7537688442211055
150138,150122,3.7688442211055273
150138,150123,1.256281407035176
150138,150124,1.0050251256281406
150138,150126,2.261306532663317
150138,150127,3.2663316582914574
150138,150129,31.909547738693465
150138,150130,1.7587939698492463
150138,150131,3.015075376884422
150138,150132,1.0050251256281406
150138,150133,1.7587939698492463
150138,150134,0.25125628140703515
150138,150135,0.5025125628140703
150138,150136,0.5025125628140703
150138,150137,0.25125628140703515
150138,150139,0.25125628140703515
150138,150140,7.788944723618091
150138,150141,0.7537688442211055
150138,150142,3.5175879396984926
150138,150143,0.5025125628140703
150139,150101,8.537284894837475
150139,150102,9.818355640535373
150139,150103,0.8699808795411089
150139,150104,0.2772466539196941
150139,150105,1.0038240917782026
150139,150106,0.9369024856596557
150139,150107,0.02868068833652008
150139,150108,0.5353728489483747
150139,150109,0.04780114722753346
150139,150110,2.9254302103250476
150139,150111,0.2963671128107075
150139,150112,2.294455066921606
150139,150113,1.309751434034417
150139,150114,0.9560229445506693
150139,150115,2.1510516252390057
150139,150116,0.7743785850860421
150139,150117,11.166347992351817
150139,150118,0.42065009560229444
150139,150119,0.3154875717017208
150139,150120,0.44933078393881454
150139,150121,0.5353728489483747
150139,150122,1.6347992351816443
150139,150123,0.08604206500956023
150139,150124,0.019120458891013385
150139,150125,13.40344168260038
150139,150126,0.03824091778202677
150139,150128,0.6596558317399618
150139,150129,0.04780114722753346
150139,150130,1.0038240917782026
150139,150131,1.9311663479923518
150139,150132,1.309751434034417
150139,150133,0.6596558317399618
150139,150134,0.3154875717017208
150139,150135,3.9388145315487573
150139,150136,1.653919694072658
150139,150137,0.7552581261950287
150139,150140,1.7495219885277247
150139,150141,0.5831739961759081
150139,150142,0.6883365200764818
150139,150143,0.19120458891013384
150140,150101,7.723031117243383
150140,150102,0.03630950219672489
150140,150103,2.435641407356305
150140,150104,4.828437602120475
150140,150105,0.805344758723358
150140,150106,0.044297592680004355
150140,150107,0.03703569224065938
150140,150108,7.391162267165317
150140,150109,0.04865473294361134
150140,150110,0.22003558331215278
150140,150111,0.3674521622308558
150140,150112,0.28974982752986456
150140,150113,3.9344976580371083
150140,150114,7.263352819432846
150140,150115,2.9120220761773354
150140,150116,1.9824988199411788
150140,150117,0.7065829127482662
150140,150118,0.43571402636069856
150140,150119,1.0965469663410916
150140,150120,1.1894992919647072
150140,150121,1.055154133836825
150140,150122,14.968229185577867
150140,150123,0.33186885007806544
150140,150124,0.05519044333902182
150140,150125,0.14669038887476854
150140,150126,0.06608329399803929
150140,150127,0.02469046149377292
150140,150128,0.4320830761410261
150140,150129,0.042119022548200866
150140,150130,6.102901129225518
150140,150131,12.809266184960604
150140,150132,0.8663447224138557
150140,150133,2.8408554518717546
150140,150134,0.8372971206564759
150140,150135,0.6615591300243273
150140,150136,2.0819868559602046
150140,150137,0.907737554918122
150140,150138,0.005083330307541483
150140,150139,0.004357140263606986
150140,150141,4.211176064776152
150140,150142,1.86485603282379
150140,150143,0.9970589303220654
150141,150101,8.029602220166513
150141,150102,0.030064754856614247
150141,150103,1.4130434782608696
150141,150104,1.6373728029602221
150141,150105,0.9805735430157262
150141,150106,0.05319148936170213
150141,150107,0.039315448658649395
150141,150108,3.055041628122109
150141,150109,0.04625346901017577
150141,150110,0.18501387604070307
150141,150111,0.2913968547641073
150141,150112,0.26595744680851063
150141,150113,3.459759481961147
150141,150114,3.425069380203515
150141,150115,2.902405180388529
150141,150116,2.641073080481036
150141,150117,0.6845513413506013
150141,150118,0.24514338575393155
150141,150119,0.6036077705827937
150141,150120,1.2303422756706752
150141,150121,1.0661424606845513
150141,150122,18.75578168362627
150141,150123,0.2590194264569843
150141,150124,0.032377428307123035
150141,150125,0.12488436632747456
150141,150126,0.032377428307123035
150141,150127,0.006938020351526365
150141,150128,0.4278445883441258
150141,150129,0.025439407955596672
150141,150130,8.311748381128584
150141,150131,13.681776133209992
150141,150132,0.7377428307123035
150141,150133,1.103145235892692
150141,150134,0.7493061979648474
150141,150135,0.566604995374653
150141,150136,1.8246993524514337
150141,150137,0.7654949121184089
150141,150138,0.002312673450508788
150141,150139,0.002312673450508788
150141,150140,12.830712303422755
150141,150142,0.8926919518963923
150141,150143,0.44403330249768735
150142,150101,8.937252197896914
150142,150102,0.09739700051715222
150142,150103,2.1298052059989656
150142,150104,0.9868988105499052
150142,150105,0.8395104292363386
150142,150106,0.07584899155318049
150142,150107,0.05602482330632649
150142,150108,6.423892432339253
150142,150109,0.07326323047750387
150142,150110,0.2801241165316325
150142,150111,0.41803137390105155
150142,150112,0.32063437338389933
150142,150113,1.8298569212204792
150142,150114,2.424581968626099
150142,150115,4.354421651439408
150142,150116,1.7703844164799174
150142,150117,1.1075676607481468
150142,150118,0.6567833132218582
150142,150119,5.618858817445268
150142,150120,0.7240131011894502
150142,150121,0.6878124461299775
150142,150122,7.038441647991725
150142,150123,0.8024478538183073
150142,150124,0.11291156697121187
150142,150125,0.2516807446991898
150142,150126,0.35424926736769524
150142,150127,0.09136355800724014
150142,150128,0.6369591449750043
150142,150129,0.1344595759351836
150142,150130,4.1199793139113945
150142,150131,4.784519910360283
150142,150132,1.390277538355456
150142,150133,8.405447336666091
150142,150134,1.324771591104982
150142,150135,0.5757627995173247
150142,150136,0.9369074297534908
150142,150137,1.8152042751249784
150142,150138,0.0025857610756766076
150142,150139,0.005171522151353215
150142,150140,11.938458886398896
150142,150141,3.3882089294949145
150142,150143,5.846405792104809
150143,150101,6.945336212934859
150143,150102,0.06055918748540742
150143,150103,1.8875496147560122
150143,150104,1.095902404856409
150143,150105,0.717954704646276
150143,150106,0.08901470931590007
150143,150107,0.04231846836329676
150143,150108,4.871731263133318
150143,150109,0.07952953537240252
150143,150110,0.21669974317067475
150143,150111,0.34219589073079615
150143,150112,0.25828858276908706
150143,150113,1.6854424468830258
150143,150114,2.4982488909642777
150143,150115,3.361399719822554
150143,150116,1.687631333177679
150143,150117,0.8266693906140555
150143,150118,0.49031053000233477
150143,150119,3.205259164137287
150143,150120,0.6362362829792202
150143,150121,0.6807436376371702
150143,150122,7.904798038757881
150143,150123,0.8135360728461358
150143,150124,0.07004436142890498
150143,150125,0.18678496381041326
150143,150126,0.18459607751576
150143,150127,0.05545178613121644
150143,150128,0.4406957739901938
150143,150129,0.0955813681998599
150143,150130,4.414254027550782
150143,150131,4.8345201961242115
150143,150132,1.2863355124912446
150143,150133,11.026879523698343
150143,150134,1.076932056969414
150143,150135,0.4946883025916414
150143,150136,0.8587730562689704
150143,150137,1.4140205463460191
150143,150138,0.0036481438244221343
150143,150139,0.004377772589306561
150143,150140,13.733802241419566
150143,150141,3.8852731730095726
150143,150142,10.123599112771423
