ubigeo,district,population_permanent,total_centrality_strength_intra,study_centrality_strength_intra,work_centrality_strength_intra,total_centrality_degree_in,study_centrality_degree_in,work_centrality_degree_in,total_centrality_degree_out,study_centrality_degree_out,work_centrality_degree_out,total_centrality_degree_all,study_centrality_degree_all,work_centrality_degree_all,total_centrality_strength_in,study_centrality_strength_in,work_centrality_strength_in,total_centrality_strength_out,study_centrality_strength_out,work_centrality_strength_out,total_centrality_strength_all,study_centrality_strength_all,work_centrality_strength_all,total_centrality_closeness_in,study_centrality_closeness_in,work_centrality_closeness_in,total_centrality_closeness_out,study_centrality_closeness_out,work_centrality_closeness_out,total_centrality_closeness_all,study_centrality_closeness_all,work_centrality_closeness_all,total_centrality_betweenness_weighted,study_centrality_betweenness_weighted,work_centrality_betweenness_weighted,total_centrality_eigenvector_weighted,study_centrality_eigenvector_weighted,work_centrality_eigenvector_weighted,total_centrality_pagerank_weighted,study_centrality_pagerank_weighted,work_centrality_pagerank_weighted,total_structural_eccentricity_in,study_structural_eccentricity_in,work_structural_eccentricity_in,total_structural_eccentricity_out,study_structural_eccentricity_out,work_structural_eccentricity_out,total_structural_eccentricity_all,study_structural_eccentricity_all,work_structural_eccentricity_all,total_structural_transitivity_local,study_structural_transitivity_local,work_structural_transitivity_local,total_structural_transitivity_weighted,study_structural_transitivity_weighted,work_structural_transitivity_weighted,total_structural_knn_outout,study_structural_knn_outout,work_structural_knn_outout,total_structural_knn_outin,study_structural_knn_outin,work_structural_knn_outin,total_structural_knn_inout,study_structural_knn_inout,work_structural_knn_inout,total_structural_knn_inin,study_structural_knn_inin,work_structural_knn_inin,total_structural_constraint_weighted,study_structural_constraint_weighted,work_structural_constraint_weighted
070101,CALLAO,434911,191113,88452,106825,1,0.9795918367346939,1,1,0.9183673469387755,1,2,1.8979591836734695,2,143575,29157,116004,110506,41836,70659,254081,70993,186663,1237.308516592194,421.85580630125503,761.9024615228998,739.3826788623355,106.49433583666338,537.7036224043704,1594.8815812566945,661.8980478049918,1092.3440858776823,0.3201530612244898,0.18239795918367346,0.334608843537415,0.26704067162815803,0.13877040012924127,0.2430407453325476,0.009938729451598625,0.007864974363986964,0.0092942033610784,1,2,1,1,2,1,1,2,1,0.9931972789115647,0.972517730496454,0.9914965986394558,0.9980604938320194,0.9938819260274687,0.9974114446890922,48.4170452283134,42.94105555024381,48.32470032126127,48.730973883771014,47.86963380820346,48.667728102577165,48.66639735329967,44.594608498816754,48.56997172511293,47.89962737245342,46.246493123435194,47.646486328057655,0.1701762947171156,0.2171364790108576,0.1593855149305238
070102,BELLAVISTA,71626,22422,10877,12002,0.9795918367346939,0.9591836734693877,0.9795918367346939,0.9591836734693877,0.8775510204081632,0.9387755102040817,1.9387755102040816,1.836734693877551,1.9183673469387754,20301,9124,11375,28053,9859,18663,48354,18983,30038,979.078099488881,370.75549372645503,540.006586491994,639.778509241706,100.14985177150244,468.52280279892227,1209.605119536883,538.8807535697391,836.5219964013162,0,0,0,0.3161992260609714,0.41564997638356255,0.36510428579638426,0.017732875124734874,0.01912315683214354,0.019695710366226356,2,2,2,2,2,2,2,2,2,0.9982269503546098,0.972517730496454,0.9973404255319149,0.99980375229139,0.9868572216350352,0.9983906909404117,48.400456279185825,42.271021401764884,48.29266463055243,48.74701457954586,48.115833248808194,48.71038954080266,48.78956701640313,43.84831214379658,48.633054945054944,47.71666420373381,45.31576063130206,47.56694505494505,0.19665684611387566,0.22978398263983682,0.18680291261657003
070103,CARMEN DE LA LEGUA REYNOSO,41106,14600,7281,7509,0.9387755102040817,0.6122448979591837,0.9387755102040817,1,0.8775510204081632,1,1.9387755102040816,1.489795918367347,1.9387755102040816,6674,1160,5530,14428,4781,9900,21102,5941,15430,667.0232994996146,262.91256239164346,380.75004566902726,583.0727573637848,96.05469428400876,423.121690604265,1134.647202952144,462.8387742345351,760.9008616498618,0,0,0,0.4270460783377488,0.6875490466614194,0.38961076235177694,0.026897291518134556,0.04035073389473746,0.024394573343712016,2,2,2,1,2,1,1,2,1,0.9931972789115647,0.990909090909091,0.9914965986394558,0.9982268663317853,0.9994300010711389,0.9974778569885504,48.5088023288051,43.0196611587534,48.42484848484848,48.790962018297755,48.38088266053127,48.69616161616162,48.723404255319146,44.8051724137931,48.58462929475588,47.58121066826491,46.720689655172414,47.178300180831826,0.21203671557455375,0.2601090042182396,0.20200535316852541
070104,LA PERLA,59524,14327,6519,8008,0.9387755102040817,0.8775510204081632,0.9387755102040817,1,0.8571428571428571,0.9795918367346939,1.9387755102040816,1.7346938775510203,1.9183673469387754,7823,2653,5218,27697,10392,17747,35520,13045,22965,667.163637165093,260.7082197765818,386.9380070478651,630.3746772094619,100.19418141451479,461.287896432777,1145.0077938345582,510.35894956582797,802.6664183799761,0,0,0,0.326048077584838,0.4867245476157107,0.3329889883407021,0.021707674159959174,0.027540754504886206,0.020360435068162482,2,2,2,1,2,2,1,2,2,0.9931972789115647,0.990909090909091,0.9920212765957447,0.9968374624624624,0.9992874316178264,0.9974920206975462,48.205256887027474,42.114030023094685,48.12373922353074,48.80564682095534,48.30513856812933,48.77252493379163,48.44675955515787,43.87033546928006,48.36163280950556,48.15364949507862,46.78741047870336,47.954005366040626,0.19794907915884663,0.2606084537207458,0.18373481166640507
070105,LA PUNTA,3633,900,296,610,0.9795918367346939,0.8571428571428571,0.9795918367346939,0.7755102040816326,0.5306122448979592,0.7551020408163265,1.7551020408163265,1.3877551020408163,1.7346938775510203,3170,753,2459,1579,640,973,4749,1393,3432,405.42543852666483,140.86202533006562,261.32911900471106,252.3317488449585,49.61699826787777,191.14304885245545,433.9544950354482,157.22599930146805,290.1319582180003,0,0,0,0.5894861658414008,0.7038404911700767,0.6664049679034534,0.031276661190380556,0.037193225679220676,0.03513362523816111,2,2,2,2,3,2,2,2,2,0.9946808510638298,0.991140642303433,0.9929078014184397,0.9975179545077799,0.9967353775681127,0.9964724991320736,48.231792273590884,42.3078125,48.26310380267215,48.85940468651045,48.4890625,48.83658787255909,48.570977917981075,43.88844621513944,48.40992273281822,47.96845425867508,46.418326693227094,47.750711671411146,0.18485778957073493,0.2018808648346633,0.18379410009194885
070106,VENTANILLA,305480,134644,79409,57591,0.9591836734693877,0.8367346938775511,0.9387755102040817,1,0.9387755102040817,1,1.9591836734693877,1.7755102040816326,1.9387755102040816,21158,6068,15323,76244,22044,55379,97402,28112,70702,856.9042592788605,289.9306219306797,540.7964707903194,724.5449783533097,105.26363061661826,532.3703924889653,1462.4850043933643,593.7378711574017,1011.5499457739897,0.025935374149659865,0.09948979591836735,0.022108843537414966,0.46236552406056697,0.5261859911803168,0.2877436179063507,0.024996109171822378,0.028359556333263303,0.015525147190081308,2,2,2,1,2,1,1,2,1,0.9931972789115647,0.9824236817761332,0.9914965986394558,0.9949750775138088,0.9894923411942292,0.9953236824983734,48.518689995278315,43.6115496280167,48.4695642752668,48.25398719899271,46.39153511159499,48.333483811553116,48.41275167785235,44.26450230718523,48.429680871891925,44.70999149257964,34.87359920896506,45.309404163675524,0.19524822879730827,0.23639101660594367,0.19340609349288854
070107,MI PERU,43887,15985,9864,6259,0.5918367346938775,0.2653061224489796,0.5714285714285714,0.9795918367346939,0.8775510204081632,0.9795918367346939,1.5714285714285714,1.1428571428571428,1.5510204081632653,1407,738,677,15018,4623,10622,16425,5361,11299,476.6738403909833,197.51267337962173,248.35015945188297,602.143276313932,98.11730120696937,457.2826811738364,1016.5538064650787,417.6047383181213,757.9100114464148,0,0,0,0.7680251052712476,0.4856984628613577,0.7259969826159641,0.0625660898148231,0.031331931597059666,0.06188909255190827,2,2,2,2,2,2,2,2,2,0.9982269503546098,0.9966777408637875,0.9973404255319149,0.9998976650798277,0.9997335251951928,0.9997043609583224,48.63570382208017,44.24745836037205,48.58115232536245,48.23684911439606,45.6469824789098,48.11174919977405,48.859275053304906,45.81436314363144,48.85967503692762,47.08102345415778,41.33468834688347,46.53471196454948,0.2540943213259993,0.33138390540421486,0.24728411415245433
150101,LIMA,257461,103699,44656,62700,1,1,1,1,0.8979591836734694,1,2,1.8979591836734695,2,395877,135548,271794,83062,31053,53299,478939,166601,325093,1499.946893496191,604.1839087316458,875.3369069307145,691.3816493415916,102.86664021743734,506.0599461967698,1668.4654376394872,696.3645753163873,1149.9949999215032,0.3550170068027211,0.35841836734693877,0.3388605442176871,0.024690754730329723,0.0203401120950273,0.03959486079768802,0.0037166177292459117,0.003690205984551227,0.004092038594452078,1,1,1,1,2,1,1,1,1,0.9931972789115647,0.951530612244898,0.9914965986394558,0.9983687901799603,0.9846872167634048,0.997805948349139,48.24378175338904,42.249508904131645,48.185031614101575,48.8822566275794,48.37394132611986,48.77738794348862,48.64892378188175,44.63176881990144,48.60695968270087,48.4326343788601,47.004264172101394,48.26623840114204,0.13184787957560096,0.12570306951838953,0.13715615433726158
150102,ANCON,59255,24015,12602,11954,0.9591836734693877,0.6530612244897959,0.9591836734693877,0.9795918367346939,0.8775510204081632,0.9591836734693877,1.9387755102040816,1.530612244897959,1.9183673469387754,7940,1916,6092,16258,5279,11256,24198,7195,17348,575.6284637529839,189.8384873632831,396.2994779084763,605.6355359344913,100.36460024663327,434.455238728609,1017.2544692935053,462.56629022826195,688.7703001995272,0.02040816326530612,0.02040816326530612,0.02040816326530612,0.4202439229248072,0.785742440656378,0.4799946382431962,0.025283774086666152,0.04042788562289184,0.026165546876431137,2,2,2,2,2,2,2,2,2,0.9982269503546098,0.9838383838383838,0.9973404255319149,0.9988182599933527,0.985235959315181,0.9992984659461633,48.509656784352316,44.21538170107975,48.47237029140014,48.16078238405708,46.1352528888047,48.14587775408671,48.44282115869018,44.998434237995824,48.52790544977019,46.55667506297229,37.18684759916493,46.79267892317794,0.21973733247258537,0.3069041414260373,0.20168777662137277
150103,ATE,579105,270555,135664,143098,1,0.9795918367346939,1,1,0.9183673469387755,1,2,1.8979591836734695,2,92195,19312,73970,148647,50500,100337,240842,69812,174307,1058.429082836944,417.72685259694134,674.5309500363211,754.317368171634,106.3749138645704,556.3625846856228,1575.8760715556077,669.2611820312924,1072.6255332123687,0.1296768707482993,0.11096938775510204,0.1602891156462585,0.12082453835648893,0.29836744644399393,0.1500043365445699,0.006841776408980971,0.013628120839562686,0.007374607831978649,1,2,1,1,2,1,1,1,1,0.9931972789115647,0.951530612244898,0.9914965986394558,0.9994066822508809,0.9839369186768273,0.9965713033135024,48.3529300961338,42.79225742574258,48.333217058512815,48.75747912840488,48.151445544554456,48.54802316194425,48.48027550300993,43.236640430820216,48.424077328646746,48.47257443462227,46.57430613090307,48.21593889414628,0.15299715858307159,0.1820366524350629,0.15126457567813498
150104,BARRANCO,32895,9497,4078,5567,1,0.9795918367346939,1,0.9183673469387755,0.7346938775510204,0.9183673469387755,1.9183673469387754,1.7142857142857142,1.9183673469387754,28842,10987,17989,14789,4379,10679,43631,15366,28668,1095.5084396251002,479.3697761133705,580.9670071966603,532.3119326598284,92.15360643535476,379.29427751318264,1277.9377301519735,559.8094541478109,774.7190164562915,0,0,0,0.17246762270113764,0.5248647014239641,0.17671443528269687,0.0104830625337072,0.0228956846616452,0.010438282430978689,1,2,1,2,2,2,1,2,1,0.9931972789115647,0.972517730496454,0.9914965986394558,0.9995382678982069,0.9990113569333787,0.9992122459420492,48.09946581918994,42.6019639187029,48.06480007491338,48.965109202785854,48.82279059145924,48.93735368480195,48.30115803342348,44.36998270683535,48.29429095558397,48.76700644892865,48.57604441612815,48.569848240591476,0.2124333130370309,0.32543820147839747,0.18001734959956475
150105,BREÃ‘A,81222,25212,12037,13723,1,0.9795918367346939,1,1,0.8367346938775511,1,2,1.816326530612245,2,59144,26750,32999,36273,12506,24552,95417,39256,57551,1269.7615450075023,545.5289159011654,669.1982516641815,639.500557007625,99.54468122892484,465.81334847206745,1393.8027539059187,619.0102819651225,957.8279751940648,0,0,0,0.3008067121054039,0.1108967802112406,0.32405895293710535,0.011477579589274228,0.0072882434774626656,0.01250382390763193,1,2,1,1,2,1,1,2,1,0.9931972789115647,0.972517730496454,0.9914965986394558,0.9987877771606039,0.9969458524296597,0.9983474802059622,48.235767650869796,42.54989604989605,48.23725154773542,48.921732418051995,48.68870941947865,48.83451449983708,48.64185716218044,44.148859813084115,48.59741204278917,48.51963005545787,47.621233644859814,48.28906936573836,0.17463434016314003,0.20106237840650557,0.1663846446954865
150106,CARABAYLLO,320618,126254,69307,58620,0.9183673469387755,0.8571428571428571,0.9183673469387755,1,0.9591836734693877,1,1.9183673469387754,1.816326530612245,1.9183673469387754,15971,3620,12440,101003,35909,66800,116974,39529,79240,865.1498953232567,330.90003384359693,533.1730310371784,728.4583265489501,105.77848873300005,530.4549303242338,1487.763266099566,626.150662876864,1027.5053343205218,0,0.02040816326530612,0,0.2024661886565639,0.8745261214835156,0.2318168549984758,0.01569354050911449,0.041987567735106944,0.015839230324702448,2,2,2,1,2,1,1,2,1,0.9931972789115647,0.9759481961147086,0.9914965986394558,0.9973215201668747,0.9897758057650574,0.99719707008245,48.60809084878667,44.02542538082375,48.55052395209581,48.502707840361175,47.19195744799354,48.50440119760479,48.78805334669088,44.901933701657455,48.73890675241157,47.96005259532903,45.0732044198895,47.89139871382637,0.23024955349937715,0.3462804398773779,0.202275587977201
150107,CHACLACAYO,41235,15244,7549,7920,1,0.8775510204081632,1,0.9387755102040817,0.7959183673469388,0.9387755102040817,1.9387755102040816,1.6734693877551021,1.9387755102040816,8445,4152,4342,14268,5262,9330,22713,9414,13672,803.9634228858397,346.73139232002956,470.6112036929959,611.3622996204823,99.06117680196385,449.07922639927324,1070.852675400383,502.6300487132746,732.2930500003732,0,0,0,0.8524901639426841,0.8345192112296567,0.9999999999999999,0.04745217644208554,0.0396320312567494,0.05489420762967433,1,2,1,2,2,2,1,2,1,0.9931972789115647,0.98989898989899,0.9914965986394558,0.9997422548026828,0.9998648048361242,0.9984838233859957,48.64325763947295,43.37666286583048,48.59474812433012,48.67500700869078,47.385404789053595,48.60471596998928,48.916400236826526,44.09657996146436,48.85375403040074,48.44914150384843,46.579961464354525,48.33901427913404,0.35119257452165414,0.44617314711532824,0.307377132989698
150108,CHORRILLOS,304295,134731,66431,72020,1,1,1,0.9795918367346939,0.9387755102040817,0.9795918367346939,1.9795918367346939,1.9387755102040816,1.9795918367346939,67530,21064,47381,90230,29436,62323,157760,50500,109704,1156.7523145628427,486.76584985750577,655.6294581977129,729.5462061322116,105.4949396542918,532.6987651313839,1489.4407056958091,629.9642695570062,1019.7891836867941,0.12627551020408162,0.1951530612244898,0.003401360544217687,0.06242245380228386,0.10872786849545742,0.1493622713461669,0.005638950884488292,0.007670906807479589,0.007721142426207239,1,1,1,2,2,2,1,1,1,0.9931972789115647,0.951530612244898,0.9914965986394558,0.9995293483772819,0.9934587458745875,0.9991718244852816,48.019649783885626,42.23902704171763,47.99650209393001,48.93747090768037,48.59484984372877,48.88434446352069,48.440337627721014,43.85786175465249,48.33667503851755,48.686642973493264,47.81247626281808,48.46132415947321,0.1704199725998476,0.2055474539830468,0.16431264837005632
150109,CIENEGUILLA,32697,13049,5956,7339,0.9591836734693877,0.6938775510204082,0.9591836734693877,0.9387755102040817,0.8367346938775511,0.9387755102040817,1.8979591836734695,1.530612244897959,1.8979591836734695,2789,591,2217,10802,4506,6438,13591,5097,8655,346.82747387131377,124.78696968661437,211.45529835946002,606.9055402542315,99.61323367814063,411.1623110501925,1044.1138051898345,465.98107492486935,644.8392326565032,0,0,0,0.55834969925195,1,0.58467748525866,0.04066683643555967,0.06443861460087152,0.04124953253171528,2,2,2,2,2,2,2,2,2,0.9982269503546098,0.98647342995169085,0.9973404255319149,0.9999733866435392,0.9994986157434657,0.9999287092690242,48.49416774671357,42.48335552596538,48.41488039763902,48.9152934641733,48.74189968930315,48.80677228953091,48.44747221226246,43.02707275803723,48.16328371673433,48.69594836859089,48.287648054145514,48.51465944970681,0.24700620273072305,0.3431553006288523,0.21071094563145729
150110,COMAS,504617,205037,108039,101013,0.9795918367346939,0.9183673469387755,0.9795918367346939,1,0.9183673469387755,1,1.9795918367346939,1.836734693877551,1.9795918367346939,51963,17648,34945,150068,45928,106765,202031,63576,141710,971.10505219485,376.6749600992082,593.3220511429614,740.4601542294913,105.96108694233584,554.7514757362163,1571.7573276329788,649.3572223091236,1082.6405050945637,0.023809523809523808,0.0391156462585034,0.036564625850340135,0.4351087892371057,0.4485441118885039,0.414056377371245,0.018411275201463757,0.02082025460005666,0.01693816956766538,2,2,2,1,2,1,1,2,1,0.9931972789115647,0.9824236817761332,0.9914965986394558,0.9982655302074104,0.9958827093625705,0.9978327217556983,48.583095663299304,43.66356035533879,48.51789444106215,48.587506996828104,48.0271947395924,48.53857537582541,48.7862710005196,45.56402991840435,48.73541279152955,47.13723226141678,44.5231754306437,47.21138932608385,0.19897787243692325,0.296469113946597,0.17863115853618677
150111,EL AGUSTINO,191624,62587,31309,32132,1,0.9795918367346939,0.9591836734693877,1,0.9387755102040817,1,2,1.9183673469387754,1.9591836734693877,21541,6121,15596,77873,26629,52405,99414,32750,68001,799.235793535794,334.7777303016832,522.7869068965778,733.1128085048506,105.99980413078904,535.3456253224883,1501.9423208441979,632.3945813667195,1020.4007463669493,0,0,0,0.6380491384535293,0.5297546192604448,0.36472346748980466,0.022940997019199407,0.022471093404699646,0.01564065062600209,1,2,2,1,2,1,1,2,1,0.9931972789115647,0.972517730496454,0.9914965986394558,0.9994557691404966,0.9984869254507065,0.9976446424807478,48.515082249303354,43.77148972924255,48.50552428203416,48.85083405031269,48.41345901085283,48.755233279267244,48.64927347848289,44.75526874693678,48.6122723775327,48.55693793231512,47.446168926645974,48.41574762759682,0.1999442209576955,0.2297760423071407,0.19886407222532962
150112,INDEPENDENCIA,204990,77061,41934,36698,0.9795918367346939,0.9387755102040817,0.9795918367346939,1,0.8775510204081632,1,1.9795918367346939,1.816326530612245,1.9795918367346939,53511,24324,30198,65914,20018,46853,119425,44342,77051,1024.4694085678125,398.46692916074096,610.2981950293442,704.3421059392911,104.1146884212063,514.7086553583388,1459.6720838063331,609.5580434057686,1005.5856615989452,0,0,0,0.18906021792629427,0.1925003070801276,0.3331187549453934,0.010867959231834472,0.010777627442956635,0.015676566331147078,2,2,2,1,2,1,1,2,1,0.9931972789115647,0.9824236817761332,0.9914965986394558,0.9981812155467169,0.997656064620254,0.9979564401067691,48.569681706466,43.73304026376261,48.50878278872217,48.781032861000696,48.37516235388151,48.705781913644806,48.80353572162733,45.011470152935374,48.77872706801775,48.03718861542487,46.051800690675876,47.99069474799656,0.2154899444253331,0.28975972839062264,0.1956282645687489
150113,JESUS MARIA,69031,18940,8135,11388,1,0.9795918367346939,1,0.9591836734693877,0.8571428571428571,0.9591836734693877,1.9591836734693877,1.836734693877551,1.9591836734693877,109141,45320,66044,34968,13041,22673,144109,58361,88717,1257.7449964611906,522.608824975808,721.5575061179907,616.0544842869629,99.16904609957281,448.8583424642439,1415.2111854383875,593.3873280223016,957.8921784695,0,0,0,0.06684999730419629,0.042415137708011384,0.084636318290322,0.0053505548250342315,0.0045698554671727235,0.00598750321177205,1,2,1,2,2,2,1,2,1,0.9931972789115647,0.972517730496454,0.9914965986394558,0.9989492906989386,0.9964950362144349,0.9984729063576692,48.22157401052391,41.95383789586688,48.219688616416,48.943405399222144,48.78360555172149,48.87010982225554,48.56026607782593,43.799249779346866,48.5205771909636,48.610723742681486,47.611297440423655,48.45820967839622,0.14374746206147793,0.1455806128853045,0.14648814633910257
150114,LA MOLINA,134095,46240,25217,22421,1,1,1,1,0.8367346938775511,1,2,1.836734693877551,2,111101,53164,59866,55946,17773,39110,167047,70937,98976,1179.7810010038788,509.7228828212391,659.5379056952136,704.7241702051048,103.88170005437154,507.49652395537413,1492.0324351366887,645.0983959225125,987.6183696802834,0.08801020408163265,0.1288265306122449,0.03784013605442177,0.04461484046162919,0.04638160904077494,0.0845378655319189,0.0048343562886117965,0.004694396405663024,0.0059581776985877365,1,1,1,1,2,1,1,1,1,0.9931972789115647,0.951530612244898,0.9914965986394558,0.9990267210226264,0.9916516298499608,0.9979151090500054,48.137507596611016,43.20784335790243,48.11973919713628,48.90730347120437,48.56585832442469,48.82648938890309,48.36201294317783,43.78882326386277,48.22069288076705,48.658634935779155,47.52601384395456,48.443807837503755,0.15550294999593517,0.17429209893664166,0.15093456224931337
150115,LA VICTORIA,166465,70593,25263,46560,1,1,1,1,0.8775510204081632,1,2,1.8775510204081634,2,138295,12999,125984,50179,20550,30493,188474,33549,156477,1254.0004656315052,378.66244235259063,780.471765065533,659.9021640011915,102.0502881715201,469.17649507599145,1559.857876167496,600.1357274214803,1099.7383200626205,0.02295918367346939,0.010629251700680272,0.01403061224489796,0.10726216503567444,0.21094584513356168,0.13766613309861495,0.006138600993740094,0.010422096918695958,0.006787599126790071,1,1,1,1,2,1,1,1,1,0.9931972789115647,0.951530612244898,0.9914965986394558,0.9990923814425332,0.9909150297574691,0.9980767940336279,48.125470814484146,42.47639902676399,48.15734758797101,48.92008609179139,48.52170316301703,48.816810415505195,48.63260421562602,44.41087775982768,48.58766192532385,48.62618315918869,47.31271636279714,48.36245078740158,0.15765178865549384,0.16763213303123195,0.16092617029366213
150116,LINCE,52055,14990,6151,9213,1,1,1,0.9591836734693877,0.8775510204081632,0.9591836734693877,1.9591836734693877,1.8775510204081634,1.9591836734693877,70949,32377,39594,24465,8678,16360,95414,41055,55954,1107.2536895898502,468.264132118044,629.5882564848622,581.9844883251503,97.32336742841584,413.6359838947427,1346.853450045852,571.496397892106,894.1379874258184,0,0,0,0.0805849180426921,0.06383141676460109,0.321740574117165,0.005908103854999506,0.005323147631667237,0.01239265642914917,1,1,1,2,2,2,1,1,1,0.9931972789115647,0.951530612244898,0.9914965986394558,0.9988235479070158,0.989174582876629,0.9984004718161347,48.07210300429185,41.994468771606364,48.065342298288506,48.95086858777846,48.67273565337636,48.902750611246944,48.579839039309924,44.23195478271612,48.51914431479517,48.59575187810963,47.495351638508815,48.43690963277264,0.14418135655990796,0.1460299287815326,0.1463839506551999
150117,LOS OLIVOS,313849,124957,69774,59430,1,1,1,1,0.8979591836734694,1,2,1.8979591836734695,2,161929,98284,68126,108627,30173,80126,270556,128457,148252,1109.5160253330669,452.0369768634048,651.9827202894811,743.0794486136905,105.72512923149965,554.0795349236425,1587.227257714766,670.9487298247171,1071.7195969006125,0.06930272108843537,0.2108843537414966,0.044642857142857144,0.17392683585080948,0.1332535037219075,0.32194209350137093,0.008087555397784408,0.007433216708616013,0.012153807295093926,1,1,1,1,2,1,1,1,1,0.9931972789115647,0.951530612244898,0.9914965986394558,0.997156780851284,0.971848069782106,0.9971204716743562,48.50883297890948,43.28568587810294,48.466540199186284,48.677778084638256,47.88688562622212,48.613695928911966,48.74908756306777,44.98991697529608,48.68897337286792,47.765860346201116,45.40543730413903,47.64176672635998,0.19944375237840037,0.22487335415611814,0.1844721018616393
150118,LURIGANCHO (CHOSICA),230013,108970,54038,57725,0.9795918367346939,0.9183673469387755,0.9795918367346939,1,0.8775510204081632,1,1.9795918367346939,1.7959183673469388,1.9795918367346939,32998,8720,24554,51954,19896,33032,84952,28616,57586,956.1990338302675,368.9863360526057,612.8764075822826,719.1735458371297,105.22492580647942,524.8498098076371,1428.3618865573394,606.8733359707036,956.6177879581614,0,0.02040816326530612,0.02040816326530612,0.21041359536958618,0.1734704798458163,0.20241946767293503,0.011765734899871831,0.01031661187059068,0.010676383410885741,2,2,2,1,2,1,1,2,1,0.9931972789115647,0.9855072463768116,0.9914965986394558,0.9994222227453935,0.9969667318982387,0.9975731948737541,48.424125187666014,43.6455066344994,48.396918139985466,48.865361666089235,47.83604744672296,48.68660692661661,48.48202921389175,43.9118119266055,48.52525046835546,48.66013091702528,46.637844036697246,48.47051396921072,0.23709561748182914,0.2800000679569125,0.2273106073503625
150119,LURIN,85227,41816,18164,24373,1,0.9591836734693877,1,0.9795918367346939,0.9387755102040817,0.9795918367346939,1.9795918367346939,1.8979591836734695,1.9795918367346939,34373,3222,31240,19986,8458,11796,54359,11680,43036,873.1432265230911,272.7198434668852,552.6549548299139,649.1024225965793,103.54902253185817,444.9143649989768,1290.6400701841767,486.71050154075334,910.1221220093314,0.20875850340136054,0.1526360544217687,0.18112244897959184,0.04716899803265303,0.9223964060254299,0.05168106875859073,0.005653985064144787,0.04397032928476575,0.005632172885011054,1,2,1,2,2,2,1,2,1,0.9931972789115647,0.9547872340425532,0.9914965986394558,0.9986731727956732,0.9866984844068785,0.9979537480249093,48.2492744921445,44.280326318278554,48.03585961342828,48.758731111778246,48.18349491605581,48.59367582231265,48.33311029005324,43.45810055865922,48.22749679897567,48.45905216303494,37.48913718187461,48.25310499359795,0.17766906980527244,0.23650820607067322,0.16795374057990442
150120,MAGDALENA DEL MAR,57535,13950,5844,8404,1,0.9795918367346939,1,0.9795918367346939,0.7959183673469388,0.9795918367346939,1.9795918367346939,1.7755102040816326,1.9795918367346939,39540,11680,28143,30604,11371,19816,70144,23051,47959,1009.9169405709607,445.4997983927601,563.2635154186053,596.5774824767292,98.85465014757848,427.5869274106039,1218.2727728743955,499.47583372612047,844.1925540782016,0,0,0,0.3335765549385271,0.2047416397625409,0.36643533765131564,0.013403323398332058,0.010181808889455383,0.014282076125427298,1,2,1,2,2,2,1,2,1,0.9931972789115647,0.972517730496454,0.9914965986394558,0.9991674864089112,0.9972558535790665,0.9985869006164988,48.07959743824337,41.79693958315012,48.049152200242226,48.94314468696902,48.75630991117756,48.87666532095277,48.544436014162876,43.07183219178082,48.47880467611839,48.551213960546285,47.68202054794521,48.39441424155207,0.1560452696129833,0.19119281733796842,0.1512822197689989
150121,PUEBLO LIBRE,79211,18229,8737,9957,1,1,0.9795918367346939,0.9795918367346939,0.8571428571428571,0.9795918367346939,1.9795918367346939,1.8571428571428572,1.9591836734693877,50270,26695,24209,43255,15950,28215,93525,42645,52424,1123.6637776487348,504.8454708968493,585.5008748233788,627.7790745833288,100.21221165734131,456.78217362907833,1322.950164431816,567.8573660938665,915.3158825836531,0,0,0,0.15703960303116773,0.11890625544261922,0.17591220950177994,0.008662654749772751,0.007196007927208657,0.010133023080713946,1,1,2,2,2,2,1,1,1,0.9931972789115647,0.951530612244898,0.9914965986394558,0.9991339214113873,0.9878971743463477,0.9986961283635993,48.178407120564096,41.78702194357367,48.14502923976608,48.939012830886604,48.59335423197492,48.90026581605529,48.60475432663616,43.472522944371605,48.57309265149325,48.56363636363636,47.53646750327777,48.39683588747986,0.15868291110269106,0.17263976569815082,0.15805788011501604
150122,MIRAFLORES,92749,30383,9965,21532,1,1,1,0.9795918367346939,0.8163265306122449,0.9795918367346939,1.9795918367346939,1.816326530612245,1.9795918367346939,175504,41076,137835,38263,12682,26163,213767,53758,163998,1352.6974722338114,506.61775351595156,813.6835728989472,648.2616840501801,101.59786091684788,457.80468182650844,1513.3560762624124,591.902698853234,1065.3527512845399,0.02891156462585034,4.2517006802721087e-4,0.025510204081632654,0.029583531058437137,0.05420415293169151,0.03784425184211106,0.004169627578587972,0.005060257128405904,0.004338910150848852,1,1,1,2,2,2,1,1,1,0.9931972789115647,0.951530612244898,0.9914965986394558,0.9991846652352016,0.9923914425139824,0.9987108582624992,47.905914329770276,42.215975398202175,47.88900355463823,48.96273162062567,48.77188140671819,48.92466460268318,48.396606345154524,43.57403349888013,48.33664163673958,48.671261053879114,48.0255136819554,48.5105669822614,0.14821010183401767,0.1872725732631944,0.14207432072853488
150123,PACHACAMAC,106010,42834,24473,19067,1,1,1,0.9795918367346939,0.8775510204081632,0.9591836734693877,1.9795918367346939,1.8775510204081634,1.9591836734693877,10706,4271,6519,34142,10725,23851,44848,14996,30370,565.4878173881424,206.58812164222704,326.6081946211204,690.3913055904728,102.54301021979342,505.46289794523886,1315.3061250848755,550.7314156672386,872.6723979279452,0.02040816326530612,0.02040816326530612,0.02040816326530612,0.20934243771510394,0.40575675228145225,0.4095053076898058,0.015341743666491233,0.019564927503343245,0.024064488153722655,1,1,1,2,2,2,1,1,1,0.9931972789115647,0.951530612244898,0.9914965986394558,0.9986235915388274,0.9886428047479328,0.997846010317199,48.46447191142874,42.77855477855478,48.42610372730703,48.847812078964324,48.10638694638695,48.754517630288035,48.07126844759948,43.75415593537813,48.190673416168124,48.42863814683355,43.81058300163896,48.30664212302501,0.20091665542349926,0.21883637172906345,0.19798766891234873
150124,PUCUSANA,14151,7036,3223,3906,1,0.2857142857142857,1,0.9183673469387755,0.8571428571428571,0.8979591836734694,1.9183673469387754,1.1428571428571428,1.8979591836734695,1525,32,1494,2027,933,1126,3552,965,2620,118.9109024869284,6.8828072386656025,110.67661585533106,217.09477562690557,81.13187208664156,151.66929077244532,247.84619215128444,123.58775463843455,180.78946040791195,0,0,0,0.6579157432736994,0.6351539767791601,0.6613091509108773,0.04347220003415588,0.03197752688632201,0.04127772774509371,1,2,1,2,2,2,1,2,1,0.9931972789115647,0.9822812846068659,0.9914965986394558,0.9976714996246246,0.9756723414754502,0.9966762086513995,47.568327577701034,42.431939978563776,47.58081705150977,48.55550074000987,44.455519828510184,48.39964476021314,48.38885245901639,42.125,48.28848728246319,48.25180327868853,40.125,48.07161981258367,0.14564892278347358,0.1877064532302965,0.14201235587819347
150125,PUENTE PIEDRA,317617,136446,72565,66755,0.9591836734693877,0.9183673469387755,0.9591836734693877,0.9795918367346939,0.9183673469387755,0.9795918367346939,1.9387755102040816,1.836734693877551,1.9387755102040816,43673,12314,31962,88576,31147,58948,132249,43461,90910,861.5625012465753,317.6708381761766,558.9955206042067,736.3065018212391,106.0437464064049,534.7505616331656,1497.819403332048,640.3444423139186,1010.3140813957335,0.07865646258503402,0.004251700680272109,0.0820578231292517,0.30001889171838636,0.48321589398828807,0.26904045156268275,0.015847315034000237,0.023357933764492248,0.013816622562758054,2,2,2,2,2,2,2,2,2,0.9982269503546098,0.9824236817761332,0.9973404255319149,0.9997517577657749,0.9935124244324997,0.9997039391308215,48.69316744942196,43.871705140141906,48.59773020289068,48.58558751806358,47.552027482582595,48.50758295446835,48.78625237560964,45.65681338314114,48.711814029159626,46.56749021134339,40.17906447945428,46.645172392215756,0.21116371057557307,0.3225024469980071,0.18391431852055246
150126,PUNTA HERMOSA,14689,5187,1887,3373,0.9795918367346939,0.24489795918367346,0.9795918367346939,0.9795918367346939,0.8367346938775511,0.9795918367346939,1.9591836734693877,1.0816326530612246,1.9591836734693877,2800,71,2731,5450,2182,3329,8250,2253,6060,329.65362667679295,21.227810658254388,264.9277475459369,473.2657969722153,108.1444539439571,300.35576181729937,716.3407767735874,291.6185364549025,454.92111247606533,0,0,0,0.3911045174599589,0.6062296962072763,0.3853873092147641,0.032648939094308486,0.036137655379737885,0.03138919707365872,2,2,2,2,2,2,1,2,1,0.9931972789115647,0.9630021141649048,0.9914965986394558,0.9975732323232324,0.9816472094055472,0.997156903190319,48.01302752293578,44.012832263978005,48.01441874436768,48.69981651376147,45.298808432630615,48.716431360769,47.92178571428571,42.070422535211264,47.78176492127426,48.32821428571429,36,48.1087513731234,0.21129727147154953,0.2679410905594746,0.19751129036762835
150127,PUNTA NEGRA,6565,2386,1238,1174,0.8979591836734694,0.2857142857142857,0.8775510204081632,0.8979591836734694,0.7346938775510204,0.8979591836734694,1.7959183673469388,1.0204081632653061,1.7755102040816326,1222,384,840,2327,757,1598,3549,1141,2438,154.9655493484935,33.432759618963715,117.91393212232032,347.13691351214965,66.73163256144849,246.02268058090038,437.344850129695,118.42675844336965,330.7648817239655,0,8.503401360544217e-4,0,0.8626991274352893,0.5597996406542295,0.8537714335058414,0.07509273658952006,0.03647188192835441,0.06272518253112697,2,2,2,2,2,2,2,2,2,0.9944495837187788,0.9744744744744744,0.9925994449583718,0.9990321829786712,0.9857337618073815,0.9973606305952848,47.60292221744736,42.78467635402906,47.52190237797247,48.743876235496344,45.21796565389696,48.538172715894866,47.216039279869065,39.416666666666664,47.70357142857143,48.333060556464815,23.390625,48.266666666666666,0.20704981150488883,0.23004850486087716,0.21042045563709472
150128,RIMAC,169595,59229,31412,28733,0.9795918367346939,0.9795918367346939,0.9795918367346939,0.9795918367346939,0.9183673469387755,0.9795918367346939,1.9591836734693877,1.8979591836734695,1.9591836734693877,35749,14223,21982,59399,17762,42840,95148,31985,64822,960.0090757025764,366.0055230761078,571.2590071709998,678.0578953217067,101.88771996282362,499.99971501951745,1511.8280593251202,618.6333816835663,1042.3554194506125,0,0.00467687074829932,0,0.1867486535819396,0.5293345892352903,0.24429295942389953,0.010504182393134906,0.021233290829524114,0.011835797967376717,2,2,2,2,2,2,2,2,2,0.9982269503546098,0.972517730496454,0.9973404255319149,0.9999733897202924,0.9966294040757137,0.9999343537819114,48.466640852539605,43.19716248170251,48.44705882352941,48.90380309432819,48.548868370678974,48.83870214752568,48.784889087806654,44.84447725515011,48.740742425620965,48.47752384682089,47.18807565211277,48.320034573742156,0.18624991684173708,0.20343946135213561,0.18526854377786492
150129,SAN BARTOLO,6901,2990,1307,1729,0.9795918367346939,0.7142857142857143,0.9387755102040817,0.8775510204081632,0.7142857142857143,0.8571428571428571,1.8571428571428572,1.4285714285714286,1.7959183673469388,1956,561,1402,1976,720,1270,3932,1281,2672,174.5442710502909,36.114891711696025,130.04471868644066,260.8409598438592,60.11891275222483,194.06068054458018,313.0852427221263,102.45118581157581,242.87617354225196,0.04081632653061224,0.04124149659863945,0.02040816326530612,0.6311137651181695,0.8069261843630591,0.5167816003590985,0.05232194735015272,0.045340713426868566,0.044065861944649856,2,2,2,2,2,2,1,2,2,0.9931972789115647,0.9640591966173361,0.9920212765957447,0.9884441759918616,0.9188315814316577,0.9899589119633074,47.21153846153846,42.38611111111111,46.851181102362204,47.81831983805668,42.09722222222222,47.664566929133855,46.763292433537835,38.94652406417112,47.31169757489301,47.11298568507157,24.36185383244207,47.588445078459344,0.16135476568160728,0.17317797408646282,0.1666625043761669
150130,SAN BORJA,107055,24563,9649,15435,1,1,1,0.9795918367346939,0.8571428571428571,0.9795918367346939,1.9795918367346939,1.8571428571428572,1.9795918367346939,91378,18218,74068,54720,19856,35858,146098,38074,109926,1152.2156724514136,441.2680863293143,707.8862781600556,684.8414336452656,103.3976831427568,487.8821154998564,1429.041309719638,581.7939833631485,1014.3235373312449,0.006802721088435374,0,0.005952380952380952,0.06487488249484327,0.12440574366541023,0.07589164094632075,0.0053837942879575084,0.007229890711351445,0.005571772316572887,1,1,1,2,2,2,1,1,1,0.9931972789115647,0.951530612244898,0.9914965986394558,0.9993483255531675,0.9932882894713803,0.9988189024131385,48.11295687134503,42.392878726833196,48.0705839701043,48.951169590643275,48.763094278807415,48.901054158067936,48.48834511589223,43.53606323416401,48.416144623859154,48.676979141587694,47.7562849928642,48.50291623913161,0.15266262516633167,0.2020944809172911,0.1474748777316287
150131,SAN ISIDRO,56388,17205,4642,13046,1,1,1,0.9591836734693877,0.8163265306122449,0.9591836734693877,1.9591836734693877,1.816326530612245,1.9591836734693877,201646,39983,165529,23646,9611,14383,225292,49594,179912,1423.9716664340804,512.2262541763022,856.6094298595435,587.7879184789448,99.48844882859362,407.5281365233855,1552.267866042222,566.0258235933903,1098.2872518816253,0.007227891156462585,0.02848639455782313,0,0.03438632515740082,0.07739927938585985,0.03943314667941717,0.0042551072104073774,0.005602024860530943,0.004320107756250209,1,1,1,2,2,2,1,1,1,0.9931972789115647,0.951530612244898,0.9914965986394558,0.9990274658369287,0.9896568469304082,0.9985516067114293,48.187515858919056,41.980126937883675,48.20788430786345,48.95821703459359,48.79200915617522,48.90370576374887,48.44306358668161,43.155816221894305,48.3941061687076,48.66524503337532,47.86436735612635,48.54219502322856,0.13726034139202317,0.1479659716410358,0.13639250770976144
150132,SAN JUAN DE LURIGANCHO,1004690,478772,253215,242141,1,0.9795918367346939,1,1,0.9591836734693877,1,2,1.9387755102040816,2,49789,14221,36344,241636,59077,186418,291425,73298,222762,966.471600577791,341.816827226527,611.7506350477369,799.2604978154271,108.09914639023391,603.3372232605839,1640.9294618113872,679.755644665646,1135.1042415341794,0.04974489795918367,0.023809523809523808,0.09098639455782313,0.16013264894674653,0.1967800131875527,0.19834730503280515,0.008018599571860666,0.009739516644751272,0.009031448576682335,1,2,1,1,2,1,1,1,1,0.9931972789115647,0.951530612244898,0.9914965986394558,0.9990265505704726,0.990100628029869,0.998224094923431,48.45242430763628,43.12461702523825,48.44361595983221,48.85986773494016,48.50075325422753,48.76083854563401,48.66235513868525,44.74889248294775,48.601502311248076,48.4414830585069,47.20265804092539,48.090991635483164,0.17172457059517632,0.19502454361195953,0.17103106928686718
150133,SAN JUAN DE MIRAFLORES,344625,128905,67198,64562,1,0.9795918367346939,1,1,0.9387755102040817,0.9795918367346939,2,1.9183673469387754,1.9795918367346939,44531,13565,31515,118510,34121,86151,163041,47686,117666,1006.7017251293231,395.5005976780304,607.8894499243505,751.3831713401636,106.60514894016718,555.1919289045769,1514.4640782474437,636.9836062781666,1028.7242077763037,0.017006802721088437,0,0.05824829931972789,0.2207057640669953,0.3093111552565675,0.24226630298996976,0.010149261602876918,0.016962166225457775,0.010773638596496297,1,2,1,1,2,2,1,1,1,0.9931972789115647,0.951530612244898,0.9914965986394558,0.9997006121159708,0.9964529246878888,0.9993155060368614,48.203687452535654,43.552797397497145,48.171884249747535,48.90112226816302,48.66035579262038,48.81827256793305,48.336911365116435,45.602211573903425,48.34532762176741,48.54642833082572,47.535127165499446,48.21285102332223,0.19313155316443265,0.2342475581081266,0.184054243712807
150134,SAN LUIS,49424,14468,6193,8538,1,0.9591836734693877,1,0.9591836734693877,0.7959183673469388,0.9591836734693877,1.9591836734693877,1.7551020408163265,1.9591836734693877,31032,6984,24238,22937,8146,15156,53969,15130,39394,916.859657952659,329.2030666703827,575.8823261492639,587.8645370143201,96.91327579459583,415.0964733396707,1183.6732568840596,451.50084609057245,836.2523344878974,0,0,0,0.3745874396374827,0.26300246072404904,0.3676670482426069,0.014327175479223117,0.014512152644584867,0.014165616540841728,1,2,1,2,2,2,1,2,1,0.9931972789115647,0.972517730496454,0.9914965986394558,0.999466128703515,0.998620466594479,0.9983611082906027,48.36465100056677,42.84004419346919,48.35959356030615,48.93791690282077,48.70820034372698,48.864212193190816,48.66147847383346,44.21119702176403,48.575460021453914,48.69718355246197,47.9823883161512,48.41137882663586,0.16609635009788726,0.18583443804197705,0.16512150684739715
150135,SAN MARTIN DE PORRES,629296,217267,110988,110042,1,0.9795918367346939,1,1,0.9183673469387755,1,2,1.8979591836734695,2,71855,24509,48134,244139,87888,160748,315994,112397,208882,1116.5113417422235,414.7797981373625,670.6980741450028,784.2318895248153,107.91442593679325,589.2273435460805,1635.3133583464225,681.9522437135499,1120.795446665913,0.25552721088435376,0.0858843537414966,0.2844387755102041,0.19689443698132075,0.1496528690937278,0.24236829111283517,0.009071581798266675,0.008527947048650926,0.010284349672298384,1,2,1,1,2,1,1,2,1,0.9931972789115647,0.972517730496454,0.9914965986394558,0.9986498293216538,0.9961841186417674,0.9981937569217708,48.568594120562466,43.4404810668123,48.49063129867868,48.786703476298335,48.33960267613326,48.70675840445915,48.75188922134855,44.398588273695374,48.710931981551504,48.05786653677545,46.75103023379167,47.829621473386794,0.1835257990167431,0.23862156556630532,0.1712134657314592
150136,SAN MIGUEL,147699,44771,23554,22354,1,1,1,1,0.8367346938775511,1,2,1.836734693877551,2,94248,50162,46154,68648,22365,47425,162896,72527,93579,1238.4565188599265,538.396684799392,675.2001209438553,690.8725256624236,102.89195044106991,500.6529660526781,1464.456568707225,614.4373794491677,994.7601627119836,0.03571428571428571,0.060799319727891155,0.006377551020408163,0.18105224897148492,0.16220001080870142,0.307447034865504,0.008712966215992265,0.00772326141499764,0.011914498794380973,1,1,1,1,2,1,1,1,1,0.9931972789115647,0.951530612244898,0.9914965986394558,0.9986242500327407,0.9835325694798719,0.9979756409023391,48.11436604125393,42.04426559356137,48.08837111228255,48.877112224682435,48.456606304493626,48.80733790195045,48.54464816229522,43.60517921932937,48.49506001646661,48.30044138867668,47.0153103943224,48.069918100273,0.15170343794615165,0.15205668886933407,0.15720205228041575
150137,SANTA ANITA,188829,76315,36590,40994,0.9795918367346939,0.9795918367346939,0.9591836734693877,0.9795918367346939,0.9183673469387755,0.9795918367346939,1.9591836734693877,1.8979591836734695,1.9387755102040816,70836,15831,55533,64923,21191,44758,135759,37022,100291,1013.7228165218676,385.0157239876572,646.8007237421219,714.8229568988962,104.06363989125329,524.3912189673462,1458.8063520732683,597.5603096039142,1013.5306622395534,0.00977891156462585,0.003826530612244898,0,0.29830294670145424,0.17500390237326355,0.07000310363530478,0.011764332434552636,0.009047787045139935,0.006231823699288558,2,2,2,2,2,2,1,1,2,0.9931972789115647,0.951530612244898,0.9973404255319149,0.9993229423709171,0.991178668539427,0.9999444170654883,48.581042157632886,43.3989429474777,48.56030206890388,48.92317052508356,48.440186871785194,48.82434425130703,48.76017844034107,44.5986355884025,48.69675688329462,48.680162629171605,47.48146042574695,48.46455260835899,0.19478917854784383,0.21115820491350012,0.19601715565902292
150138,SANTA MARIA DEL MAR,915,288,61,233,0.6938775510204082,0.08163265306122448,0.6938775510204082,0.7346938775510204,0.46938775510204084,0.673469387755102,1.4285714285714286,0.5510204081632653,1.3673469387755102,205,14,191,372,189,186,577,203,377,58.16479420313296,7.216243537129499,49.767126838050665,85.75619139956085,39.439738053195796,38.14792216410509,90.13919984184503,48.719905343907854,59.384904259062736,0,0,0,1,0.2114348878060672,0.9799034809501252,0.09995464576846726,0.012685118575949412,0.09828827192575422,2,3,2,2,2,2,2,2,2,0.9977851605758582,1,0.9965156794425086,0.9981843690682513,1,0.9913954842466196,46.204301075268816,39.17460317460318,46.67204301075269,48.44086021505376,39.84126984126984,48.26881720430107,45.9609756097561,37.07142857142857,45.602094240837694,48.18048780487805,29.5,47.303664921465966,0.2554025576372471,0.3682812773608431,0.2177944089132082
150139,SANTA ROSA,26208,8205,4805,3488,0.8367346938775511,0.5102040816326531,0.8163265306122449,0.9591836734693877,0.8979591836734694,0.9591836734693877,1.7959183673469388,1.4081632653061225,1.7755102040816326,880,325,558,9698,3543,6319,10578,3868,6877,201.8835233885028,91.59761286564704,100.5165037039159,498.1531359163964,93.20862623487439,358.18273721575036,716.5843820472143,326.98849678907175,486.1721183336726,0,0,0,0.9269518782485822,0.6388740450180084,0.979606201162393,0.06086576532734555,0.04211024761687106,0.06715356892745471,2,2,2,2,2,2,2,2,2,0.9946808510638298,0.990909090909091,0.9929078014184397,0.9940824593797645,0.9897292469681301,0.9946816245332112,48.541348731697255,44.18600056449337,48.4526032600095,48.08094452464426,43.3465989274626,48.10887798702326,48.40340909090909,43.87692307692308,48.25268817204301,47.220454545454544,36.61538461538461,46.99820788530466,0.2117908836924193,0.3030571833199541,0.19089256621552783
150140,SANTIAGO DE SURCO,315252,107984,54167,57448,1,1,1,0.9795918367346939,0.8979591836734694,0.9795918367346939,1.9795918367346939,1.8979591836734695,1.9795918367346939,177783,73474,108356,132157,43495,90653,309940,116969,199009,1294.4251542882287,534.476901889382,743.0007173007723,735.2566986748642,105.07989529086974,548.6810089669304,1575.905465841059,639.8025192403728,1086.30908810936,0.3703231292517007,0.453656462585034,0.2189625850340136,0.01818538170373574,0.02606935473079434,0.034527695668784907,0.0038402191518968343,0.004115716397847138,0.004280796514969005,1,1,1,2,2,2,1,1,1,0.9931972789115647,0.951530612244898,0.9914965986394558,0.999480342969607,0.9933027126845575,0.999016585514558,48.02699062478718,41.72755489136682,48.0170981655323,48.94836444531882,48.6927003103805,48.892369805742774,48.48065900564171,43.69454500911887,48.362130385027136,48.67861381571916,47.85909301249421,48.42109343275868,0.14172334800769826,0.14446814649043577,0.1456830689990282
150141,SURQUILLO,86614,23978,8701,15726,1,0.9795918367346939,1,1,0.8367346938775511,1,2,1.816326530612245,2,56035,10521,45844,40825,15120,26437,96860,25641,72281,1058.0502662912415,378.85843458102016,643.0205169057876,651.504257870474,101.79906276010641,459.66011249754234,1283.843134208429,532.5642277613587,908.1009043420214,0,0,0,0.1346300074347629,0.2152120960812957,0.13700476150369087,0.0077463070837654165,0.011000880090355694,0.007684349164578693,1,2,1,1,2,1,1,2,1,0.9931972789115647,0.972517730496454,0.9914965986394558,0.9994351813614151,0.9986524241843391,0.9990482745580904,47.991230863441515,42.032936507936505,47.97250066195105,48.96068585425597,48.83710317460317,48.91848545598971,48.44347282948157,43.98013496815892,48.34608672890673,48.661800660301594,47.94496720844026,48.47997556932205,0.1636460058991714,0.20013383523190872,0.1589397133263604
150142,VILLA EL SALVADOR,383154,169955,90640,83308,1,1,1,1,0.9387755102040817,1,2,1.9387755102040816,2,48074,15700,32974,107232,29343,79321,155306,45043,112295,961.2337294337289,382.78643882210713,567.9712059842473,757.1699049124129,106.97903885630456,557.8681724717021,1535.20352459746,637.6841904264909,1045.3005116944316,0.22534013605442177,0.22151360544217688,0.1130952380952381,0.058619759242255695,0.17714356271679854,0.10469666809225052,0.005811603080749714,0.010604260926155748,0.007095010567942026,1,1,1,1,2,1,1,1,1,0.9931972789115647,0.951530612244898,0.9914965986394558,0.9995991783961985,0.9939585507182026,0.9991471496207904,48.2437705162638,43.822853832259824,48.12057336644772,48.87097135183527,48.3914391848141,48.773641280367116,48.33390190123559,45.186178343949045,48.18299266088433,48.52658401630819,46.60891719745223,48.17389458361133,0.17979185049287177,0.21529620339984115,0.17295100897649027
150143,VILLA MARIA DEL TRIUNFO,388303,151007,84454,69069,0.9795918367346939,0.9591836734693877,0.9591836734693877,0.9795918367346939,0.9387755102040817,0.9795918367346939,1.9591836734693877,1.8979591836734695,1.9387755102040816,22015,6170,16017,127595,34433,94990,149610,40603,111007,863.6124212971164,328.2866025665772,532.3437966931438,753.7112103258407,106.72172694050144,561.9119353700481,1514.4514559345926,634.180721786751,1035.1709761788966,0,0,0.027210884353741496,0.34157517646662294,0.5878016951171774,0.1107588194191902,0.0163051032709218,0.029394802207140587,0.010860973355907206,2,2,2,2,2,2,1,1,1,0.9931972789115647,0.951530612244898,0.9914965986394558,0.9997581211148987,0.9961373954305511,0.9993827341218722,48.34052274775657,43.95431707954578,48.18751447520792,48.948759747639016,48.59457497168414,48.91145383724603,48.68285260049966,45.675688816855754,48.43035524754948,48.87317737905973,47.82366288492707,48.79247050009365,0.1943492072677667,0.23682973683505965,0.1864177780953959
