ubigeo,ntl
010101,2.1782017
010102,0.2968878
010103,0.4215064
010104,0.3481476
010105,0.3073741
010106,0.4904955
010107,0.304303
010108,0.9837394
010109,0.5028966
010110,0.3754203
010111,0.3593607
010112,0.3631357
010113,0.4937071
010114,0.3220996
010115,0.3554001
010116,0.3029116
010117,0.3139235
010118,0.4109133
010119,0.3402214
010120,0.3469418
010121,0.3871179
010201,1.2192548
010202,0.4480366
010203,0.5454646
010204,0.7401398
010205,0.3893356
010206,0.5451613
010301,0.3409254
010302,0.3331723
010303,0.3706837
010304,0.3431074
010305,0.3829028
010306,0.4084087
010307,0.5764584
010308,0.3858517
010309,0.3118429
010310,0.3715187
010311,0.3294753
010312,0.3529443
010401,0.3927054
010402,1.0412533
010403,0.3685239
010501,0.5021835
010502,0.4242367
010503,0.3595376
010504,0.3941623
010505,0.3649085
010506,0.3822985
010507,0.3377712
010508,0.4361259
010509,0.6634328
010510,0.3636528
010511,0.4077827
010512,0.3970894
010513,0.3601143
010514,0.3813716
010515,0.405246
010516,0.3939824
010517,0.398264
010518,0.3717988
010519,0.4131812
010520,0.3789389
010521,0.4353832
010522,0.4224715
010523,0.4543689
010601,0.5497306
010602,0.3646313
010603,0.3256075
010604,0.4454401
010605,0.344837
010606,0.4105243
010607,0.3395737
010608,0.385396
010609,0.3395225
010610,0.3647425
010611,0.3863403
010612,0.327384
010701,0.661296
010702,0.4097433
010703,0.4393367
010704,0.6416311
010705,0.3864272
010706,0.4214957
010707,0.4083083
020101,1.0675812
020102,0.3373216
020103,0.3816995
020104,0.3294118
020105,1.5630801
020106,1.2786137
020107,0.4800894
020108,0.33589
020109,0.311
020110,0.3760732
020111,0.4401633
020112,0.5248753
020201,0.3829597
020202,0.2863561
020203,0.4663476
020204,0.3064311
020205,0.3334073
020301,0.4637197
020302,0.3935776
020303,0.4403282
020304,0.3882375
020305,0.4784931
020306,0.3055081
020401,0.3670824
020402,0.3942284
020501,0.6606795
020502,0.4146478
020503,0.3752664
020504,0.4365179
020505,0.4458984
020506,0.3855718
020507,0.3531918
020508,0.4395359
020509,0.3421434
020510,0.3519578
020511,0.3393014
020512,0.3527912
020513,0.3767355
020514,0.3960028
020515,0.3781938
020601,0.6952709
020602,1.2055462
020603,0.4801594
020604,0.728597
020605,0.4836189
020606,0.495684
020607,1.2141053
020608,0.3809588
020609,0.4082253
020610,1.2507791
020611,0.7476997
020701,0.4559266
020702,0.3226462
020703,0.3311632
020801,0.5414256
020802,0.4012504
020803,0.6094227
020804,0.3366677
020901,0.4179682
020902,0.3991988
020903,0.3323811
020904,0.3098872
020905,0.4820536
020906,0.3780248
020907,0.3125539
021001,0.4188429
021002,0.3597629
021003,0.3634003
021004,0.3685819
021005,0.3958328
021006,0.4218116
021007,0.3939314
021008,0.3617933
021009,0.4211207
021010,0.5525988
021011,0.3795789
021012,0.855346
021013,0.3109226
021014,1.7336173
021015,0.4473239
021016,0.3813448
021101,0.3837694
021102,0.2999929
021103,0.3408235
021104,0.3113984
021105,0.2904694
021201,0.8363804
021202,0.485756
021203,0.6298466
021204,0.6001772
021205,0.4236563
021206,0.3160129
021207,0.4582706
021208,0.3707701
021209,0.3986874
021210,0.3436266
021301,0.5878268
021302,0.4576142
021303,0.3805874
021304,0.35561160000000003
021305,0.4163774
021306,0.3827386
021307,0.3900426
021308,0.5119926
021401,0.3277193
021402,0.416947
021403,0.376709
021404,0.4043806
021405,0.363657
021406,0.3361199
021407,0.4186605
021408,0.4022737
021409,0.3088739
021410,0.3845842
021501,0.3905852
021502,0.3832504
021503,0.4058518
021504,0.4078987
021505,0.3678221
021506,0.496985
021507,0.4967728
021508,0.6589053
021509,0.3816422
021510,0.3356278
021511,0.3784468
021601,0.4233624
021602,0.3989833
021603,0.3665171
021604,0.4115988
021701,0.6775184
021702,0.3459161
021703,23.8298085
021704,0.3684091
021705,0.3657026
021706,0.3463672
021707,0.3770725
021708,0.3253192
021709,0.3334627
021710,0.5161137
021801,1.6672464
021802,0.3527904
021803,17.473833
021804,0.331185
021805,0.4755466
021806,0.7673815
021807,0.880035
021808,3.9274317
021809,3.7644049
021901,0.8787037
021902,0.3553294
021903,0.3583802
021904,0.503905
021905,0.3380732
021906,0.3443835
021907,0.4120308
021908,0.3213786
021909,0.3449717
021910,0.4177638
022001,0.7142417
022002,0.2893708
022003,0.8236909
022004,0.5236258
022005,0.3594599
022006,1.2222148
022007,0.3437851
022008,0.3603492
030101,1.368821
030102,0.2870548
030103,0.3110694
030104,0.4557898
030105,0.3354111
030106,0.3109164
030107,0.331299
030108,0.5394947
030109,1.4393532
030201,1.1279
030202,0.3372302
030203,0.2887662
030204,0.5211539
030205,0.3689206
030206,0.2737983
030207,0.3440084
030208,0.349324
030209,0.425238
030210,0.2546314
030211,0.2835821
030212,0.283341
030213,0.7062824
030214,0.3794862
030215,0.4477988
030216,0.6854852
030217,0.2769776
030218,0.3331173
030219,0.3432669
030220,0.3389346
030301,0.2717212
030302,0.2781965
030303,0.3919409
030304,0.2784325
030305,0.2570676
030306,0.2790773
030307,0.2838442
030401,0.3453097
030402,0.2742683
030403,0.2548798
030404,0.3087431
030405,0.3269301
030406,0.3283658
030407,0.2871844
030408,0.2654367
030409,0.2933994
030410,0.2780443
030411,0.2751115
030412,0.2541299
030413,0.3539846
030414,0.2738161
030415,0.3485357
030416,0.2948978
030417,0.3011252
030501,0.3603096
030502,0.2639989
030503,0.6962603
030504,0.4807222
030505,0.3603181
030506,3.0683259
030601,0.5316555
030602,0.8636694
030603,0.3383749
030604,0.3553843
030605,0.3989863
030606,0.3628236
030607,0.379139
030608,0.4149073
030609,0.4795985
030610,0.3390916
030611,0.3069286
030701,0.3013833
030702,0.2833144
030703,0.2576616
030704,0.2930904
030705,0.3317527
030706,0.3579653
030707,0.2737888
030708,0.336277
030709,0.3223204
030710,0.3669874
030711,0.3100831
030712,0.8768765
030713,0.3123795
030714,0.3158315
040101,65.0709914
040102,4.6814216
040103,2.5968823
040104,10.3642669
040105,1.7485171
040106,0.6413409
040107,12.1124211
040108,1.0032682
040109,7.810746
040110,15.740148
040111,2.8634392
040112,19.8664147
040113,0.4649608
040114,0.3220233
040115,0.9874246
040116,3.1376812
040117,23.0879439
040118,0.5075112
040119,0.2897052
040120,0.3776557
040121,0.4660854
040122,9.6217135
040123,8.3107614
040124,1.5152435
040125,0.3457023
040126,52.8746558
040127,2.5958388
040128,0.5562812
040129,40.6847416
040201,9.3226467
040202,3.6973514
040203,0.2879343
040204,0.3945286
040205,0.3705743
040206,0.2926286
040207,0.2962681
040208,2.2957918
040301,0.303606
040302,0.3187449
040303,0.2417783
040304,0.2877741
040305,0.2966618
040306,0.2095815
040307,0.917171
040308,0.2843033
040309,0.3035278
040310,0.2924763
040311,0.2991618
040312,0.2237334
040313,0.2936037
040401,0.345128
040402,0.2724328
040403,0.2282171
040404,0.2442312
040405,0.4353708
040406,0.2382013
040407,0.4093358
040408,0.2506726
040409,0.4301916
040410,0.2791061
040411,0.2954876
040412,0.2219719
040413,0.3208136
040414,0.2831183
040501,0.336862
040502,0.2299898
040503,0.2517763
040504,0.2680108
040505,0.3215334
040506,0.3786996
040507,0.2350348
040508,0.2769144
040509,0.3044267
040510,0.2627988
040511,0.2445853
040512,0.2755182
040513,0.2893172
040514,0.3312775
040515,0.2681562
040516,0.5690098
040517,1.899362
040518,0.2320204
040519,0.2462963
040520,0.699742
040601,0.2517141
040602,0.2419636
040603,0.2825308
040604,0.2252856
040605,0.2647269
040606,0.2963649
040607,0.2339101
040608,0.2677531
040701,0.664218
040702,0.3324557
040703,0.9985448
040704,0.7956446
040705,0.8843206
040706,0.3692754
040801,0.4625825
040802,0.331681
040803,0.3288247
040804,0.2664254
040805,0.2481003
040806,0.2524184
040807,0.2823031
040808,0.2441503
040809,0.2330738
040810,0.3228867
040811,0.2621324
050101,5.1978757
050102,0.4104644
050103,0.3765292
050104,8.4973741
050105,0.4112598
050106,0.3558453
050107,0.5440524
050108,0.5873086
050109,0.3719493
050110,17.6770713
050111,0.3607204
050112,0.4244308
050113,1.1228172
050114,0.3120344
050115,7.8914963
050116,19.32155
050201,0.4551599
050202,0.297645
050203,0.3398005
050204,0.7071679
050205,0.269275
050206,0.2985275
050301,0.2517289
050302,0.3089331
050303,0.2423171
050304,0.270154
050401,1.5303523
050402,0.404748
050403,0.4563887
050404,0.4939888
050405,0.4809381
050406,0.3876027
050407,0.3525018
050408,0.3350577
050409,0.3233818
050410,0.3962655
050411,0.4198414
050412,0.6231448
050501,0.518285
050502,0.4270874
050503,0.5234374
050504,0.3056428
050505,0.3032846
050506,0.3292405
050507,0.6730313
050508,1.2234139
050509,0.3446683
050510,0.3263775
050511,0.3218836
050601,0.3611537
050602,0.2863891
050603,0.2848203
050604,0.258639
050605,0.3821437
050606,0.2572653
050607,0.2709787
050608,0.2422398
050609,0.2576595
050610,0.239508
050611,0.2569035
050612,0.2545266
050613,0.2739339
050614,0.243213
050615,0.2420953
050616,0.385734
050617,0.2609448
050618,0.2534998
050619,0.3188206
050620,0.4030263
050621,0.2516592
050701,0.2804612
050702,0.2895819
050703,0.3231745
050704,0.2479105
050705,0.249997
050706,0.2633584
050707,0.2531315
050708,0.2346064
050801,0.3074608
050802,0.2459938
050803,0.2858697
050804,0.2649796
050805,0.2468559
050806,0.4983866
050807,0.2746215
050808,0.2475878
050809,0.2620965
050810,0.3053877
050901,0.3215231
050902,0.3026429
050903,0.3184653
050904,0.3564637
050905,0.2810073
050906,0.2850868
050907,0.2630077
050908,0.2826008
050909,0.2647035
050910,0.2816297
050911,0.2629608
051001,0.3448954
051002,0.367897
051003,0.2860408
051004,0.3065917
051005,0.5427522
051006,0.3380782
051007,0.3504818
051008,0.3531789
051009,0.3285577
051010,0.3158037
051011,0.2838771
051012,0.2540807
051101,0.4652639
051102,0.2880953
051103,0.3456821
051104,0.3232207
051105,0.2998426
051106,0.2956477
051107,0.3312739
051108,0.3301329
060101,4.7302019
060102,0.4285234
060103,0.4361103
060104,0.3504433
060105,1.0295599
060106,0.6931245
060107,1.1995263
060108,2.0881553
060109,0.4698127
060110,0.7854705
060111,0.5703039
060112,0.531988
060201,1.0325679
060202,0.8123603
060203,0.5373435
060204,0.4033504
060301,0.6086011
060302,0.3906456
060303,0.3887505
060304,0.4432011
060305,0.5569032
060306,0.6386022
060307,0.3901348
060308,0.3983746
060309,0.4920617
060310,0.4903752
060311,0.4503565
060312,0.427027
060401,0.888999
060402,0.4625071
060403,0.4362377
060404,0.5622697
060405,0.4256358
060406,0.3602458
060407,0.510928
060408,0.4324105
060409,0.4657982
060410,0.7448404
060411,0.4682216
060412,0.3642546
060413,0.4839144
060414,0.4465069
060415,0.4596549
060416,0.3711076
060417,0.4863708
060418,0.3693407
060419,0.4976103
060501,0.4131301
060502,0.5116714
060503,0.3647593
060504,0.3672428
060505,0.4103248
060506,0.363657
060507,0.3755842
060508,0.5489873
060601,0.7667433
060602,0.4699967
060603,0.4409661
060604,0.4267454
060605,0.5528768
060606,0.4170672
060607,0.4196455
060608,0.4768175
060609,0.4530739
060610,0.4711858
060611,0.4152469
060612,0.5210111
060613,0.5079583
060614,0.5380924
060615,0.4380831
060701,0.6523629
060702,1.7524094
060703,2.6078437
060801,1.0898453
060802,0.5306376
060803,0.4368307
060804,0.4206356
060805,0.4175863
060806,0.5421995
060807,0.4110504
060808,0.5568512
060809,0.3521426
060810,0.4599076
060811,0.4127833
060812,0.5116623
060901,0.6794938
060902,0.4673998
060903,0.4173378
060904,0.5130696
060905,0.4152351
060906,0.3850619
060907,0.4078313
061001,0.6849574
061002,0.4527442
061003,0.5091281
061004,0.5579929
061005,0.5132634
061006,0.4806223
061007,0.4068798
061101,0.4810512
061102,0.3939901
061103,0.3587732
061104,0.6890227
061105,0.3589536
061106,0.4691383
061107,0.7020753
061108,0.3531989
061109,0.3827796
061110,0.371435
061111,0.4398968
061112,0.5671913
061113,0.4036634
061201,0.531847
061202,0.5166538
061203,0.5068506
061204,0.4299643
061301,0.8390236
061302,0.5944351
061303,0.4344384
061304,0.4064543
061305,0.4397133
061306,0.4456801
061307,0.9741609
061308,0.502734
061309,0.3809348
061310,0.3797365
061311,0.4199674
070101,81.8252854
070102,105.6930197
070103,114.6714564
070104,96.540631200000007
070105,42.0104007
070106,41.3699353
070107,66.7615309
080101,7.7511143
080102,0.3722508
080103,2.7145969
080104,5.2389843
080105,9.4309299
080106,7.0085557
080107,2.9972
080108,78.8598779
080201,0.4178319
080202,0.4426033
080203,0.3491025
080204,0.5247119
080205,0.367654
080206,0.3306014
080207,0.4884009
080301,0.7814623
080302,0.4786778
080303,2.1695829
080304,0.4178393
080305,0.4108743
080306,0.4324552
080307,0.3466066
080308,0.9637741
080309,1.4139837
080401,0.6749071
080402,0.5636519
080403,0.5113282
080404,0.2688805
080405,0.7220308
080406,0.5345729
080407,1.0210592
080408,0.307926
080501,0.3648119
080502,0.2944533
080503,0.3111115
080504,0.4628505
080505,0.3842808
080506,0.5900433
080507,0.3252531
080508,0.3779081
080601,0.665488
080602,0.3006294
080603,0.4254916
080604,0.3644901
080605,0.2882891
080606,0.3122374
080607,0.5672608
080608,0.5696649
080701,0.3031905
080702,0.3077014
080703,0.3402091
080704,0.3422619
080705,0.3181184
080706,0.331935
080707,0.5088317
080708,0.7511265
080801,2.0793319
080802,0.27282
080803,0.302758
080804,0.3187205
080805,0.2971116
080806,0.2906454
080807,0.2943165
080808,0.3360995
080901,0.6996747
080902,0.3040564
080903,0.372616
080904,0.4887367
080905,0.3160297
080906,0.3045503
080907,0.3690768
080908,0.3878772
080909,0.305412
080910,0.4125894
080911,0.3231006
080912,0.36755
080913,0.3800666
080914,0.8236444
081001,0.4203215
081002,0.3192323
081003,0.3470672
081004,0.3001252
081005,0.4052577
081006,0.2834728
081007,0.3134719
081008,0.3513736
081009,0.373954
081101,0.4172468
081102,0.4133476
081103,0.3709063
081104,0.33
081105,0.4005918
081106,0.3000087
081201,0.6799829
081202,0.7795066
081203,0.3020234
081204,0.2700955
081205,0.4317718
081206,0.433849
081207,0.4397228
081208,0.6017118
081209,0.2832631
081210,0.3162996
081211,2.0122101
081212,0.3731211
081301,0.8532975
081302,0.9361274
081303,0.8195726
081304,0.7092041
081305,0.7780632
081306,0.4035187
081307,1.1028687
090101,0.7563253
090102,0.3088265
090103,0.4050661
090104,0.490409
090105,0.3594095
090106,0.4550537
090107,0.3718091
090108,0.8218614
090109,0.3339298
090110,0.2732359
090111,0.5432988
090112,0.3107013
090113,0.345693
090114,0.4035267
090115,0.3619894
090116,0.2934363
090117,0.4091533
090118,0.4288772
090119,0.3734191
090201,0.6100011
090202,0.3958324
090203,0.42583530000000003
090204,0.3318889
090205,0.3132967
090206,0.452471
090207,0.5719315
090208,0.4442124
090301,0.3875665
090302,0.4764229
090303,0.3480855
090304,0.8422836
090305,0.3005544
090306,0.3169636
090307,0.2990465
090308,0.3351394
090309,0.3962733
090310,0.3451213
090311,0.2985726
090312,0.275002
090401,0.2707218
090402,0.2793246
090403,0.2672801
090404,0.2530705
090405,0.2799646
090406,0.3496233
090407,0.2727471
090408,0.2826368
090409,0.2883563
090410,0.2466597
090411,0.2870438
090412,0.3018404
090413,0.3223074
090501,0.6666178
090502,0.4354718
090503,0.3888112
090504,0.423778
090505,0.3339245
090506,0.4766182
090507,0.4984634
090508,0.5049774
090509,1.4577591
090510,0.3994874
090511,0.4391273
090601,0.3289073
090602,0.2950698
090603,0.3167639
090604,0.310166
090605,0.2447074
090606,0.3744397
090607,0.2612383
090608,0.2417994
090609,0.2841025
090610,0.2623743
090611,0.298763
090612,0.2510703
090613,0.2573711
090614,0.2617421
090615,0.264613
090616,0.2652084
090701,0.6600478
090702,0.5554978
090703,0.4337566
090704,0.582602
090705,0.7327606
090706,0.6617696
090707,0.3808252
090709,0.3737968
090710,0.5199342
090711,0.4498844
090713,0.4129989
090714,0.3779568
090715,0.3701845
090716,0.3853711
090717,0.4602319
090718,0.3582741
090719,0.6142212
090720,0.7607967
090721,0.3595803
090722,0.3474654
090723,0.3861964
100101,3.2850199
100102,3.0500936
100103,0.4317291
100104,0.4733247
100105,0.4219949
100106,0.4677995
100107,0.5162688
100108,0.4093175
100109,0.5360306
100110,0.425261
100111,2.3900875
100112,0.4198575
100113,0.4202311
100201,0.6254906
100202,0.4481841
100203,0.4397573
100204,0.6150626
100205,0.5922614
100206,0.4063564
100207,0.4194917
100208,0.6612469
100301,0.4616363
100307,0.421839
100311,0.3310425
100313,0.3856004
100316,0.4487038
100317,0.5627112
100321,0.4801664
100322,0.5206612
100323,0.4869772
100401,0.3377126
100402,0.3515842
100403,0.3663902
100404,0.353214
100501,0.5074881
100502,0.3706146
100503,0.4212828
100504,0.4339047
100505,0.3244297
100506,0.4313547
100507,0.3953983
100508,0.5068654
100509,0.4157335
100510,0.4363591
100511,0.3112716
100601,1.2896882
100602,0.4037727
100603,0.444753
100604,0.4906487
100605,0.7784817
100606,0.4824041
100607,0.3869622
100608,0.988774
100609,0.4712296
100610,0.4128186
100701,0.3885381
100702,0.4084977
100703,0.4283756
100704,0.4735144
100705,0.3978923
100801,0.4476406
100802,0.3977287
100803,0.4714613
100804,0.5917513
100901,0.3349423
100902,0.3652802
100903,0.3525686
100904,0.3937318
100905,0.3353429
101001,0.3913482
101002,0.4031903
101003,0.4242121
101004,0.3475595
101005,0.3990206
101006,0.5365743
101007,0.4534864
101101,0.4676033
101102,0.8042504
101103,0.5225109
101104,0.3936312
101105,0.6979381
101106,0.4992626
101107,0.391699
101108,0.4188991
110101,1.2901209
110102,3.3271336
110103,3.3341805
110104,0.2678304
110105,1.7207449
110106,19.5080432
110107,4.919709
110108,0.8714391
110109,0.4529604
110110,3.8105155
110111,0.3664454
110112,1.6937692
110113,5.3660905
110114,0.2852184
110201,2.4567746
110202,0.8884833
110203,0.4795016
110204,3.0375902
110205,0.4871427
110206,1.5056961
110207,1.3380375
110208,0.2527802
110209,0.2786055
110210,9.5532998
110211,9.1777979
110301,0.5562309
110302,0.2436949
110303,0.3085058
110304,0.8870715
110305,0.7338218
110401,0.7660939
110402,0.3953685
110403,0.3363816
110404,0.2815478
110405,0.252521
110501,15.3320075
110502,0.2857115
110503,0.3582944
110504,0.8933405
110505,0.7388722
110506,2.0417695
110507,1.6958927
110508,3.5648418
120101,3.3949282
120104,0.3878755
120105,0.2919597
120106,0.3903683
120107,14.1039175
120108,0.3983976
120111,0.6016608
120112,0.3194385
120113,0.4361627
120114,4.9463556
120116,0.8441657
120117,2.4042013
120119,11.5360578
120120,0.2979313
120121,4.476567
120122,0.6394031
120124,0.3683653
120125,12.4997586
120126,0.5715122
120127,0.5781145
120128,0.4967109
120129,5.5657955
120130,3.1266224
120132,2.6630513
120133,1.3980113
120134,3.1485276
120135,0.3609488
120136,3.3622187
120201,7.1037854
120202,0.6976448
120203,0.346396
120204,0.4153276
120205,0.3401015
120206,0.3205235
120207,0.6098645
120208,0.86133439999999994
120209,0.4160373
120210,1.8134314
120211,1.2259201
120212,2.1451125
120213,1.7985557
120214,0.3560474
120215,1.36282
120301,0.5794496
120302,0.5031003
120303,0.5182464
120304,0.4712684
120305,0.6038808
120306,0.3642046
120401,8.8505432
120402,0.6458715
120403,0.3414748
120404,1.7203257
120405,0.3119893
120406,0.4525832
120407,1.2864141
120408,1.0911517
120409,1.1901208
120410,1.6544474
120411,0.3841441
120412,0.7856002
120413,0.843101
120414,0.4115733
120415,0.6433001
120416,1.0827429
120417,0.4519701
120418,0.3311587
120419,0.3555477
120420,1.2343967
120421,0.9875849
120422,0.5326498
120423,0.3526041
120424,1.3837043
120425,0.494574
120426,0.2852484
120427,0.2778578
120428,1.3021012
120429,0.8575767
120430,6.1067578
120431,0.4163495
120432,0.4397667
120433,0.333173
120434,1.8158898
120501,0.3916589
120502,0.6233335
120503,0.3498607
120504,0.3911786
120601,0.5081681
120602,0.5039978
120603,0.4344511
120604,0.3535994
120605,0.3417244
120606,0.3264664
120607,0.4430619
120608,0.3147053
120609,0.3438504
120701,1.0393348
120702,0.9488531
120703,0.3310697
120704,0.3723195
120705,1.8428629
120706,0.4457589
120707,0.4106676
120708,0.3446635
120709,0.3720718
120801,0.9176176
120802,0.3033322
120803,1.0818642
120804,0.3186284
120805,1.2724185
120806,0.4864061
120807,0.480739
120808,1.4411656
120809,0.3482752
120810,2.1404298
120901,4.8583178
120902,0.8328103
120903,0.6313361
120904,1.4163848
120905,8.0477965
120906,0.9560362
120907,0.3428898
120908,2.5026635
120909,0.3280826
130101,38.4314242
130102,14.5906686
130103,34.6013592
130104,3.1294088
130105,27.9725685
130106,1.4608294
130107,9.7104257
130108,0.6152546
130109,1.6622593
130110,0.4741512
130111,31.3664456
130201,0.6497201
130202,3.2723791
130203,5.5625168
130204,0.8187178
130205,6.4216707
130206,1.1048264
130207,3.0990191
130208,0.759191
130301,0.3632675
130302,0.3430897
130303,0.3238358
130304,0.3789078
130305,0.4230445
130306,0.3686315
130401,1.529841
130402,0.7810789
130403,0.7210687
130501,0.4642745
130502,0.3662629
130503,0.3790667
130504,0.3400643
130601,0.6016444
130602,0.6984478
130604,0.5563838
130605,0.4855517
130606,0.4040773
130608,0.9278462
130610,0.4196755
130611,0.533291
130613,0.443312
130614,0.5192711
130701,0.8684378
130702,2.6847887
130703,2.3224951
130704,7.4643599
130705,1.1267771
130801,0.4937082
130802,0.439472
130803,0.3520865
130804,0.4920864
130805,0.4211191
130806,0.3986842
130807,0.3529054
130808,1.3898867
130809,0.7391422
130810,0.5605508
130811,0.3762701
130812,0.3570925
130813,0.39396
130901,1.5733706
130902,0.4019555
130903,0.5794478
130904,0.6137472
130905,0.4591035
130906,0.418423
130907,0.3856709
130908,0.3704822
131001,0.3839915
131002,0.4322793
131003,0.4067419
131004,0.4262151
131005,0.5934925
131006,0.7026999
131007,0.360487
131008,0.3727372
131101,0.4668937
131102,0.4366426
131103,0.4225921
131104,0.4086195
131201,0.7289086
131202,0.5909829
131203,0.4942456
140101,26.3168552
140102,0.5188933
140103,1.5854618
140104,2.5670106
140105,17.2132934
140106,9.7921468
140107,0.6377093
140108,4.5494125
140109,0.4542783
140110,0.506961
140111,2.2760143
140112,11.6059873
140113,4.4725557
140114,3.5422606
140115,0.8924604
140116,0.7563348
140117,0.9405879
140118,3.0181849
140119,0.6747031
140120,1.5792019
140201,3.2084759
140202,0.5974307
140203,0.3476666
140204,0.5889585
140205,0.5071444
140206,2.3993022
140301,1.8392558
140302,0.510336
140303,1.5219994
140304,0.5075921
140305,0.8394607
140306,0.4965391
140307,0.7837356
140308,0.4446638
140309,0.7546644
140310,0.3717755
140311,2.4745814
140312,1.2906422
150101,100.576536
150102,3.8777244
150103,56.5214991
150104,87.8551749
150105,91.9967698
150106,11.9972611
150107,13.4188745
150108,65.4445129
150109,4.4912043
150110,59.7083674
150111,73.8306034
150112,67.3047678
150113,103.5373999
150114,52.4597799
150115,114.013564
150116,126.0030932
150117,107.0526764
150118,16.0278398
150119,15.3167346
150120,86.6304955
150121,113.0538757
150122,98.2034855
150123,9.0381501
150124,7.6596437
150125,46.3977445
150126,5.0393118
150127,3.4370083
150128,62.0366318
150129,4.7182176
150130,134.3409512
150131,101.1064954
150132,46.1681198
150133,113.5398123
150134,122.9456892
150135,96.2899342
150136,103.5083203
150137,124.5142249
150138,8.6063801
150139,24.4498549
150140,91.1343774
150141,140.6732834
150142,113.3909125
150143,56.0205727
150201,3.454473
150202,0.9763563
150203,1.0431166
150204,0.8406515
150205,11.4244264
150301,0.3505687
150302,0.3432514
150303,0.3349862
150304,0.3629726
150305,0.3604753
150401,0.6085466
150402,0.314158
150403,0.3340987
150404,0.3221742
150405,0.3448559
150406,0.4546699
150407,0.5164935
150501,2.9767099
150502,3.3783019
150503,0.4477327
150504,2.2830725
150505,2.6532725
150506,0.4561892
150507,7.3896353
150508,0.4419141
150509,5.614001
150510,1.2277673
150511,0.3391635
150512,0.8655776
150513,5.0243805
150514,4.0962926
150515,1.7026464
150516,0.5183072
150601,1.987936
150602,0.4350336
150603,0.3971609
150604,1.1257468
150605,4.3981642
150606,0.3945348
150607,0.3907244
150608,0.4032711
150609,0.7083652
150610,0.6479358
150611,0.4038259
150612,0.3614155
150701,0.6245056
150702,0.4954268
150703,0.8746584
150704,0.5121958
150705,1.0592701
150706,0.3776356
150707,0.4451092
150708,0.5566474
150709,0.294921
150710,0.3189615
150711,0.3314832
150712,0.3130084
150713,0.2824154
150714,2.8054832
150715,0.3371776
150716,0.933419
150717,0.8929423
150718,0.2649791
150719,0.2595698
150720,0.2570512
150721,0.2519065
150722,0.4582697
150723,0.4547598
150724,0.5221098
150725,0.2646988
150726,0.2620793
150727,2.820035
150728,1.2818793
150729,0.2490618
150730,0.5817212
150731,0.3640848
150732,0.7397556
150801,1.2640839
150802,0.3364959
150803,17.4845413
150804,0.3694156
150805,27.4763
150806,1.0150185
150807,0.3206233
150808,0.3637057
150809,0.3212752
150810,3.2366534
150811,0.6275374
150812,2.3890896
150901,0.6335354
150902,0.4392893
150903,0.3504256
150904,0.32807
150905,0.3840939
150906,0.4647509
151001,0.3403794
151002,0.5676999
151003,0.3247667
151004,0.348996
151005,0.3314289
151006,0.309561
151007,0.3204971
151008,0.4332745
151009,0.33889590000000003
151010,0.2446824
151011,0.3177294
151012,0.2938239
151013,0.3016841
151014,0.3049664
151015,0.3824996
151016,0.3808228
151017,0.2876577
151018,0.3264985
151019,0.2909555
151020,0.3285693
151021,0.3070442
151022,0.3591584
151023,0.3536462
151024,0.2926797
151025,0.3433078
151026,0.2789295
151027,0.3766832
151028,0.2967137
151029,0.2918109
151030,0.3259589
151031,0.3212468
151032,0.3274477
151033,0.3118318
160101,2.1925042
160102,0.3528454
160103,0.3263766
160104,0.3270793
160105,0.3181566
160106,0.3280835
160107,0.3515214
160108,0.6941132
160110,0.3287588
160112,0.8711647
160113,0.544988
160201,0.5016819
160202,0.3253301
160205,0.3537576
160206,0.365879
160210,0.3425861
160211,0.3420908
160301,0.3848415
160302,0.3520159
160303,0.3819097
160304,0.39828209999999997
160305,0.3845305
160401,0.3280558
160402,0.3208412
160403,0.3516527
160404,0.3203185
160501,0.3570067
160502,0.3396573
160503,0.356821
160504,0.3352856
160505,0.3466925
160506,0.3681439
160507,0.3808011
160508,0.3659175
160509,0.3464116
160510,0.3280561
160511,0.4188431
160601,0.3317178
160602,0.2934787
160603,0.3378074
160604,0.3303975
160605,0.3207528
160606,0.3206675
160701,0.3595489
160702,0.3321003
160703,0.3851574
160704,0.3582251
160705,0.3431365
160706,0.3543917
160801,0.340506
160802,0.3378996
160803,0.3105193
160804,0.3263005
170101,0.3656626
170102,0.3168942
170103,0.2886065
170104,0.2880964
170201,0.2824235
170202,0.2669003
170203,0.2766209
170204,0.3810947
170301,0.2598377
170302,0.311672
170303,0.2797614
180101,0.7819998
180102,0.3657142
180103,0.3459314
180104,1.8866507
180105,0.2541091
180106,1.5243369
180201,0.3803888
180202,0.2410823
180203,0.344977
180204,0.2881591
180205,0.2945199
180206,0.2551294
180207,0.2482939
180208,0.2997178
180209,0.2670163
180210,0.2747369
180211,0.2620035
180301,3.1608756
180302,0.390146
180303,1.6295577
190101,10.3949673
190102,0.3779245
190103,0.5505064
190104,0.6848575
190105,0.363023
190106,0.6256315
190107,0.4354214
190108,1.3224931
190109,0.9073059
190110,0.3859352
190111,2.8849633
190112,1.0684224
190113,2.4293905
190201,0.4469385
190202,0.4550857
190203,0.6461746
190204,0.4611248
190205,0.3904126
190206,0.4422315
190207,0.6323625
190208,0.4496025
190301,0.8273479
190302,0.5550864
190303,0.4004693
190304,0.3922419
190305,0.4095378
190306,0.3375374
190307,0.4824076
190308,0.3244737
200101,6.2361071
200104,2.358938
200105,0.6524709
200107,1.1492562
200108,0.6629627
200109,1.5894374
200110,0.9732156
200111,0.6343708
200114,0.7036552
200115,17.9600054
200201,0.3805513
200202,0.3906213
200203,0.4210873
200204,0.3483619
200205,0.511654
200206,0.3415678
200207,0.4375044
200208,0.3678472
200209,0.6118794
200210,0.41715
200301,0.4851367
200302,0.4570073
200303,0.3802851
200304,0.3922186
200305,0.3829429
200306,0.4628826
200307,0.3891942
200308,0.4763849
200401,0.8543883
200402,0.6302868
200403,0.4995517
200404,0.3935324
200405,1.1546084
200406,0.4361762
200407,0.4923442
200408,0.5582564
200409,0.4576767
200410,0.4187417
200501,2.2460572
200502,1.002057
200503,2.6872241
200504,7.3562343
200505,3.3748223999999998
200506,1.6662075
200507,1.4132401
200601,2.7805874
200602,35.0370778
200603,2.3067758
200604,0.388576
200605,0.5651041
200606,4.1269353
200607,0.9520204
200608,3.3651561
200701,3.6172083
200702,2.1471775
200703,0.7806043
200704,3.9278767
200705,1.2813932
200706,1.6942134
200801,0.4717362
200802,3.109194
200803,1.5270017
200804,0.4456381
200805,0.8412093
200806,1.322506
210101,2.3115312
210102,0.3033779
210103,0.3534286
210104,0.3455283
210105,0.3469064
210106,0.41557
210107,0.4661915
210108,0.4605664
210109,0.322583
210110,0.4227104
210111,0.2501438
210112,0.3191238
210113,0.2469838
210114,0.2717546
210115,0.4587333
210201,0.5096854
210202,0.2717779
210203,0.3156349
210204,0.3508235
210205,0.3758103
210206,0.310543
210207,0.7280499
210208,0.32374000000000003
210209,0.3292936
210210,0.4564185
210211,0.3974154
210212,0.2585722
210213,0.2837436
210214,0.2809199
210215,0.3170777
210301,0.3469957
210302,0.3215577
210303,0.3309297
210304,0.3050877
210305,0.2958948
210306,0.296569
210307,0.2856623
210308,0.3689937
210309,0.321735
210310,0.2666836
210401,0.3666991
210402,0.9511935
210403,0.2600637
210404,0.275671
210405,0.245607
210406,0.515482
210407,0.3364097
210501,0.5580016
210502,0.2358056
210503,0.3901882
210504,0.2437717
210505,0.2628532
210601,0.5465812
210602,0.2427194
210603,0.5092656
210604,0.2490366
210605,0.5668085
210606,0.2864916
210607,0.5263994
210608,0.2896754
210701,0.428803
210702,0.3664078
210703,0.3815032
210704,0.2892055
210705,0.3862868
210706,0.3020504
210707,0.2820422
210708,0.2975351
210709,0.3013837
210710,0.3073077
210801,0.4684072
210802,0.6225325
210803,0.2999812
210804,0.3166768
210805,0.3228184
210806,0.2730742
210807,0.366407
210808,0.2988283
210809,0.2947543
210901,0.3218011
210902,0.5357527
210903,0.4457035
210904,0.367204
211001,0.3545525
211002,0.4148166
211003,0.280593
211004,0.3020917
211005,0.3211741
211101,4.336023
211102,0.4017584
211103,0.2639658
211104,1.6166325
211105,3.4772456
211201,0.3247354
211202,0.2935828
211203,0.2754647
211204,0.2821712
211205,0.290631
211206,0.3567935
211207,0.3252217
211208,0.2870353
211209,0.3047253
211210,0.2649674
211301,1.4861082
211302,0.2859174
211303,0.4076708
211304,1.081181
211305,0.4512086
211306,1.389276
211307,0.6680594
220101,0.5267156
220102,0.7211572
220103,0.6402884
220104,0.5359635
220105,0.4898305
220106,0.5445112
220201,0.6871022
220202,0.4055163
220203,0.3838619
220204,0.3880395
220205,0.3686177
220206,0.619097
220301,0.4916598
220302,0.3594103
220303,0.3569508
220304,0.3952682
220305,0.4440724
220401,0.4315039
220402,0.3722146
220403,0.3677196
220404,0.4349005
220405,0.4384621
220406,0.3846463
220501,0.9976686
220502,0.4073132
220503,0.3164978
220504,0.3538099
220505,0.4279611
220506,0.3788591
220507,0.8046379
220508,0.3621274
220509,0.5547694
220510,0.4069493
220511,0.393888
220601,0.6789991
220602,0.3788984
220603,0.3399139
220604,0.3491678
220605,0.4448064
220701,0.4957101
220702,0.3856967
220703,0.476415
220704,0.3951054
220705,0.4205789
220706,0.7146493
220707,0.7893758
220708,0.3592094
220709,0.3543367
220710,0.4055889
220801,1.1055645
220802,0.3914302
220803,0.5939308
220804,0.6609487
220805,0.3847743
220806,0.5343347
220807,0.5555282
220808,0.5642277
220809,0.6628722
220901,7.1258512
220902,0.3590557
220903,1.3276554
220904,0.3333736
220905,0.3279951
220906,0.3593939
220907,0.3506082
220908,0.5263588
220909,1.3578893
220910,2.814206
220911,0.3306165
220912,0.5219888
220913,0.4723401
220914,0.3677276
221001,0.6472001
221002,0.4613323
221003,0.4393585
221004,0.3370857
221005,0.5884659
230101,0.7561481
230102,0.6750365
230103,0.8931088
230104,0.8217659
230105,0.27584
230106,0.2707089
230107,0.3501521
230108,1.9559208
230109,0.3924765
230110,3.4083045
230111,0.4514831
230201,0.2775643
230202,0.3184804
230203,0.3277652
230204,0.3336532
230205,0.2672043
230206,0.3470911
230301,0.3671038
230302,1.1711085
230303,0.3144939
230401,0.2704382
230402,0.246013
230403,0.2563252
230404,0.2535328
230405,0.2619678
230406,0.2395173
230407,0.2694961
230408,0.2412887
240101,5.9833751
240102,2.397979
240103,1.4192689
240104,0.4117364
240105,0.4771479
240106,0.8272226
240201,0.6037186
240202,0.3720317
240203,0.5570022
240301,2.8525567
240302,8.3379309
240303,0.4193857
240304,0.907247
250101,0.4122697
250102,0.5487234
250103,0.3013813
250104,0.3145504
250105,1.5874424
250106,0.3569621
250107,1.2967612
250201,0.3261847
250202,0.3195599
250203,0.322044
250204,0.2819348
250301,0.3598437
250302,0.305361
250303,0.4034364
250304,0.4263003
250305,0.4160905
250401,0.280825
