ubigeo,no2
010101,4.4983333333333334e-05
010102,4.153333333333333e-5
010103,4.495833333333333e-5
010104,4.2741666666666664e-5
010105,4.078333333333333e-5
010106,4.355833333333333e-5
010107,4.093333333333333e-5
010108,4.4733333333333334e-5
010109,4.3425e-5
010110,4.2875e-5
010111,4.3033333333333334e-5
010112,4.4758333333333335e-5
010113,4.3066666666666665e-5
010114,4.133333333333333e-5
010115,4.165e-5
010116,4.0725e-5
010117,4.17e-5
010118,4.3366666666666666e-5
010119,4.2558333333333336e-5
010120,4.2475e-5
010121,4.44e-5
010201,4.8666666666666666e-5
010202,4.56e-5
010203,4.385833333333333e-5
010204,4.815e-5
010205,4.549166666666667e-5
010206,4.630833333333333e-5
010301,4.1733333333333336e-5
010302,4.126666666666667e-5
010303,4.24e-5
010304,4.1641666666666665e-5
010305,4.314166666666667e-5
010306,4.225e-5
010307,4.45e-5
010308,4.1441666666666667e-5
010309,4.183333333333333e-5
010310,4.158333333333333e-5
010311,4.205e-5
010312,4.295e-5
010401,4.64e-5
010402,4.465e-5
010403,4.591666666666667e-5
010501,4.3349999999999997e-05
010502,4.3933333333333335e-5
010503,4.400833333333334e-5
010504,4.291666666666667e-5
010505,4.233333333333334e-5
010506,4.23e-5
010507,4.2075e-5
010508,4.3625e-5
010509,4.3941666666666666e-5
010510,4.2308333333333336e-5
010511,4.195e-5
010512,4.26e-5
010513,4.463333333333333e-5
010514,4.3375e-5
010515,4.7258333333333335e-5
010516,4.156666666666667e-5
010517,4.41e-5
010518,4.2583333333333336e-5
010519,4.321666666666667e-5
010520,4.181666666666667e-5
010521,4.1441666666666667e-5
010522,4.3908333333333334e-5
010523,4.4275e-5
010601,4.101666666666667e-5
010602,4.4025e-5
010603,4.18e-5
010604,4.2725e-5
010605,4.2516666666666666e-5
010606,4.1725e-5
010607,4.179166666666667e-5
010608,4.459166666666667e-5
010609,4.260833333333333e-5
010610,4.3641666666666666e-5
010611,4.460833333333333e-5
010612,4.1991666666666666e-5
010701,4.709166666666667e-5
010702,4.205833333333333e-5
010703,4.775833333333333e-5
010704,4.791666666666667e-5
010705,4.425e-5
010706,4.3683333333333336e-5
010707,4.37e-5
020101,5.1475000000000004e-5
020102,4.988333333333333e-5
020103,5.415e-5
020104,5.205e-5
020105,4.7566666666666666e-5
020106,5.1141666666666665e-5
020107,5.2e-5
020108,5.27e-5
020109,5.468333333333333e-5
020110,4.96e-5
020111,4.994166666666667e-5
020112,4.796666666666667e-5
020201,5.3591666666666664e-5
020202,5.300833333333333e-5
020203,5.385e-5
020204,5.1575e-5
020205,5.4575e-5
020301,4.773333333333333e-5
020302,4.7783333333333334e-5
020303,4.8341666666666665e-5
020304,4.718333333333333e-5
020305,4.876666666666667e-5
020306,4.705833333333333e-5
020401,4.785e-5
020402,4.849166666666667e-5
020501,5.18e-5
020502,5.4216666666666665e-5
020503,5.658333333333333e-5
020504,5.2175e-5
020505,5.264166666666667e-5
020506,5.328333333333333e-5
020507,5.755e-5
020508,4.9525e-5
020509,5.025e-5
020510,5.294166666666667e-5
020511,5.3933333333333334e-5
020512,5.2175e-5
020513,5.175e-5
020514,5.190833333333333e-5
020515,5.209166666666667e-5
020601,5.016666666666667e-5
020602,5.245e-5
020603,5.1416666666666665e-5
020604,5.183333333333334e-5
020605,5.0316666666666665e-5
020606,4.688333333333333e-5
020607,5.219166666666667e-5
020608,4.7016666666666667e-5
020609,4.519166666666667e-5
020610,5.2791666666666665e-5
020611,5.185e-5
020701,4.8091666666666666e-5
020702,4.8058333333333334e-5
020703,4.7775e-5
020801,5.3275e-5
020802,5.3041666666666664e-5
020803,5.37e-5
020804,5.333333333333333e-5
020901,4.9191666666666665e-5
020902,4.625833333333333e-5
020903,4.95e-5
020904,4.69e-5
020905,5.1975e-5
020906,5.181666666666667e-5
020907,5.4766666666666665e-5
021001,4.7491666666666665e-5
021002,4.8066666666666665e-5
021003,4.706666666666667e-5
021004,5.5108333333333336e-5
021005,4.768333333333333e-5
021006,4.6375e-5
021007,5.209166666666667e-5
021008,5.075e-5
021009,4.8866666666666664e-5
021010,4.7475e-5
021011,4.8825e-5
021012,4.9925e-5
021013,4.6025e-5
021014,5.600833333333333e-5
021015,5.0816666666666664e-5
021016,4.7175e-5
021101,5.611666666666667e-5
021102,5.5058333333333334e-5
021103,5.4925e-5
021104,5.6725e-5
021105,5.3975e-5
021201,4.9141666666666664e-5
021202,5.455e-5
021203,5.0241666666666664e-5
021204,5.234166666666667e-5
021205,5.041666666666667e-5
021206,4.9025e-5
021207,5.1666666666666664e-5
021208,4.759166666666667e-5
021209,5.2925e-5
021210,4.8658333333333335e-5
021301,4.676666666666667e-5
021302,4.629166666666667e-5
021303,4.6775e-5
021304,4.745e-5
021305,4.575833333333333e-5
021306,4.539166666666667e-5
021307,4.5816666666666665e-5
021308,4.55e-5
021401,5.1975e-5
021402,5.489166666666667e-5
021403,5.193333333333333e-5
021404,5.359166666666667e-5
021405,6e-5
021406,5.260833333333333e-5
021407,5.405e-5
021408,5.2541666666666665e-5
021409,5.803333333333333e-5
021410,5.14e-5
021501,4.975e-5
021502,5.4233333333333335e-5
021503,4.620833333333333e-5
021504,5.015e-5
021505,4.8825e-5
021506,4.878333333333333e-5
021507,5.0125e-5
021508,5.245833333333333e-5
021509,4.7175e-5
021510,5.153333333333333e-5
021511,5.320833333333333e-5
021601,4.6325e-5
021602,4.516666666666666e-5
021603,4.6975000000000003e-5
021604,4.7475e-5
021701,5.4191666666666665e-5
021702,5.550833333333333e-5
021703,5.211666666666667e-5
021704,5.165833333333333e-5
021705,5.2525e-5
021706,5.326666666666667e-5
021707,5.3108333333333334e-5
021708,5.4533333333333335e-5
021709,5.0566666666666665e-5
021710,5.668333333333333e-5
021801,5.5375e-5
021802,4.9758333333333334e-5
021803,5.7825e-5
021804,5.219166666666667e-5
021805,5.2491666666666664e-5
021806,5.4499999999999997e-5
021807,5.315e-5
021808,5.8141666666666666e-5
021809,5.3941666666666665e-5
021901,4.624166666666667e-5
021902,4.660833333333333e-5
021903,4.5258333333333333e-5
021904,4.7783333333333334e-5
021905,4.605833333333333e-5
021906,4.5283333333333334e-5
021907,4.7375e-5
021908,4.570833333333333e-5
021909,4.94e-5
021910,4.878333333333333e-5
022001,4.735833333333333e-5
022002,4.988333333333333e-5
022003,4.87e-5
022004,5.2425e-5
022005,4.975e-5
022006,5.1275e-5
022007,5.0608333333333335e-5
022008,4.7216666666666665e-5
030101,5.3983333333333335e-5
030102,5.3458333333333336e-5
030103,5.2875e-5
030104,5.459166666666667e-5
030105,5.210833333333333e-5
030106,5.245e-5
030107,5.2808333333333334e-5
030108,5.360833333333333e-5
030109,5.135833333333333e-5
030201,5.1758333333333336e-5
030202,5.3275e-5
030203,5.2058333333333336e-5
030204,5.303333333333333e-5
030205,5.1875e-5
030206,5.183333333333333e-5
030207,5.209166666666667e-5
030208,5.2025e-5
030209,5.2075e-5
030210,5.195e-5
030211,5.0566666666666665e-5
030212,5.3083333333333334e-5
030213,5.180833333333334e-5
030214,5.2325e-5
030215,5.1225e-5
030216,5.475e-5
030217,5.154166666666667e-5
030218,5.204166666666667e-5
030219,5.24e-5
030220,5.195e-5
030301,5.0975e-5
030302,5.0833333333333333e-5
030303,5.2566666666666666e-5
030304,5.1375e-5
030305,5.485e-5
030306,5.188333333333333e-5
030307,5.3825e-5
030401,5.268333333333333e-5
030402,5.3458333333333336e-5
030403,5.23e-5
030404,5.3908333333333334e-5
030405,5.2308333333333335e-5
030406,5.179166666666667e-5
030407,5.444166666666667e-5
030408,5.225e-5
030409,5.041666666666667e-5
030410,5.24e-5
030411,5.043333333333333e-5
030412,5.209166666666667e-5
030413,5.3891666666666664e-5
030414,5.1699999999999996e-5
030415,5.2291666666666666e-5
030416,5.184166666666667e-5
030417,5.319166666666667e-5
030501,5.7566666666666666e-5
030502,5.4325e-5
030503,5.596666666666667e-5
030504,6.15e-5
030505,5.863333333333333e-5
030506,7.308333333333334e-5
030601,5.365e-5
030602,5.245e-5
030603,5.265833333333333e-5
030604,5.2858333333333335e-5
030605,5.3408333333333335e-5
030606,5.326666666666667e-5
030607,5.184166666666667e-5
030608,5.3591666666666664e-5
030609,5.2333333333333336e-5
030610,5.3083333333333334e-5
030611,5.28e-5
030701,5.488333333333333e-5
030702,5.555e-5
030703,5.381666666666667e-5
030704,5.815e-5
030705,5.9033333333333336e-5
030706,6.03e-5
030707,5.7633333333333336e-5
030708,6.74e-5
030709,5.998333333333333e-5
030710,6.095833333333333e-5
030711,6.176666666666667e-5
030712,6.190833333333334e-5
030713,5.695833333333333e-5
030714,6.190833333333334e-5
040101,1.4805833333333333e-4
040102,1.0661666666666667e-4
040103,7.893333333333333e-5
040104,9.764166666666666e-5
040105,1.19025e-4
040106,1.1019166666666667e-4
040107,1.3756666666666666e-4
040108,7.786666666666667e-5
040109,1.2745e-4
040110,1.2598333333333332e-4
040111,1.2835833333333334e-4
040112,1.4610833333333334e-4
040113,1.0755e-4
040114,8.411666666666666e-5
040115,1.1533333333333334e-4
040116,1.3675833333333333e-4
040117,1.4167500000000001e-4
040118,6.489166666666667e-5
040119,6.448333333333333e-5
040120,6.359166666666666e-5
040121,6.1475e-5
040122,1.3939166666666666e-4
040123,1.2418333333333333e-4
040124,1.0273333333333333e-4
040125,6.506666666666667e-5
040126,1.46425e-4
040127,9.746666666666667e-5
040128,7.04e-5
040129,1.4954166666666666e-4
040201,5.3225e-5
040202,5.274166666666667e-5
040203,5.4125e-5
040204,5.35e-5
040205,5.5016666666666665e-5
040206,5.3825e-5
040207,5.5091666666666666e-5
040208,5.3825e-5
040301,5.47e-5
040302,5.3733333333333336e-5
040303,5.3641666666666665e-5
040304,5.484166666666667e-5
040305,5.383333333333333e-5
040306,5.521666666666667e-5
040307,5.5075e-5
040308,5.4191666666666665e-5
040309,5.495e-5
040310,5.470833333333333e-5
040311,5.44e-5
040312,5.54e-5
040313,5.4175e-5
040401,5.718333333333333e-5
040402,5.5e-5
040403,5.571666666666667e-5
040404,5.2258333333333334e-5
040405,5.484166666666667e-5
040406,5.3591666666666664e-5
040407,5.713333333333333e-5
040408,5.38e-5
040409,5.3691666666666666e-5
040410,5.2125e-5
040411,5.6208333333333335e-5
040412,5.6825e-5
040413,5.6475000000000004e-5
040414,5.129166666666667e-5
040501,5.600833333333333e-5
040502,5.709166666666667e-5
040503,5.6675e-5
040504,5.52e-5
040505,5.5341666666666666e-5
040506,5.544166666666667e-5
040507,5.7058333333333336e-5
040508,5.716666666666667e-5
040509,5.4558333333333336e-5
040510,5.301666666666667e-5
040511,5.5725e-5
040512,5.4716666666666664e-5
040513,5.379166666666667e-5
040514,5.638333333333333e-5
040515,5.6716666666666665e-5
040516,5.32e-5
040517,6.100833333333333e-5
040518,5.404166666666667e-5
040519,5.6725e-5
040520,5.856666666666667e-5
040601,5.4175e-5
040602,5.4675e-5
040603,5.22e-5
040604,5.6183333333333335e-5
040605,5.691666666666666e-5
040606,5.633333333333333e-5
040607,5.4175e-5
040608,5.583333333333333e-5
040701,6.195e-5
040702,6.699166666666666e-5
040703,5.96e-5
040704,5.6724999999999996e-5
040705,5.876666666666667e-5
040706,5.82e-5
040801,5.795e-5
040802,5.408333333333333e-5
040803,5.4491666666666665e-5
040804,5.0475e-5
040805,5.104166666666667e-5
040806,5.0825e-5
040807,5.770833333333333e-5
040808,5.6391666666666664e-5
040809,5.6724999999999996e-5
040810,5.6233333333333336e-5
040811,5.7516666666666664e-5
050101,5.42e-5
050102,5.1125e-5
050103,5.106666666666666e-5
050104,5.6133333333333333e-5
050105,5.2608333333333336e-5
050106,5.1458333333333335e-5
050107,5.2225e-5
050108,5.040833333333333e-5
050109,5.2475e-5
050110,5.7016666666666666e-5
050111,5.185e-5
050112,5.3158333333333336e-5
050113,5.293333333333334e-5
050114,5.101666666666667e-5
050115,5.4475e-5
050116,5.56e-5
050201,5.104166666666667e-5
050202,5.106666666666666e-5
050203,5.190833333333333e-5
050204,5.0816666666666664e-5
050205,5.041666666666667e-5
050206,5.020833333333333e-5
050301,5.2308333333333335e-5
050302,5.243333333333333e-5
050303,5.153333333333333e-5
050304,5.189166666666666e-5
050401,5.0008333333333334e-5
050402,4.735833333333333e-5
050403,4.9966666666666664e-5
050404,5.189166666666667e-5
050405,5.045e-5
050406,4.793333333333333e-5
050407,4.8591666666666664e-5
050408,4.9725e-5
050409,5.385e-5
050410,4.821666666666667e-5
050411,4.816666666666667e-5
050412,4.96e-5
050501,4.994166666666666e-5
050502,4.8899999999999996e-5
050503,4.945e-5
050504,5.294166666666667e-5
050505,4.904166666666667e-5
050506,5.108333333333333e-5
050507,4.943333333333333e-5
050508,4.96e-5
050509,4.820833333333333e-5
050510,4.86e-5
050511,4.9466666666666665e-5
050601,5.4025e-5
050602,5.374166666666667e-5
050603,5.291666666666667e-5
050604,5.355833333333333e-5
050605,5.4308333333333337e-5
050606,5.165833333333333e-5
050607,5.5075e-5
050608,5.3708333333333336e-5
050609,5.4266666666666667e-05
050610,5.376666666666667e-5
050611,5.2791666666666665e-5
050612,5.455e-5
050613,5.4225000000000003e-5
050614,5.429166666666667e-5
050615,5.4125e-5
050616,5.4816666666666666e-5
050617,5.465833333333334e-5
050618,5.435e-5
050619,5.5175e-5
050620,5.4325e-5
050621,5.4416666666666663e-5
050701,5.32e-5
050702,5.69e-5
050703,5.155833333333333e-5
050704,5.348333333333334e-5
050705,5.64e-5
050706,5.6466666666666666e-5
050707,5.601666666666667e-5
050708,5.3408333333333335e-5
050801,5.626666666666667e-5
050802,5.4741666666666665e-5
050803,5.6175e-5
050804,5.4925e-5
050805,5.625e-5
050806,5.125833333333333e-5
050807,5.5875e-5
050808,5.488333333333334e-5
050809,5.5566666666666664e-5
050810,5.5925000000000004e-5
050901,5.26e-5
050902,5.2975e-5
050903,5.42e-5
050904,5.438333333333333e-5
050905,5.325833333333333e-5
050906,5.3183333333333336e-5
050907,5.375833333333333e-5
050908,5.24e-5
050909,5.2925e-5
050910,5.325833333333333e-5
050911,5.151666666666667e-5
051001,5.2000000000000004e-5
051002,5.1391666666666664e-5
051003,5.270833333333333e-5
051004,5.410833333333333e-5
051005,5.135833333333333e-5
051006,5.1683333333333334e-5
051007,5.2824999999999997e-5
051008,5.041666666666667e-5
051009,5.1416666666666665e-5
051010,5.0841666666666665e-5
051011,5.149166666666667e-5
051012,5.2266666666666665e-5
051101,5.268333333333333e-5
051102,5.7125e-5
051103,5.349166666666667e-5
051104,5.215e-5
051105,5.5616666666666666e-5
051106,5.3983333333333335e-5
051107,5.245833333333333e-5
051108,5.0616666666666666e-5
060101,4.7258333333333335e-5
060102,4.995833333333333e-5
060103,4.77e-5
060104,4.7075e-5
060105,4.5558333333333334e-5
060106,4.738333333333333e-5
060107,4.8575e-5
060108,4.8116666666666666e-5
060109,4.875e-5
060110,4.6425000000000004e-5
060111,4.6525e-5
060112,4.7258333333333335e-5
060201,4.6733333333333335e-5
060202,4.8083333333333334e-5
060203,4.995833333333333e-5
060204,4.790833333333334e-5
060301,4.655e-5
060302,4.415e-5
060303,4.5858333333333334e-5
060304,4.5358333333333336e-5
060305,4.74e-5
060306,4.576666666666666e-5
060307,4.434166666666667e-5
060308,4.5591666666666666e-5
060309,4.5341666666666667e-5
060310,4.463333333333333e-5
060311,4.8575e-5
060312,4.535e-5
060401,4.5266666666666665e-5
060402,4.5258333333333333e-5
060403,4.429166666666667e-5
060404,4.659166666666667e-5
060405,4.6425000000000004e-5
060406,4.5658333333333336e-5
060407,4.9025e-5
060408,4.451666666666667e-5
060409,4.8591666666666664e-5
060410,4.7583333333333336e-5
060411,5.0024999999999996e-5
060412,4.758333333333333e-5
060413,4.438333333333333e-5
060414,4.6341666666666664e-5
060415,4.6408333333333334e-5
060416,4.88e-5
060417,4.519166666666667e-5
060418,5.099166666666667e-5
060419,4.5425e-5
060501,5.12e-5
060502,5.189166666666666e-5
060503,5.225e-5
060504,4.9825e-5
060505,5.2766666666666664e-5
060506,5.1225e-5
060507,5.158333333333333e-5
060508,5.4525e-5
060601,4.565e-5
060602,4.816666666666667e-5
060603,4.8924999999999997e-5
060604,4.6616666666666664e-5
060605,4.486666666666667e-5
060606,4.6983333333333335e-5
060607,4.708333333333333e-5
060608,4.385833333333333e-5
060609,4.6133333333333334e-5
060610,4.493333333333333e-5
060611,4.686666666666666e-5
060612,4.4691666666666664e-5
060613,4.601666666666667e-5
060614,4.4375e-5
060615,4.853333333333333e-5
060701,4.5258333333333333e-5
060702,4.3958333333333336e-5
060703,4.5033333333333335e-5
060801,4.6683333333333334e-5
060802,4.8875e-5
060803,4.3825e-5
060804,4.6166666666666666e-5
060805,4.5658333333333336e-5
060806,4.766666666666667e-5
060807,4.686666666666666e-5
060808,4.7333333333333336e-5
060809,4.5566666666666665e-5
060810,4.769166666666667e-5
060811,4.6483333333333336e-5
060812,4.6066666666666664e-5
060901,4.565e-5
060902,4.543333333333333e-5
060903,4.445e-5
060904,4.4666666666666664e-5
060905,4.4775e-5
060906,4.365e-5
060907,4.373333333333333e-5
061001,4.594166666666667e-5
061002,4.635833333333333e-5
061003,4.715833333333333e-5
061004,4.505e-5
061005,4.73e-5
061006,4.6683333333333334e-5
061007,4.598333333333333e-5
061101,5.1875e-5
061102,5.305833333333333e-5
061103,4.763333333333334e-5
061104,4.5558333333333334e-5
061105,4.8775e-5
061106,5.3908333333333334e-5
061107,4.6708333333333335e-5
061108,5.4975e-5
061109,5.1666666666666664e-5
061110,5.2866666666666666e-5
061111,4.7925e-5
061112,4.6433333333333335e-5
061113,5.190833333333333e-5
061201,4.93e-5
061202,5.1125e-5
061203,5.204166666666667e-5
061204,4.8041666666666664e-5
061301,5.2625e-5
061302,4.8875e-5
061303,5.1641666666666664e-5
061304,5.1116666666666665e-5
061305,4.954166666666667e-5
061306,4.631666666666666e-5
061307,4.8225e-5
061308,5.0275e-5
061309,5.238333333333334e-5
061310,4.885e-5
061311,4.826666666666667e-5
070101,1.7879166666666667e-4
070102,1.6990833333333332e-4
070103,1.9025833333333333e-4
070104,1.5931666666666667e-4
070105,1.5374166666666666e-4
070106,1.7353333333333334e-4
070107,1.7460000000000002e-4
080101,5.8141666666666666e-5
080102,5.4741666666666665e-5
080103,5.633333333333333e-5
080104,5.885833333333333e-5
080105,6.0841666666666664e-5
080106,5.943333333333333e-5
080107,5.865e-5
080108,6.484166666666667e-5
080201,5.175e-5
080202,5.543333333333334e-5
080203,5.2175e-5
080204,5.543333333333333e-5
080205,5.245833333333333e-5
080206,5.3683333333333335e-5
080207,5.3616666666666664e-5
080301,5.491666666666667e-5
080302,5.151666666666667e-5
080303,5.611666666666667e-5
080304,5.299166666666667e-5
080305,5.08e-5
080306,5.1175e-5
080307,5.12e-5
080308,5.9466666666666664e-5
080309,5.275e-5
080401,4.908333333333333e-5
080402,5.1500000000000005e-5
080403,5.163333333333333e-5
080404,4.86e-5
080405,5.1133333333333334e-5
080406,5.5841666666666664e-5
080407,5.385e-5
080408,5.1158333333333335e-5
080501,5.350833333333334e-5
080502,5.469166666666667e-5
080503,5.434166666666667e-5
080504,5.411666666666666e-5
080505,5.373333333333333e-5
080506,5.5875e-5
080507,5.3116666666666666e-5
080508,5.5900000000000004e-5
080601,5.33e-5
080602,5.1158333333333335e-5
080603,5.300833333333333e-5
080604,5.399166666666667e-5
080605,4.9516666666666666e-5
080606,5.180833333333334e-5
080607,5.3374999999999996e-5
080608,5.519166666666667e-5
080701,5.31e-5
080702,5.5308333333333334e-5
080703,5.456666666666667e-5
080704,5.610833333333333e-5
080705,5.405e-5
080706,5.5900000000000004e-5
080707,5.7775e-5
080708,5.59e-5
080801,6.749166666666666e-5
080802,5.5825e-5
080803,5.663333333333333e-5
080804,6.0049999999999996e-5
080805,5.711666666666667e-5
080806,5.653333333333333e-5
080807,5.8383333333333334e-5
080808,5.659166666666667e-5
080901,4.956666666666667e-5
080902,4.9474999999999996e-5
080903,4.878333333333333e-5
080904,4.909166666666667e-5
080905,4.883333333333333e-5
080906,5.014166666666667e-5
080907,4.679166666666667e-5
080908,4.846666666666667e-5
080909,4.83e-5
080910,5.066666666666667e-5
080911,4.8375e-5
080912,4.86e-5
080913,5.055e-5
080914,5.2358333333333337e-5
081001,5.265e-5
081002,5.5316666666666665e-5
081003,5.473333333333333e-5
081004,5.4416666666666663e-5
081005,5.473333333333333e-5
081006,5.353333333333334e-5
081007,5.4541666666666667e-5
081008,5.319166666666667e-5
081009,5.53e-5
081101,4.968333333333333e-5
081102,5.439166666666667e-5
081103,5.005e-5
081104,5.1208333333333336e-5
081105,5.2233333333333334e-5
081106,4.989166666666667e-5
081201,5.213333333333333e-5
081202,5.3966666666666666e-5
081203,5.0583333333333334e-5
081204,4.9441666666666665e-5
081205,5.249166666666667e-5
081206,5.295833333333333e-5
081207,5.2233333333333334e-5
081208,5.528333333333333e-5
081209,4.7125e-5
081210,5.0008333333333334e-5
081211,5.64e-5
081212,5.2258333333333334e-5
081301,5.025833333333333e-5
081302,5.1391666666666664e-5
081303,5.2766666666666664e-5
081304,4.84e-5
081305,5.240833333333333e-5
081306,4.939166666666666e-5
081307,4.9791666666666666e-5
090101,5.0933333333333336e-5
090102,5.0275e-5
090103,5.019166666666667e-5
090104,5.3408333333333335e-5
090105,5.3375e-5
090106,4.960833333333333e-5
090107,5.1408333333333334e-5
090108,5.075833333333333e-5
090109,4.9966666666666664e-5
090110,5.0425e-5
090111,5.551666666666667e-5
090112,5.6733333333333335e-5
090113,5e-5
090114,5.073333333333333e-5
090115,5.071666666666667e-5
090116,5.075833333333333e-5
090117,4.9558333333333336e-5
090118,5.105e-5
090119,5.193333333333333e-5
090201,5.0333333333333335e-5
090202,4.9741666666666665e-5
090203,4.934166666666667e-5
090204,5.161666666666667e-5
090205,5.138333333333333e-5
090206,4.9441666666666665e-5
090207,5.0791666666666663e-5
090208,5.0308333333333334e-5
090301,4.989166666666667e-5
090302,5.045e-5
090303,5.070833333333333e-5
090304,4.909166666666666e-5
090305,5.1375e-5
090306,5.1391666666666664e-5
090307,5.183333333333333e-5
090308,5.18e-5
090309,5.1666666666666664e-5
090310,5.235e-5
090311,4.994166666666667e-5
090312,4.9975e-5
090401,5.42e-5
090402,5.185833333333333e-5
090403,5.413333333333333e-5
090404,5.470833333333333e-5
090405,5.0891666666666666e-5
090406,5.7358333333333336e-5
090407,5.546666666666667e-5
090408,5.535e-5
090409,5.4466666666666665e-5
090410,5.566666666666667e-5
090411,5.100833333333333e-5
090412,5.571666666666667e-5
090413,5.4216666666666665e-5
090501,4.998333333333333e-5
090502,4.963333333333333e-5
090503,5.0125e-5
090504,4.798333333333333e-5
090505,4.9025e-5
090506,4.8675000000000004e-5
090507,5.045833333333333e-5
090508,5.048333333333333e-5
090509,5.0591666666666665e-5
090510,5.6999999999999996e-5
090511,4.906666666666667e-5
090601,5.5641666666666666e-5
090602,5.5025e-5
090603,5.495833333333333e-5
090604,6.0041666666666665e-5
090605,5.206666666666667e-5
090606,5.5108333333333336e-5
090607,5.1425e-5
090608,5.38e-5
090609,5.58e-5
090610,5.269166666666667e-5
090611,5.4425e-5
090612,5.4583333333333336e-5
090613,5.4233333333333335e-5
090614,5.413333333333333e-5
090615,5.2541666666666665e-5
090616,5.189166666666667e-5
090701,5.128333333333334e-5
090702,5.035e-5
090703,5.1225e-5
090704,5.15e-5
090705,5.098333333333333e-5
090706,5.215e-5
090707,5.0291666666666665e-5
090709,4.960833333333333e-5
090710,5.1091666666666664e-5
090711,4.965e-5
090713,4.943333333333333e-5
090714,4.8391666666666666e-5
090715,5.0841666666666665e-5
090716,4.988333333333333e-5
090717,4.985e-5
090718,4.9875e-5
090719,5.0375e-5
090720,4.8391666666666666e-5
090721,4.8366666666666666e-05
090722,4.820833333333333e-5
090723,5.0658333333333336e-5
100101,5.126666666666667e-5
100102,5.129166666666667e-5
100103,4.649166666666667e-5
100104,4.6475e-5
100105,4.986666666666667e-5
100106,4.773333333333333e-5
100107,5.041666666666667e-5
100108,4.8108333333333335e-5
100109,4.7008333333333335e-5
100110,4.9258333333333336e-5
100111,5.134166666666666e-5
100112,4.8333333333333334e-5
100113,4.6941666666666665e-5
100201,4.8116666666666666e-5
100202,4.7833333333333335e-5
100203,4.7375e-5
100204,4.885e-5
100205,4.966666666666666e-5
100206,4.968333333333333e-5
100207,4.9008333333333336e-5
100208,4.8641666666666665e-5
100301,4.990833333333333e-5
100307,4.768333333333333e-5
100311,4.565e-5
100313,5.0308333333333334e-5
100316,5.023333333333333e-5
100317,5.038333333333333e-5
100321,5.1458333333333335e-5
100322,5.053333333333333e-5
100323,5.1466666666666666e-5
100401,4.6941666666666665e-5
100402,4.511666666666667e-5
100403,4.591666666666667e-5
100404,4.495e-5
100501,5.071666666666667e-5
100502,4.608333333333333e-5
100503,4.6716666666666666e-5
100504,4.6991666666666666e-5
100505,4.465e-5
100506,4.8975e-5
100507,4.69e-5
100508,4.986666666666667e-5
100509,5.041666666666667e-5
100510,4.759166666666667e-5
100511,4.566666666666667e-5
100601,5.019166666666667e-5
100602,4.791666666666667e-5
100603,4.6691666666666665e-5
100604,4.8775e-5
100605,5.103333333333333e-5
100606,4.92e-5
100607,4.8316666666666664e-5
100608,5.0383333333333336e-5
100609,4.7775e-5
100610,4.9741666666666665e-5
100701,4.57e-5
100702,4.655833333333333e-5
100703,4.6325e-5
100704,4.795833333333333e-5
100705,4.625833333333333e-5
100801,4.74e-5
100802,4.6825e-5
100803,4.8225e-5
100804,5.0033333333333334e-5
100901,5.7316666666666666e-5
100902,5.3966666666666666e-5
100903,5.5625000000000004e-5
100904,5.740833333333333e-5
100905,5.6766666666666666e-5
101001,4.825e-5
101002,4.795833333333333e-5
101003,4.75e-5
101004,4.9075e-5
101005,4.925e-5
101006,4.854166666666667e-5
101007,4.8158333333333336e-5
101101,4.6675e-5
101102,4.9766666666666666e-5
101103,5.193333333333333e-5
101104,4.624166666666667e-5
101105,4.7291666666666666e-5
101106,4.815e-5
101107,4.768333333333333e-5
101108,5.1708333333333334e-5
110101,5.3950000000000004e-5
110102,6.325833333333333e-5
110103,6.3225e-5
110104,5.271666666666667e-5
110105,6.381666666666667e-5
110106,6.726666666666667e-5
110107,6.508333333333333e-5
110108,5.7175e-5
110109,5.685833333333333e-5
110110,6.1375e-5
110111,5.44e-5
110112,5.519166666666667e-5
110113,6.205833333333333e-5
110114,5.600833333333333e-5
110201,5.9258333333333335e-5
110202,6.0916666666666666e-5
110203,5.72e-5
110204,5.8383333333333334e-5
110205,5.7225e-5
110206,6.054166666666666e-5
110207,5.9033333333333336e-5
110208,5.5225e-5
110209,5.163333333333333e-5
110210,5.940833333333333e-5
110211,5.8924999999999996e-5
110301,5.635e-5
110302,5.3933333333333334e-5
110303,5.57e-5
110304,5.741666666666667e-5
110305,5.630833333333333e-5
110401,5.628333333333333e-5
110402,5.489166666666667e-5
110403,5.555e-5
110404,5.495e-5
110405,5.4216666666666665e-5
110501,5.7825e-5
110502,5.515e-5
110503,5.714166666666667e-5
110504,5.831666666666667e-5
110505,5.275e-5
110506,5.7883333333333335e-5
110507,5.7425e-5
110508,6.115833333333333e-5
120101,5.183333333333333e-5
120104,4.984166666666667e-5
120105,5.135e-5
120106,5.0975e-5
120107,6.321666666666667e-5
120108,5.0658333333333336e-5
120111,5.2216666666666664e-5
120112,4.965e-5
120113,5.036666666666667e-5
120114,5.521666666666666e-5
120116,5.303333333333333e-5
120117,5.4208333333333334e-5
120119,6.305833333333333e-5
120120,5.138333333333333e-5
120121,5.795e-5
120122,4.9783333333333335e-5
120124,4.708333333333333e-5
120125,6.8075e-5
120126,4.989166666666667e-5
120127,4.9275e-5
120128,5.080833333333333e-5
120129,5.8725000000000004e-5
120130,5.270833333333333e-5
120132,5.241666666666666e-5
120133,5.3924999999999996e-5
120134,5.91e-5
120135,4.69e-5
120136,5.5383333333333336e-5
120201,5.3091666666666665e-5
120202,5.2000000000000004e-5
120203,4.6408333333333334e-5
120204,5.19e-5
120205,4.615e-5
120206,4.709166666666667e-5
120207,4.8591666666666664e-5
120208,5.1441666666666666e-5
120209,4.6641666666666664e-5
120210,5.2491666666666664e-5
120211,5.435833333333333e-5
120212,5.2325e-5
120213,5.268333333333333e-5
120214,5.181666666666667e-5
120215,5.138333333333333e-5
120301,4.6716666666666666e-5
120302,4.8e-5
120303,4.9008333333333336e-5
120304,4.6825e-5
120305,4.7308333333333336e-5
120306,4.6658333333333334e-5
120401,5.155e-5
120402,5.0316666666666665e-5
120403,4.8391666666666666e-5
120404,4.93e-5
120405,5.2241666666666665e-5
120406,5.044166666666667e-5
120407,5.333333333333333e-5
120408,5.12e-5
120409,5.0591666666666665e-5
120410,4.9741666666666665e-5
120411,4.9483333333333334e-5
120412,4.991666666666667e-5
120413,5.095e-5
120414,5.165833333333333e-5
120415,5.0033333333333334e-5
120416,4.9166666666666665e-5
120417,4.855e-5
120418,4.6725e-5
120419,4.6091666666666664e-5
120420,5.040833333333333e-5
120421,5.0291666666666665e-5
120422,4.9258333333333336e-5
120423,5.245e-5
120424,5.0425e-5
120425,5.1875e-5
120426,5.128333333333333e-5
120427,4.7725e-5
120428,5.1691666666666665e-5
120429,4.7799999999999996e-5
120430,5.096666666666667e-5
120431,5.219166666666667e-5
120432,5.1416666666666665e-5
120433,4.899166666666667e-5
120434,5.1691666666666665e-5
120501,5.126666666666667e-5
120502,4.853333333333333e-5
120503,5.155833333333333e-5
120504,4.903333333333334e-5
120601,5.0108333333333336e-5
120602,5.0916666666666666e-05
120603,4.651666666666667e-5
120604,5.085e-5
120605,4.5875000000000004e-5
120606,4.84e-5
120607,5.220833333333333e-5
120608,5.0341666666666666e-5
120609,5.0341666666666666e-5
120701,5.44e-5
120702,4.993333333333333e-5
120703,5.0008333333333334e-5
120704,4.710833333333333e-5
120705,5.600833333333333e-5
120706,4.773333333333333e-5
120707,4.964166666666666e-5
120708,5.126666666666667e-5
120709,4.8608333333333334e-5
120801,5.429166666666667e-5
120802,5.2525e-5
120803,5.486666666666667e-5
120804,5.441666666666667e-5
120805,6.119166666666667e-5
120806,5.770833333333334e-5
120807,5.11e-5
120808,5.8066666666666664e-5
120809,5.2241666666666665e-5
120810,5.858333333333333e-5
120901,5.935e-5
120902,5.215e-5
120903,5.3175e-5
120904,5.2791666666666665e-5
120905,6.4225e-5
120906,5.353333333333333e-5
120907,4.99e-5
120908,6.0316666666666665e-5
120909,5.078333333333333e-5
130101,6.3575e-5
130102,7.195e-5
130103,7.0275e-5
130104,6.288333333333333e-5
130105,6.6775e-5
130106,5.995833333333333e-5
130107,5.8483333333333336e-5
130108,5.9025e-5
130109,5.658333333333333e-5
130110,5.6750000000000004e-5
130111,5.905e-5
130201,5.65e-5
130202,5.796666666666667e-5
130203,5.488333333333334e-5
130204,5.404166666666667e-5
130205,5.2241666666666665e-5
130206,5.1475e-5
130207,5.5891666666666665e-5
130208,5.4425e-5
130301,4.520833333333333e-5
130302,4.5041666666666666e-5
130303,4.479166666666667e-5
130304,4.646666666666667e-5
130305,4.4258333333333336e-5
130306,4.598333333333334e-5
130401,5.5625e-5
130402,5.7333333333333336e-5
130403,5.486666666666667e-5
130501,5.1275e-5
130502,5.055e-5
130503,5.0825e-5
130504,5.1158333333333335e-5
130601,5.2233333333333334e-5
130602,5.359166666666667e-5
130604,5.2475e-5
130605,4.8225e-5
130606,5.231666666666667e-5
130608,5.275833333333333e-5
130610,5.06e-5
130611,5.496666666666667e-5
130613,5.2925e-5
130614,4.9975e-5
130701,5.335e-5
130702,5.6366666666666663e-5
130703,5.8483333333333336e-5
130704,5.3924999999999996e-5
130705,5.6125e-5
130801,4.5033333333333335e-5
130802,4.3175e-5
130803,4.4466666666666666e-5
130804,4.468333333333333e-5
130805,4.3916666666666666e-5
130806,4.6525e-5
130807,4.350833333333333e-5
130808,4.600833333333333e-5
130809,4.5675e-5
130810,4.3925e-5
130811,4.626666666666667e-5
130812,4.6175000000000004e-5
130813,4.491666666666667e-5
130901,4.904166666666667e-5
130902,4.6825e-5
130903,4.7216666666666665e-5
130904,5.0816666666666664e-5
130905,4.6775e-5
130906,5.03e-5
130907,4.761666666666667e-5
130908,4.7524999999999996e-5
131001,5.15e-5
131002,4.9533333333333336e-5
131003,4.8925e-5
131004,4.841666666666667e-5
131005,4.81e-5
131006,5.044166666666667e-5
131007,5.4533333333333335e-5
131008,4.7e-5
131101,4.9558333333333336e-5
131102,5.0591666666666665e-5
131103,5.24e-5
131104,4.84e-5
131201,5.4783333333333335e-5
131202,5.3933333333333334e-5
131203,5.4558333333333336e-5
140101,5.8141666666666666e-5
140102,5.5350000000000004e-5
140103,5.074166666666667e-5
140104,5.108333333333333e-5
140105,6.313333333333333e-5
140106,5.3175e-5
140107,5.273333333333333e-5
140108,5.2825e-5
140109,5.8325e-5
140110,5.539166666666667e-5
140111,6.134166666666666e-5
140112,5.3966666666666666e-5
140113,5.4458333333333333e-5
140114,5.104166666666667e-5
140115,5.515e-5
140116,5.734166666666667e-5
140117,5.6716666666666665e-5
140118,5.765833333333333e-5
140119,5.8225e-5
140120,5.625833333333333e-5
140201,6.190833333333334e-5
140202,4.6325e-5
140203,4.725e-5
140204,5.795e-5
140205,5.6175e-5
140206,6.265833333333333e-5
140301,5.4800000000000004e-5
140302,5.195e-5
140303,5.7275e-5
140304,5.435833333333333e-5
140305,5.6825e-5
140306,4.759166666666667e-5
140307,5.2841666666666666e-5
140308,5.0175e-5
140309,5.65e-5
140310,4.9533333333333336e-5
140311,5.2566666666666666e-5
140312,5.7e-5
150101,2.1455833333333332e-4
150102,1.2451666666666667e-4
150103,2.919e-4
150104,1.7026666666666667e-4
150105,2.0390833333333333e-4
150106,2.2435e-4
150107,2.590166666666667e-4
150108,1.5245e-4
150109,2.0155e-4
150110,2.5898333333333333e-4
150111,2.7148333333333336e-4
150112,2.41825e-4
150113,1.9945e-4
150114,2.3556666666666666e-4
150115,2.2893333333333333e-4
150116,1.9764166666666667e-4
150117,2.1578333333333334e-4
150118,2.77375e-4
150119,1.40725e-4
150120,1.8279166666666666e-4
150121,1.91475e-4
150122,1.7928333333333335e-4
150123,1.71975e-4
150124,1.02375e-4
150125,2.0119166666666667e-4
150126,1.16875e-4
150127,1.0445e-4
150128,2.3405e-4
150129,9.78e-5
150130,2.1330833333333335e-4
150131,1.9408333333333333e-4
150132,2.9400833333333333e-4
150133,1.8181666666666668e-4
150134,2.4014166666666667e-4
150135,2.0430833333333334e-4
150136,1.7923333333333334e-4
150137,2.826666666666667e-4
150138,9.969166666666667e-5
150139,1.4059166666666666e-4
150140,1.971e-4
150141,1.8956666666666668e-4
150142,1.6836666666666668e-4
150143,1.8693333333333334e-4
150201,6.291666666666666e-5
150202,6.050833333333333e-5
150203,6.303333333333334e-5
150204,6.406666666666666e-5
150205,6.264166666666667e-5
150301,4.9975e-5
150302,4.885e-5
150303,5.1725e-5
150304,5.45e-5
150305,5.5641666666666666e-5
150401,5.5375e-5
150402,6.2e-5
150403,7.619166666666667e-5
150404,5.351666666666667e-5
150405,5.608333333333333e-5
150406,5.625e-5
150407,1.07125e-4
150501,6.0841666666666664e-5
150502,7.033333333333334e-5
150503,6.999166666666667e-5
150504,6.509166666666667e-5
150505,8.688333333333334e-5
150506,6.4825e-5
150507,6.433333333333333e-5
150508,5.901666666666667e-5
150509,8.046666666666667e-5
150510,6.108333333333333e-5
150511,5.859166666666667e-5
150512,6.288333333333333e-5
150513,8.593333333333333e-5
150514,6.369166666666667e-5
150515,8.6925e-5
150516,5.7975e-5
150601,7.2875e-5
150602,5.219166666666667e-5
150603,5.625e-5
150604,7.8375e-5
150605,8.663333333333333e-5
150606,5.7316666666666666e-5
150607,5.515833333333333e-5
150608,5.076666666666667e-5
150609,5.7608333333333335e-5
150610,5.0525e-5
150611,5.9275e-5
150612,5.1408333333333334e-5
150701,6.398333333333333e-5
150702,9.54e-5
150703,7.435e-5
150704,5.763333333333333e-5
150705,6.111666666666667e-5
150706,6.23e-5
150707,6.119166666666667e-5
150708,5.5075e-5
150709,5.6375e-5
150710,6.049166666666667e-5
150711,5.994166666666667e-5
150712,5.548333333333333e-5
150713,5.791666666666667e-5
150714,1.4636666666666666e-4
150715,6.518333333333334e-5
150716,1.6425833333333335e-4
150717,7.869166666666666e-5
150718,5.855e-5
150719,5.97e-5
150720,5.3866666666666664e-5
150721,5.5291666666666664e-5
150722,5.880833333333333e-5
150723,7.505e-5
150724,6.403333333333334e-5
150725,5.53e-5
150726,6.0725e-5
150727,9.795e-5
150728,1.25075e-4
150729,5.435e-5
150730,7.871666666666666e-5
150731,7.31e-5
150732,7.065e-5
150801,7.000833333333333e-5
150802,5.6491666666666666e-5
150803,6.803333333333334e-5
150804,5.4758333333333334e-5
150805,6.9625e-5
150806,6.654166666666667e-5
150807,5.4516666666666666e-5
150808,5.4691666666666663e-05
150809,5.1475e-5
150810,6.961666666666667e-5
150811,6.225833333333333e-5
150812,6.660833333333333e-5
150901,5.009166666666667e-5
150902,5.3375e-5
150903,5.125e-5
150904,5.3433333333333336e-5
150905,5.438333333333333e-5
150906,5.2125e-5
151001,5.7549999999999996e-5
151002,5.268333333333333e-5
151003,5.6225e-5
151004,5.675e-5
151005,5.374166666666667e-5
151006,5.5125e-5
151007,5.714166666666667e-5
151008,5.494166666666667e-5
151009,5.743333333333333e-5
151010,5.910833333333333e-5
151011,5.5333333333333334e-5
151012,5.375833333333333e-5
151013,6.0341666666666665e-5
151014,5.4325e-5
151015,5.599166666666667e-5
151016,5.328333333333333e-5
151017,5.353333333333333e-5
151018,5.165833333333333e-5
151019,5.238333333333333e-5
151020,5.355833333333333e-5
151021,5.358333333333333e-5
151022,6.021666666666667e-5
151023,5.549166666666667e-5
151024,5.5841666666666664e-5
151025,6.0975e-5
151026,5.445e-5
151027,5.7325e-5
151028,5.535e-5
151029,5.7075e-5
151030,5.305833333333333e-5
151031,5.278333333333333e-5
151032,5.438333333333333e-5
151033,5.456666666666667e-5
160101,4.769166666666667e-5
160102,4.6108333333333334e-5
160103,4.7291666666666666e-5
160104,4.679166666666667e-5
160105,4.660833333333333e-5
160106,4.5866666666666666e-5
160107,4.605e-5
160108,4.771666666666667e-5
160110,4.6691666666666665e-5
160112,4.9458333333333334e-5
160113,4.800833333333333e-5
160201,4.988333333333334e-5
160202,4.715833333333333e-5
160205,4.6958333333333334e-5
160206,4.654166666666667e-5
160210,4.975e-5
160211,5.154166666666667e-5
160301,4.6758333333333336e-5
160302,4.656666666666667e-5
160303,4.603333333333333e-5
160304,4.5883333333333335e-5
160305,4.6325e-5
160401,4.6383333333333334e-5
160402,4.6158333333333335e-5
160403,4.6175e-5
160404,4.659166666666666e-5
160501,4.675e-5
160502,4.773333333333333e-5
160503,4.6941666666666665e-5
160504,4.718333333333333e-5
160505,4.7491666666666665e-5
160506,4.71e-5
160507,4.7191666666666664e-5
160508,4.735833333333333e-5
160509,4.7475e-5
160510,4.630833333333333e-5
160511,4.655833333333333e-5
160601,4.8666666666666666e-5
160602,5e-5
160603,5.025833333333333e-5
160604,4.8916666666666665e-5
160605,4.761666666666667e-5
160606,4.895e-5
160701,4.5883333333333335e-5
160702,4.6725e-5
160703,4.625e-5
160704,4.6925e-5
160705,4.6066666666666664e-5
160706,4.6225e-5
160801,4.624166666666667e-5
160802,4.61e-5
160803,4.6966666666666665e-5
160804,4.713333333333333e-5
170101,5.5625000000000004e-5
170102,5.885833333333333e-5
170103,5.6758333333333335e-5
170104,5.769166666666667e-5
170201,5.3358333333333334e-5
170202,5.3616666666666664e-5
170203,5.5608333333333334e-5
170204,5.4875e-5
170301,5.3475e-5
170302,5.931666666666667e-5
170303,5.6758333333333335e-5
180101,6.341666666666667e-5
180102,5.903333333333333e-5
180103,6.028333333333333e-5
180104,7.555833333333333e-5
180105,5.8075e-5
180106,7.518333333333334e-5
180201,6.046666666666667e-5
180202,5.546666666666667e-5
180203,5.7008333333333334e-5
180204,5.551666666666667e-5
180205,7.206666666666667e-5
180206,5.520833333333333e-5
180207,5.9516666666666665e-5
180208,6.709166666666667e-5
180209,6.330833333333333e-5
180210,5.679166666666667e-5
180211,5.523333333333333e-5
180301,5.6741666666666666e-5
180302,5.7541666666666665e-5
180303,5.7775e-5
190101,4.8625e-5
190102,4.6875e-5
190103,4.8866666666666664e-5
190104,4.985e-5
190105,4.906666666666667e-5
190106,4.904166666666667e-5
190107,4.710833333333333e-5
190108,4.871666666666667e-5
190109,4.93e-5
190110,4.7491666666666665e-5
190111,4.9991666666666664e-5
190112,4.875833333333333e-5
190113,5.0675e-5
190201,4.8275e-5
190202,4.895e-5
190203,4.825e-5
190204,4.9525e-5
190205,4.929166666666667e-5
190206,4.7875e-5
190207,5.1958333333333334e-5
190208,4.8408333333333335e-5
190301,4.5883333333333335e-5
190302,4.65e-5
190303,4.755e-5
190304,4.9575e-5
190305,4.6875e-5
190306,5.180833333333334e-5
190307,4.6966666666666665e-5
190308,5.3983333333333335e-5
200101,6.0983333333333336e-5
200104,5.578333333333333e-5
200105,5.133333333333333e-5
200107,5.2283333333333335e-5
200108,5.085e-5
200109,5.133333333333333e-5
200110,4.915833333333333e-5
200111,5.5816666666666664e-5
200114,5.629166666666667e-5
200115,6.253333333333333e-5
200201,4.875833333333333e-5
200202,4.925e-5
200203,5.236666666666667e-5
200204,4.901666666666667e-5
200205,5.0225e-5
200206,4.8866666666666664e-5
200207,5.3475e-5
200208,5.12e-5
200209,5.2033333333333335e-5
200210,5.521666666666666e-5
200301,4.555e-5
200302,4.761666666666667e-5
200303,4.3433333333333336e-5
200304,4.8641666666666665e-5
200305,4.649166666666667e-5
200306,4.6825e-5
200307,4.6458333333333335e-5
200308,4.6716666666666666e-5
200401,5.28e-5
200402,5.175e-5
200403,4.8866666666666664e-5
200404,5.163333333333333e-5
200405,5.443333333333333e-5
200406,5.231666666666667e-5
200407,5.1233333333333336e-5
200408,5.184166666666667e-5
200409,4.9208333333333335e-5
200410,4.828333333333333e-5
200501,4.9716666666666664e-5
200502,5.245e-5
200503,5.248333333333333e-5
200504,5.2033333333333335e-5
200505,5.155833333333333e-5
200506,5.353333333333333e-5
200507,4.9508333333333335e-5
200601,5.8141666666666666e-5
200602,6.270833333333333e-5
200603,5.5291666666666664e-5
200604,5.5e-5
200605,5.470833333333333e-5
200606,5.39e-5
200607,5.6625e-5
200608,5.925e-5
200701,5.5041666666666665e-5
200702,5.658333333333333e-5
200703,5.109166666666667e-5
200704,5.768333333333333e-5
200705,5.570833333333334e-5
200706,5.4800000000000004e-5
200801,4.805e-5
200802,4.9675e-5
200803,5.055e-5
200804,4.995e-5
200805,4.7825e-5
200806,4.984166666666667e-5
210101,5.975e-5
210102,5.6808333333333336e-5
210103,6.163333333333333e-5
210104,5.8941666666666665e-5
210105,6.11e-5
210106,6.105833333333333e-5
210107,5.745e-5
210108,6.633333333333334e-5
210109,5.6225e-5
210110,6.181666666666666e-5
210111,5.525e-5
210112,5.905833333333333e-5
210113,5.495833333333333e-5
210114,5.735e-5
210115,5.881666666666667e-5
210201,5.274166666666667e-5
210202,5.535e-5
210203,5.4225000000000003e-5
210204,5.375e-5
210205,5.5075e-5
210206,5.3658333333333334e-5
210207,5.4208333333333334e-5
210208,5.15e-5
210209,5.1366666666666664e-5
210210,5.6475000000000004e-5
210211,5.3141666666666666e-5
210212,5.181666666666667e-5
210213,5.2308333333333335e-5
210214,5.408333333333333e-5
210215,5.4475e-5
210301,5.0908333333333335e-5
210302,5.1166666666666666e-5
210303,5.2875000000000005e-5
210304,5.3075e-5
210305,4.9733333333333334e-5
210306,5.0633333333333335e-5
210307,4.915833333333333e-5
210308,4.824166666666667e-5
210309,5.043333333333333e-5
210310,5.0591666666666665e-5
210401,5.968333333333333e-5
210402,5.830833333333333e-5
210403,5.740833333333333e-5
210404,5.570833333333334e-5
210405,5.553333333333333e-5
210406,5.826666666666667e-5
210407,5.685833333333334e-5
210501,5.681666666666667e-5
210502,5.626666666666667e-5
210503,5.689166666666666e-5
210504,5.5983333333333337e-5
210505,5.5541666666666664e-5
210601,5.438333333333333e-5
210602,5.205e-5
210603,5.29e-5
210604,5.156666666666667e-5
210605,5.551666666666667e-5
210606,5.355e-5
210607,5.549166666666666e-5
210608,5.2791666666666665e-5
210701,5.6e-5
210702,5.6991666666666665e-5
210703,5.5033333333333334e-5
210704,5.546666666666667e-5
210705,5.468333333333333e-5
210706,5.4441666666666664e-5
210707,5.325e-5
210708,5.4424999999999995e-5
210709,5.5341666666666666e-5
210710,5.3941666666666665e-5
210801,5.376666666666667e-5
210802,5.210833333333333e-5
210803,5.545833333333333e-5
210804,5.600833333333333e-5
210805,5.569166666666667e-5
210806,5.149166666666667e-5
210807,5.4325e-5
210808,5.2541666666666665e-5
210809,5.484166666666667e-5
210901,5.5066666666666666e-5
210902,5.4741666666666665e-5
210903,5.541666666666667e-5
210904,5.500833333333333e-5
211001,5.218333333333333e-5
211002,5.1941666666666664e-5
211003,5.324166666666667e-5
211004,5.1966666666666665e-5
211005,5.03e-5
211101,5.833333333333333e-5
211102,5.711666666666667e-5
211103,5.5883333333333334e-5
211104,6.0075e-5
211105,5.655833333333333e-5
211201,5.085e-5
211202,5.0633333333333335e-5
211203,5.3908333333333334e-5
211204,5.0024999999999996e-5
211205,5.0291666666666665e-5
211206,4.981666666666667e-5
211207,5.940833333333333e-5
211208,5.665e-5
211209,5.3958333333333335e-5
211210,5.803333333333333e-5
211301,5.8175e-5
211302,6.049166666666667e-5
211303,5.709166666666667e-5
211304,5.865e-5
211305,5.6425e-5
211306,5.881666666666667e-5
211307,5.8108333333333334e-5
220101,4.4975e-5
220102,4.6441666666666666e-5
220103,4.6666666666666665e-5
220104,4.578333333333333e-5
220105,4.5033333333333335e-5
220106,4.61e-5
220201,5.076666666666667e-5
220202,5.013333333333334e-5
220203,5.266666666666667e-5
220204,5.0625e-5
220205,5.240833333333333e-5
220206,5.2358333333333337e-5
220301,4.8058333333333334e-5
220302,5.0683333333333337e-5
220303,4.621666666666667e-5
220304,4.968333333333333e-5
220305,4.761666666666667e-5
220401,4.759166666666667e-5
220402,4.541666666666667e-5
220403,4.815e-5
220404,4.8675e-5
220405,4.9191666666666665e-5
220406,4.986666666666667e-5
220501,4.9375e-5
220502,4.765833333333333e-5
220503,5.273333333333333e-5
220504,5.19e-5
220505,5.210833333333334e-5
220506,4.681666666666667e-5
220507,4.9075e-5
220508,4.906666666666667e-5
220509,5.0791666666666663e-5
220510,4.9474999999999996e-5
220511,5.025833333333333e-5
220601,4.9833333333333336e-5
220602,4.848333333333333e-5
220603,4.409166666666667e-5
220604,4.603333333333333e-5
220605,5.149166666666667e-5
220701,5.211666666666667e-5
220702,5.019166666666667e-5
220703,5.1275e-5
220704,4.96e-5
220705,5.1483333333333336e-5
220706,5.299166666666666e-5
220707,5.1775e-5
220708,5.015833333333333e-5
220709,5.0283333333333334e-5
220710,4.9225e-5
220801,4.679166666666667e-5
220802,4.3608333333333334e-5
220803,4.5266666666666665e-5
220804,4.428333333333333e-5
220805,4.2216666666666665e-5
220806,4.7425e-5
220807,4.580833333333333e-5
220808,4.6166666666666666e-5
220809,4.7016666666666667e-5
220901,5.665833333333333e-5
220902,5.1733333333333335e-5
220903,5.265e-5
220904,5.071666666666667e-5
220905,4.8349999999999996e-5
220906,5.098333333333333e-5
220907,4.991666666666667e-5
220908,5.413333333333333e-5
220909,5.59e-5
220910,5.4233333333333335e-5
220911,4.8125e-5
220912,5.299166666666666e-5
220913,4.9725e-5
220914,5.3066666666666665e-5
221001,4.8325e-5
221002,5.0341666666666666e-5
221003,4.711666666666667e-5
221004,4.405e-5
221005,4.8708333333333336e-5
230101,5.905833333333333e-5
230102,6.138333333333333e-5
230103,7.164166666666667e-5
230104,6.575833333333334e-5
230105,6.2025e-5
230106,6.160833333333333e-5
230107,5.7275e-5
230108,6.2825e-5
230109,5.831666666666667e-5
230110,6.2525e-5
230111,5.86e-5
230201,6.428333333333333e-5
230202,7.579166666666666e-5
230203,8.736666666666666e-5
230204,7.09e-5
230205,7.293333333333334e-5
230206,7.005833333333333e-5
230301,6.0908333333333334e-5
230302,7.8375e-5
230303,5.795e-5
230401,5.6475000000000004e-5
230402,6.233333333333334e-5
230403,5.7291666666666666e-5
230404,5.8325e-5
230405,6.231666666666666e-5
230406,5.775833333333333e-5
230407,5.8725e-5
230408,5.6975e-5
240101,5.6975e-5
240102,5.695e-5
240103,5.376666666666667e-5
240104,5.3116666666666666e-5
240105,5.388333333333333e-5
240106,5.6191666666666666e-5
240201,5.4225000000000003e-5
240202,5.3133333333333335e-5
240203,5.3891666666666664e-5
240301,5.716666666666667e-5
240302,5.910833333333334e-5
240303,5.265e-5
240304,5.609166666666667e-5
250101,5.013333333333334e-5
250102,5.410833333333333e-5
250103,5.2808333333333334e-5
250104,5.149166666666667e-5
250105,5.3924999999999996e-5
250106,5.455e-5
250107,5.6766666666666666e-5
250201,5.1508333333333336e-5
250202,5.2275e-5
250203,5.455e-5
250204,5.0958333333333336e-5
250301,5.018333333333334e-5
250302,5.524166666666667e-5
250303,5.425e-5
250304,5.239166666666667e-5
250305,5.605833333333333e-5
250401,5.2625e-5
