ubigeo,sairtemp
010101,287.09763890833335
010102,284.90125989166665
010103,288.86393569166665
010104,286.2803996083333
010105,285.26924525
010106,286.49945814166665
010107,281.1391377416667
010108,288.0968265
010109,284.43704545833333
010110,281.84143935
010111,286.22574806666665
010112,285.79415290833333
010113,283.67004095
010114,284.37850985833336
010115,285.43096668333334
010116,282.6389655583333
010117,283.2503228333333
010118,286.64073621666665
010119,285.1371228
010120,284.878546475
010121,287.14508006666665
010201,298.8984994416667
010202,294.0367081333333
010203,294.3120427833333
010204,298.098793675
010205,296.01625544166666
010206,295.348401375
010301,285.785571325
010302,284.6080758416667
010303,289.5862728833333
010304,287.0278776916667
010305,288.2041979416667
010306,287.593877525
010307,289.9882085666667
010308,284.9394095416667
010309,286.679080775
010310,287.7226409333333
010311,287.23225096666664
010312,290.6214279833333
010401,298.24945713333335
010402,295.1662650416667
010403,297.2227159583333
010501,287.47683520833334
010502,292.903594825
010503,288.929305775
010504,285.779351475
010505,287.2646016
010506,286.165028925
010507,284.8380533083333
010508,286.61769775833335
010509,286.35140681666667
010510,287.4561966333333
010511,284.21984276666666
010512,290.53392072500003
010513,289.6795151
010514,288.44227559166666
010515,293.26880723333335
010516,288.4576706583333
010517,285.42845450833335
010518,289.70222701666665
010519,285.9204874166667
010520,288.0211518666667
010521,285.71836229999997
010522,286.0890240416667
010523,286.94113998333336
010601,288.5000153583333
010602,290.08050311666665
010603,287.00516346666666
010604,290.729810275
010605,288.4151062083333
010606,288.74611276666667
010607,286.84458145
010608,290.2825959666667
010609,288.428854925
010610,290.805287675
010611,290.31423879166664
010612,287.1089859
010701,294.81947943333336
010702,290.5945490666667
010703,295.0974841916667
010704,298.8813264
010705,291.8446786083333
010706,292.294007975
010707,294.17354071666665
020101,278.6743450083333
020102,283.61278704166665
020103,287.148529575
020104,284.0860675916667
020105,278.6920834
020106,279.4325736916667
020107,277.6136018916667
020108,278.1790436333333
020109,288.5562970666667
020110,282.699737225
020111,278.9924298
020112,278.65465516666666
020201,278.17122689999997
020202,285.45698669166666
020203,280.23730193333336
020204,278.04722860833334
020205,279.92501603333335
020301,282.8615580083333
020302,282.29052321666666
020303,284.01804054166666
020304,281.2626348
020305,278.99459624166667
020306,279.71033358333335
020401,277.39596750833334
020402,280.83077505
020501,280.643769225
020502,286.6081899166667
020503,288.5385227666667
020504,276.49769054166666
020505,279.2468032333333
020506,282.429691725
020507,290.5720181666667
020508,277.62194055
020509,278.1319736916667
020510,279.8691943333333
020511,283.49988898333334
020512,283.79743034166665
020513,277.43160679166664
020514,279.4216547666667
020515,279.69329915000003
020601,279.9590401
020602,283.8899963416667
020603,285.60858663333335
020604,281.13150260833334
020605,279.9257039666667
020606,278.81954379166666
020607,284.1186421666667
020608,276.33737160833334
020609,276.610108675
020610,285.60858663333335
020611,279.04616615
020701,280.8498519666667
020702,283.39961469166667
020703,282.15904135
020801,296.80910014166665
020802,295.434754475
020803,297.35369891666664
020804,293.4679701333333
020901,282.6162784083333
020902,281.0340805
020903,289.38058766666666
020904,279.3577102666667
020905,286.60724439166665
020906,282.07469746666663
020907,290.8815581833333
021001,277.94254183333334
021002,279.77653610833335
021003,279.4075301666667
021004,277.01451635
021005,280.0561203333333
021006,279.9703108666667
021007,280.752029825
021008,278.419743475
021009,282.8417611333333
021010,281.57575821666666
021011,279.9299108583333
021012,283.35813395
021013,279.875640025
021014,277.7446199
021015,277.8289511666667
021016,283.8005408583333
021101,293.77174998333334
021102,286.946780825
021103,295.20604963333335
021104,287.7368501916667
021105,283.96988775
021201,280.956143425
021202,287.5155998
021203,283.82955539166664
021204,283.9725038
021205,282.3729886666667
021206,281.95553155
021207,280.91927585
021208,277.745197275
021209,280.4769976416667
021210,279.45872214166667
021301,282.0106956916667
021302,281.93730193333334
021303,283.81935119166667
021304,283.00519061666665
021305,283.9544600583333
021306,281.23757550833335
021307,281.63078164166666
021308,283.5632824
021401,279.825214975
021402,285.8585482583333
021403,278.177885225
021404,285.54639503333334
021405,292.799230675
021406,281.12172936666667
021407,280.97133437499997
021408,280.533779325
021409,291.63271035
021410,282.298422375
021501,281.14803694166665
021502,288.91636098333333
021503,280.04849185833336
021504,284.6851637333333
021505,281.59983630833335
021506,282.09010646666667
021507,286.00960207500003
021508,286.4829792
021509,280.36201000833336
021510,291.2170584583333
021511,287.24531736666665
021601,279.6528255333333
021602,281.2934986833333
021603,284.18323176666667
021604,282.57930815000003
021701,280.0580679583333
021702,277.816194375
021703,279.1071701916667
021704,283.0908276916667
021705,286.9225779
021706,282.51140825
021707,279.7034622333333
021708,287.15731171666664
021709,280.6291866166667
021710,279.329872325
021801,295.41177915000003
021802,286.4425693
021803,0
021804,287.37572851666664
021805,293.8647166833333
021806,297.18507230833336
021807,297.281901925
021808,295.84399995833337
021809,296.8216613833333
021901,282.36637356666665
021902,285.7216468666667
021903,283.87199589166664
021904,281.66869413333336
021905,280.2484397
021906,282.8147536916667
021907,284.759251525
021908,279.49853755000004
021909,280.82121431666667
021910,283.33532495833333
022001,279.1010112916667
022002,279.00686616666667
022003,281.6009918
022004,285.130109425
022005,282.97285526666667
022006,282.45733010833334
022007,278.12791326666667
022008,278.73652960833334
030101,283.10248236666666
030102,280.79438120833333
030103,280.23757224166667
030104,282.37700060833333
030105,285.7541408
030106,280.97269745833336
030107,283.78263295833335
030108,284.8264622666667
030109,281.584316925
030201,281.0321557166667
030202,287.74971715833334
030203,281.13874411666666
030204,285.17430033333335
030205,282.08851235
030206,281.18185551666664
030207,281.20506013333335
030208,287.8625393166667
030209,284.0368254333333
030210,279.9081702666667
030211,280.50184385
030212,284.48795433333333
030213,280.3103669
030214,282.46093234166665
030215,281.16937975
030216,284.44110305833334
030217,279.4289818
030218,280.77587809166664
030219,288.28223729166666
030220,279.36218311666664
030301,277.09900511666666
030302,279.13984658333334
030303,278.31521613333337
030304,277.07719111666665
030305,276.8060026666667
030306,279.859871075
030307,279.90714536666667
030401,280.9375165916667
030402,281.50867470000003
030403,278.4489667666667
030404,282.50139516666667
030405,282.89600141666665
030406,278.08232699166666
030407,283.32601136666665
030408,283.4207930416667
030409,280.299873375
030410,281.6347623
030411,281.05386245
030412,279.77512570833335
030413,281.6363187416667
030414,282.5859487083333
030415,283.44804048333333
030416,280.881107475
030417,281.5708958916667
030501,280.49413535
030502,282.32025377499997
030503,280.1799164083333
030504,279.773383775
030505,281.73144233333335
030506,279.16788943333336
030601,284.0129896583333
030602,281.10300431666667
030603,286.0631885916667
030604,286.36928186666665
030605,284.21600925
030606,284.263110075
030607,283.124750525
030608,281.5008866083333
030609,282.8044365833333
030610,286.07393470833335
030611,285.431602475
030701,278.6656052083333
030702,279.3991581
030703,280.78084735
030704,281.6881004333333
030705,279.70246625
030706,279.97778320833334
030707,278.1417458083333
030708,278.960204325
030709,281.126864
030710,282.170219375
030711,280.0555756333333
030712,282.20506795833336
030713,277.71332466666667
030714,280.2020074
040101,288.69830943333335
040102,284.78039390833334
040103,280.2365891416667
040104,284.17649895
040105,283.1646643166667
040106,281.348342425
040107,288.8639831583333
040108,290.476658375
040109,284.27931391666664
040110,284.8005853583333
040111,286.70799314166663
040112,287.1326167666667
040113,281.73219264166664
040114,283.848757275
040115,286.00958368333335
040116,286.96660706666665
040117,288.8644798166667
040118,291.4730434333333
040119,277.522064975
040120,290.4611642
040121,291.31760936666666
040122,288.83837945
040123,288.8272352833333
040124,289.17336016666667
040125,290.89482128333333
040126,288.73157457499997
040127,285.77751478333334
040128,282.14997048333333
040129,288.8639831583333
040201,0
040202,292.28278350833335
040203,289.88239309166664
040204,290.5921495416667
040205,290.95743675
040206,289.2864602833333
040207,291.48660332500003
040208,292.544579175
040301,288.35023681666667
040302,291.0016726333333
040303,288.74273815833334
040304,289.6330584
040305,292.65906499166664
040306,284.1880413833333
040307,293.226965675
040308,288.79524440833336
040309,286.019809975
040310,290.49621155833336
040311,292.57754931666665
040312,284.16890195
040313,291.70775460833335
040401,291.9825609916667
040402,279.36977515
040403,284.80837964166665
040404,276.34522955
040405,280.27524943333333
040406,278.5417438083333
040407,291.23737090833333
040408,279.05221500833335
040409,277.075048025
040410,279.65174886666665
040411,286.6400731
040412,286.43755343333333
040413,291.99629689166665
040414,278.5597514666667
040501,277.5457598666667
040502,277.758860925
040503,279.19542355833335
040504,277.69753576666665
040505,276.88603545
040506,278.942049375
040507,282.7726642916667
040508,281.34696503333333
040509,278.93646213333335
040510,276.146148625
040511,281.52088461666665
040512,276.45589901666665
040513,277.784594975
040514,277.44195915833336
040515,278.03138695
040516,277.3865273833333
040517,278.0658452083333
040518,277.12800707499997
040519,277.3890049666667
040520,290.8384497166667
040601,285.81215373333333
040602,284.4748394083333
040603,276.7758589
040604,285.11995544166666
040605,286.52614028333335
040606,292.26382935
040607,276.28052635833336
040608,288.55775865
040701,290.4793769
040702,291.3573996833333
040703,293.5007015666667
040704,290.2180331833333
040705,292.194323275
040706,292.8897780583333
040801,279.4682452916667
040802,278.44991608333333
040803,281.7097837833333
040804,276.68133950833334
040805,277.362745975
040806,275.72410982499997
040807,284.432558475
040808,288.2838846166667
040809,286.3487766083333
040810,278.6845028083333
040811,285.15585996666664
050101,286.138871175
050102,280.9045507
050103,282.26591445
050104,283.525468975
050105,280.6008080583333
050106,284.63627190833336
050107,287.0489397416667
050108,283.7746245833333
050109,283.84757629166666
050110,284.48200719166664
050111,285.15587370000003
050112,281.5348823083333
050113,284.9841086833333
050114,279.50210558333333
050115,286.09347740833334
050116,286.2451343083333
050201,283.6540277666667
050202,279.1881065416667
050203,281.479780525
050204,281.74457870833334
050205,277.74416735
050206,280.1917460916667
050301,278.57680961666665
050302,280.769803525
050303,278.9209698833333
050304,278.3284321583333
050401,282.57158675
050402,282.61301903333333
050403,281.9251641833333
050404,283.9156715583333
050405,283.4558002416667
050406,280.9451556416667
050407,287.8440586166667
050408,291.37167131666666
050409,295.8706407166667
050410,279.6095677833333
050411,285.7266577
050412,279.632587275
050501,281.94943056666665
050502,287.3165856333333
050503,289.1306318
050504,285.442818225
050505,286.086632725
050506,284.7318185666667
050507,290.47056108333334
050508,279.68088164166664
050509,288.344680975
050510,286.368602375
050511,287.4671018583333
050601,280.0361640333333
050602,279.6262715583333
050603,279.20880925
050604,279.12263019166664
050605,283.538442125
050606,277.97112545
050607,287.86658101666666
050608,281.784288425
050609,283.28041865833336
050610,285.603433125
050611,280.01200604166667
050612,286.91668880000003
050613,284.28907681666664
050614,286.9080590333333
050615,283.47787429166664
050616,282.8371838416667
050617,286.4710598
050618,279.24602434166667
050619,286.63197030833334
050620,283.08870970833334
050621,286.1672194
050701,278.848665275
050702,283.1888653666667
050703,277.5976097166667
050704,281.103222775
050705,285.0644702166667
050706,282.96192644166666
050707,280.73351161666665
050708,280.126970975
050801,285.1314195666667
050802,280.98901555
050803,284.88973284166667
050804,282.00528970833335
050805,282.0781105
050806,277.12492533333335
050807,281.17087883333335
050808,280.04909795833333
050809,282.546038075
050810,282.72536414166666
050901,282.60423133333336
050902,285.82134526666664
050903,284.88402213333336
050904,283.5300026333333
050905,279.45627005
050906,280.69968745
050907,283.2451963583333
050908,280.23961226666665
050909,281.40974405
050910,281.99921570833334
050911,279.47996416666666
051001,280.0504250833333
051002,283.71521235833336
051003,279.798729725
051004,282.4704002916667
051005,280.18767384166665
051006,283.2302292416667
051007,283.1779513
051008,280.1659106916667
051009,279.8290556833333
051010,281.63727925833336
051011,280.18755535
051012,278.8290194416667
051101,282.85105277499997
051102,283.8592355916667
051103,285.67958684166666
051104,284.2804030666667
051105,282.99575209166665
051106,285.15713876666666
051107,286.414954075
051108,281.59065465833334
060101,282.6333283916667
060102,284.74591826666665
060103,283.26860058333335
060104,286.73582739166665
060105,280.92019575
060106,283.5870980583333
060107,285.23157323333334
060108,283.60904065
060109,288.284063325
060110,285.9857355166667
060111,283.5777267916667
060112,285.18397195
060201,284.37634991666664
060202,284.81415315833334
060203,287.70763100833335
060204,287.39136245833333
060301,290.4050781916667
060302,290.69517390833335
060303,288.6053740583333
060304,282.94950364166664
060305,290.78183114166666
060306,285.076828825
060307,285.24797701666665
060308,285.8362488833333
060309,282.18127211666666
060310,283.0234331583333
060311,291.662485725
060312,285.14195421666665
060401,285.09595551666666
060402,288.8442621583333
060403,288.25573385
060404,286.1879121833333
060405,292.4505277916667
060406,291.27697458333336
060407,288.75035945
060408,285.1442763416667
060409,288.6908056916667
060410,286.70536845833334
060411,291.2888697
060412,287.195082925
060413,285.4983547416667
060414,294.4837473416667
060415,286.15741978333335
060416,291.2128328
060417,287.757702925
060418,293.77233908333335
060419,285.5084051
060501,287.30393009166664
060502,293.00239800833333
060503,289.3393893416667
060504,284.7534592
060505,293.45353421666664
060506,286.79157276666666
060507,289.092589625
060508,293.65920281666666
060601,287.6571605166667
060602,292.40544009166666
060603,296.83185361666665
060604,295.4081681
060605,292.11059635833334
060606,292.89077269166665
060607,289.15490628333333
060608,288.13703933333335
060609,293.32885695
060610,290.93294349166666
060611,293.9160201083333
060612,289.39133540833336
060613,293.4630358083333
060614,287.8814256833333
060615,296.5678802
060701,283.78007271666667
060702,283.87302945
060703,281.80007179166665
060801,293.7792858
060802,298.06302780833335
060803,287.6728613833333
060804,291.88948430833335
060805,292.76446176666667
060806,294.32342827499997
060807,289.44771918333333
060808,291.87321744999997
060809,287.1091922416667
060810,288.955150875
060811,291.1754332
060812,295.8143214666667
060901,294.0783259583333
060902,294.9593712083333
060903,293.1193118416667
060904,293.58258685
060905,289.56842216666666
060906,291.459388575
060907,288.0100809416667
061001,285.85520759166667
061002,288.0966876
061003,289.61959895
061004,282.85294450000004
061005,287.355463675
061006,286.31708803333333
061007,286.8167272416667
061101,288.3158141
061102,290.32944788333333
061103,282.3541083833333
061104,281.71865729166666
061105,285.3442342166667
061106,292.70565100833335
061107,281.562582975
061108,295.83464549166666
061109,288.4839656666667
061110,293.55708945
061111,282.6947067
061112,283.1527990083333
061113,290.6163453
061201,287.8266998583333
061202,291.01978155833336
061203,293.0401959166667
061204,282.2725984416667
061301,290.1108037916667
061302,288.94508870833334
061303,288.64850455
061304,290.06411405
061305,289.07803641666663
061306,285.24195870833336
061307,285.8975095916667
061308,289.34548943333334
061309,290.06939877499997
061310,287.7039275
061311,288.3701520166667
070101,295.85962931666666
070102,295.85962931666666
070103,295.85962931666666
070104,0
070105,0
070106,295.9647468083333
070107,295.97393545
080101,280.05948951666664
080102,279.85480943333334
080103,280.4585767666667
080104,280.9761199833333
080105,281.24651944166663
080106,281.43262940833336
080107,281.23602295
080108,281.911018375
080201,279.4490865416667
080202,280.673088525
080203,281.42605984166664
080204,280.95665720833335
080205,279.81101393333336
080206,280.04571105
080207,279.73527674166667
080301,281.0740649333333
080302,280.1953328
080303,280.71536360833335
080304,282.236974625
080305,278.84789889166666
080306,281.71362795
080307,282.986291025
080308,281.1695263666667
080309,281.316021825
080401,278.0099402083333
080402,279.76338330833335
080403,279.0761567833333
080404,278.479494575
080405,279.5174137416667
080406,280.21293614166666
080407,280.6614038583333
080408,284.85489874166666
080501,279.7525655333333
080502,279.58545814166666
080503,279.7617375166667
080504,279.3982994
080505,278.000343275
080506,281.037445075
080507,279.71878718333335
080508,280.74598636666667
080601,278.4390084916667
080602,275.09603410833336
080603,278.7161281416667
080604,277.46399015833333
080605,274.22090925833334
080606,276.7445916666667
080607,280.79455014166666
080608,281.0346084
080701,277.6656297916667
080702,280.8445583166667
080703,280.5954156916667
080704,281.3576982916667
080705,279.70981505000003
080706,279.353182925
080707,280.27671434166666
080708,279.13133715
080801,279.92923829166665
080802,276.16620525
080803,279.068727625
080804,278.6797387583333
080805,279.56657409999997
080806,280.532950875
080807,278.15101316666664
080808,279.864632725
080901,288.71905450833333
080902,291.6099253916667
080903,284.49474180833334
080904,290.95823775
080905,284.69631276666667
080906,290.85790913333335
080907,290.29655076666666
080908,281.20415648333335
080909,284.473555525
080910,292.577995725
080911,286.20893859166665
080912,288.45308158333336
080913,293.89715194166666
080914,298.960057475
081001,281.44680385
081002,281.1926790416667
081003,282.44180995
081004,283.00175775
081005,281.83496104166665
081006,279.86845561666667
081007,282.8984231416667
081008,282.044877225
081009,280.7918508833333
081101,281.7682681416667
081102,279.8526611583333
081103,280.3669355083333
081104,279.6163734
081105,279.3031518583333
081106,290.0099811083333
081201,280.6237689916667
081202,281.353150575
081203,290.9056975916667
081204,276.80767561666664
081205,279.55481819166664
081206,277.83579805
081207,279.55387899166664
081208,280.9204728583333
081209,276.78257958333336
081210,275.7783916166667
081211,281.4287774
081212,279.38050745
081301,279.067981775
081302,280.9383632583333
081303,281.6483146416667
081304,282.41256173333335
081305,281.773002275
081306,278.46622921666665
081307,279.38505284999997
090101,276.7003891416667
090102,276.550165425
090103,280.0113111083333
090104,279.114216225
090105,280.9704286
090106,275.98131228333335
090107,281.070138025
090108,280.7808416583333
090109,278.71455855833335
090110,277.5804390416667
090111,282.5617599583333
090112,280.1079576166667
090113,276.56066230833335
090114,278.83148336666665
090115,281.0036457416667
090116,278.28415740833333
090117,279.0315453833333
090118,275.86026795833334
090119,279.1705029916667
090201,282.997056225
090202,282.3850770583333
090203,281.04108983333333
090204,283.83829385
090205,286.1037799
090206,278.84633275
090207,282.933073725
090208,281.6912472833333
090301,277.563124275
090302,280.7291023166667
090303,281.8258117666667
090304,279.18929848333335
090305,286.92432245833334
090306,281.40800402499997
090307,279.57468243333335
090308,279.8182817416667
090309,283.59277790833335
090310,283.01394545
090311,279.7202088583333
090312,278.7206736333333
090401,276.9289921833333
090402,279.442110525
090403,276.7837631
090404,286.10300636666665
090405,277.18695149166666
090406,280.042400225
090407,280.03287869166667
090408,282.001545475
090409,282.146553
090410,287.92788226666664
090411,275.1799386
090412,283.0462834333333
090413,283.96061756666666
090501,283.63706394166667
090502,281.25436779166665
090503,283.220579075
090504,281.63542974166666
090505,285.8291403083333
090506,281.23491226666664
090507,280.4609861083333
090508,284.34997093333334
090509,282.07422449166666
090510,282.47904249166663
090511,281.1738504
090601,283.57523295
090602,284.21957
090603,283.034697075
090604,281.9336457833333
090605,281.4249806166667
090606,286.79655203333334
090607,277.257716025
090608,279.87967910833333
090609,284.49899079166664
090610,278.6942216416667
090611,282.81330303333334
090612,282.4032560083333
090613,282.54765565
090614,282.0337829416667
090615,279.544569625
090616,278.0542978583333
090701,281.115088425
090702,280.46915284166664
090703,279.894469825
090704,280.9275453
090705,284.37822581666666
090706,282.49755825833336
090707,289.319940175
090709,283.230456825
090710,281.108880475
090711,279.7731587083333
090713,289.0501937833333
090714,285.02539255833335
090715,287.1880327
090716,279.77988969166665
090717,285.876052475
090718,286.49039685
090719,281.13228241666667
090720,284.7543335
090721,284.6749560416667
090722,280.4426971166667
090723,282.1460326166667
100101,286.4217573166667
100102,284.9720023
100103,287.307932425
100104,281.7998175916667
100105,279.0007474833333
100106,281.56108593333335
100107,284.2155163
100108,279.766605975
100109,282.0346565
100110,281.968737
100111,285.800198625
100112,279.60872501666665
100113,287.946293575
100201,282.5806683166667
100202,281.71329652500003
100203,280.33036193333334
100204,283.8561488666667
100205,284.00032823333333
100206,282.0127400416667
100207,280.109460525
100208,282.67071776666666
100301,279.59159205833333
100307,277.8453837166667
100311,279.3924009
100313,279.45670888333336
100316,278.3464074333333
100317,280.1356592583333
100321,279.7539118083333
100322,280.448424375
100323,280.89647725833333
100401,280.8573377583333
100402,282.527435325
100403,286.0304523666667
100404,280.9247435
100501,278.121266225
100502,282.61772675833333
100503,279.68020129166666
100504,278.1691476666667
100505,284.54111438333337
100506,278.5182344333333
100507,288.5953299916667
100508,278.8575091916667
100509,278.213977675
100510,277.88618591666665
100511,278.55311604999997
100601,296.893122025
100602,292.60886415833335
100603,294.357330675
100604,294.279606275
100605,297.27978421666666
100606,293.78644218333335
100607,293.31447089166664
100608,297.786888975
100609,295.70366085833336
100610,294.6213870916667
100701,281.6465115166667
100702,285.938158975
100703,281.013713375
100704,294.0075589416667
100705,288.7891888583333
100801,282.1580470083333
100802,288.32784207500004
100803,281.7233875416667
100804,286.24241015833337
100901,298.96468648333337
100902,296.753753575
100903,299.972641225
100904,299.47127308333336
100905,299.85700380833333
101001,277.82442305
101002,278.5739538166667
101003,280.1568115083333
101004,276.7224558
101005,279.731367025
101006,280.21764635
101007,277.9138003666667
101101,278.4473417583333
101102,280.41884611666666
101103,280.52666788333335
101104,277.89748599166666
101105,279.24162500833336
101106,280.19149938333334
101107,280.3480177083333
101108,279.25797280833336
110101,292.53329933333333
110102,295.56691041666664
110103,294.9743301666667
110104,291.6833285083333
110105,295.62314725833335
110106,295.64376130833335
110107,295.3135720833333
110108,295.2558231666667
110109,292.54322615
110110,296.0751107666667
110111,293.15921431666663
110112,293.98199296666667
110113,294.7728043833333
110114,290.25566815
110201,294.48641648333336
110202,294.40060074166666
110203,284.85763191666666
110204,296.6402644666667
110205,292.89777791666666
110206,296.3873448416667
110207,294.13584058333333
110208,284.589484675
110209,279.22496578333335
110210,296.83875528333334
110211,296.83875528333334
110301,293.842929975
110302,293.72265359166664
110303,294.4925205166667
110304,291.20407566666665
110305,293.0932382666667
110401,295.88235395
110402,296.34986384166666
110403,293.6366522166667
110404,294.76406453333334
110405,288.2932506083333
110501,295.64789110833334
110502,289.011565775
110503,293.5800871416667
110504,295.896142625
110505,293.122339625
110506,295.23599495
110507,295.99732295
110508,295.6054896833333
120101,277.6194123083333
120104,281.4249735083333
120105,279.4708453416667
120106,279.93319529166666
120107,280.796855375
120108,276.792495825
120111,281.0941799916667
120112,281.1135729083333
120113,280.80268548333333
120114,278.62423078333336
120116,282.51091529166666
120117,282.3864364583333
120119,282.72745628333337
120120,280.4741055416667
120121,282.98514055833334
120122,278.72882481666664
120124,281.44786745833335
120125,284.48209126666666
120126,279.889117025
120127,278.8954001166667
120128,277.39770526666666
120129,282.87204206666667
120130,282.44628035833335
120132,282.3864364583333
120133,280.80765387499997
120134,283.54232695
120135,284.79572136666667
120136,283.00313059166666
120201,282.81744845000003
120202,281.65057156666666
120203,279.6583231166667
120204,280.77247189166667
120205,280.5233203833333
120206,278.12863803333335
120207,279.2906642666667
120208,282.6837463416667
120209,282.877640575
120210,282.8273434833333
120211,283.1148223833333
120212,282.6678506833333
120213,283.03003735
120214,278.88469026666667
120215,281.4076632333333
120301,290.61052855833333
120302,293.843238025
120303,294.417982525
120304,294.50521410833335
120305,288.590267525
120306,287.05511995833336
120401,282.10092737499997
120402,280.46056045
120403,278.708072725
120404,281.94416364166665
120405,277.27268754166664
120406,279.254373275
120407,282.455800725
120408,280.472411325
120409,281.87814755
120410,282.06891379166666
120411,279.7617065333333
120412,282.06891379166666
120413,281.877764375
120414,279.24797305
120415,282.10153756666665
120416,282.06891379166666
120417,278.4987488666667
120418,279.52364946666665
120419,284.6041071583333
120420,281.877764375
120421,281.877764375
120422,280.89380475
120423,280.10929884166666
120424,282.114121925
120425,279.90905115833334
120426,278.593565125
120427,277.69021057500004
120428,282.65639180833335
120429,282.07075349166666
120430,282.07041830833333
120431,280.11245368333334
120432,280.621798425
120433,279.1606066
120434,281.272129
120501,277.50462940833336
120502,277.3257424166667
120503,278.21624065000003
120504,281.69933016666664
120601,296.4903526416667
120602,296.34622334166664
120603,289.970471825
120604,297.7807045
120605,285.4375822083333
120606,292.2852099583333
120607,296.8233282416667
120608,294.84610625
120609,295.01902466666667
120701,279.12908403333336
120702,281.70973653333334
120703,278.97261598333336
120704,281.48796335000003
120705,278.92253165
120706,282.0986391166667
120707,278.92655068333335
120708,278.21080845
120709,279.79634625
120801,278.364836525
120802,278.057657925
120803,276.54949154999997
120804,276.6244402333333
120805,276.05870710833335
120806,277.9510468916667
120807,276.48937874166666
120808,277.98264436666665
120809,275.40500565
120810,275.68344451666667
120901,284.11457310833333
120902,281.503197475
120903,280.95107056666666
120904,282.18487803333335
120905,284.48209126666666
120906,281.2348571416667
120907,278.94318457500003
120908,283.24692718333336
120909,277.71682856666666
130101,297.61927249166666
130102,297.4173917416667
130103,297.567637125
130104,295.91856873333336
130105,297.567637125
130106,295.35450388333334
130107,297.527029375
130108,294.23163792500003
130109,296.5467370083333
130110,293.13750459166664
130111,297.6740264833333
130201,295.9533124833333
130202,295.707671675
130203,296.5755654166667
130204,295.8879856166667
130205,296.02676141666666
130206,295.70295660833335
130207,296.35317084999997
130208,294.56866394166667
130301,284.4104176
130302,286.71772395
130303,283.1748986416667
130304,289.77598185833335
130305,282.20962564166666
130306,288.1280661833333
130401,296.2098848
130402,296.90602064166666
130403,296.4067344333333
130501,282.06865616666664
130502,280.5843717
130503,282.77871589166665
130504,283.125894525
130601,284.73635135
130602,282.1809790583333
130604,286.22335126666667
130605,286.43418330833333
130606,286.61814554166665
130608,280.88689975
130610,283.9442953583333
130611,284.767972325
130613,288.75884634166664
130614,284.84786376666665
130701,295.41946121666666
130702,296.43510411666665
130703,296.1557045083333
130704,296.01307720833336
130705,295.7546759333333
130801,279.746206775
130802,280.435130225
130803,284.4278553
130804,282.2363582583333
130805,281.23923156666666
130806,285.499925775
130807,283.9377932
130808,283.04035213333333
130809,285.54693829166666
130810,281.89184661666667
130811,284.49078375833335
130812,286.6037104166667
130813,284.442779025
130901,282.65018259166663
130902,283.60569610833335
130903,286.8111164333333
130904,283.692582725
130905,283.79607080833335
130906,283.62357555
130907,280.98389499166666
130908,288.01978285
131001,284.26227413333334
131002,284.74796986666666
131003,281.46576558333334
131004,283.3339895666667
131005,283.34610994166667
131006,280.32594543333335
131007,286.5801020833333
131008,280.9156047
131101,292.4376205583333
131102,291.364860175
131103,291.288743675
131104,286.95688475
131201,294.8900985
131202,294.3014658833333
131203,295.79078166666665
140101,295.89924971666665
140102,297.72011569166665
140103,295.36390825
140104,295.08188375
140105,295.9134456666667
140106,295.53678645
140107,296.3714217
140108,295.4927575
140109,297.076971975
140110,296.050434575
140111,296.6381091833333
140112,295.60484578333336
140113,295.71021425
140114,295.40361210833333
140115,296.751483525
140116,297.44402844166666
140117,297.08458264166666
140118,296.50989542499997
140119,297.59345556666665
140120,296.83350035833337
140201,296.9143701666667
140202,285.504407025
140203,285.57900866666665
140204,296.8479644416667
140205,297.038083275
140206,296.387373375
140301,295.634930025
140302,295.90141173333336
140303,297.08130136666665
140304,297.43487884166666
140305,296.37948213333334
140306,295.25351340000003
140307,298.041047775
140308,297.17049181666664
140309,296.82732715833333
140310,292.5924488416667
140311,295.0673791666667
140312,296.58218693333333
150101,295.85962931666666
150102,294.18684085
150103,294.7829205666667
150104,0
150105,295.85962931666666
150106,293.60023894166665
150107,293.1700689
150108,295.4776461083333
150109,293.63103909166665
150110,295.77167160833335
150111,295.7496416
150112,295.79548789166665
150113,295.85962931666666
150114,295.37544614166666
150115,295.85738375
150116,295.85962931666666
150117,295.79440859166664
150118,293.2673786583333
150119,295.0479001416667
150120,295.85962931666666
150121,295.85962931666666
150122,0
150123,294.199135975
150124,295.902773425
150125,295.91703581666667
150126,294.173960975
150127,294.39781129166664
150128,295.85602485
150129,295.40777414166666
150130,295.6033465583333
150131,295.85962931666666
150132,294.40196570833336
150133,295.09530639999997
150134,295.76288904166665
150135,295.82964230833335
150136,295.85962931666666
150137,295.70424905833335
150138,295.92508219166666
150139,296.054285275
150140,295.24021688333335
150141,295.09530639999997
150142,295.739396
150143,295.2374682833333
150201,296.1388739
150202,295.24599673333336
150203,295.9501134083333
150204,294.7224691916667
150205,296.34215959166664
150301,277.7027592416667
150302,279.95363649166666
150303,277.495706325
150304,285.0808309083333
150305,284.13880355833334
150401,278.17815228333336
150402,283.11810999166664
150403,287.8954968333333
150404,275.572496225
150405,278.85429849166667
150406,279.324757225
150407,290.11766074166667
150501,295.6988213
150502,295.6099800416667
150503,291.10631801666665
150504,296.21423811666665
150505,293.99451415
150506,292.39456894166665
150507,297.07236763333333
150508,291.264076425
150509,295.30437970833333
150510,294.152946875
150511,289.10387506666666
150512,294.5422103916667
150513,296.098646325
150514,296.7218049666667
150515,295.457724075
150516,291.09504549166667
150601,294.54584645833336
150602,277.26611556666666
150603,281.44499018333335
150604,294.25868950833336
150605,295.8761385
150606,285.60333115000003
150607,286.50969991666665
150608,277.78296041666664
150609,283.2187428916667
150610,275.90796551666665
150611,287.87762418333335
150612,279.32358013333334
150701,279.6433084583333
150702,288.7793907083333
150703,284.087687475
150704,275.5187131083333
150705,276.35613295
150706,283.1509090083333
150707,278.98248789166666
150708,275.2302476583333
150709,278.8822410083333
150710,280.6820570333333
150711,280.082299375
150712,276.7547420916667
150713,283.02723741666665
150714,290.8531497166667
150715,281.9252330333333
150716,287.69846631666667
150717,284.926593675
150718,278.27262935
150719,275.78114935
150720,276.46080463333334
150721,278.01087771666664
150722,276.5335214666667
150723,283.1994246666667
150724,278.52549789166665
150725,279.020703225
150726,284.93082773333333
150727,288.4579432333333
150728,288.378560625
150729,277.50246855
150730,287.7632665666667
150731,288.6124959
150732,282.0375002833333
150801,294.3930099666667
150802,284.5856438083333
150803,0
150804,281.555633575
150805,295.21193266666666
150806,293.64333170833333
150807,280.9677152666667
150808,283.94064537500003
150809,276.87020689999997
150810,294.64653393333333
150811,292.2421580916667
150812,295.51293645
150901,277.11356244166666
150902,281.1625329666667
150903,278.49355534166665
150904,281.20675073333337
150905,282.043010375
150906,281.03994386666665
151001,279.3813987333333
151002,276.77822748333335
151003,281.307966
151004,276.8731142166667
151005,279.75289914166666
151006,280.96047384999997
151007,278.8484638666667
151008,284.3135437583333
151009,286.54640235
151010,282.90949445
151011,278.2192337833333
151012,277.57141865833336
151013,284.73761894166665
151014,276.6640663333333
151015,282.93582015
151016,276.33164523333335
151017,275.96506953333335
151018,276.2418739166667
151019,277.6267418666667
151020,278.584592325
151021,276.3479851833333
151022,286.0067846833333
151023,283.7444268
151024,279.39643499166664
151025,287.50766043333334
151026,277.60619425
151027,281.21938028333335
151028,275.52064836666665
151029,284.0031627833333
151030,276.77551731666665
151031,278.15541184166665
151032,282.45428355
151033,276.77922466666666
160101,299.0136623083333
160102,298.5935162833333
160103,298.93096914166665
160104,298.9446088166667
160105,298.91472374166665
160106,298.79669044166667
160107,298.57113975
160108,298.9188286583333
160110,298.45413983333333
160112,299.15117965
160113,298.818888175
160201,299.10768875
160202,297.3685429083333
160205,298.93627710833334
160206,298.82092736666664
160210,298.7103088416667
160211,298.8934321333333
160301,298.910478275
160302,298.90243078333333
160303,298.4506438166667
160304,298.2653834166667
160305,298.7891095333333
160401,298.9803260666667
160402,298.89737049166666
160403,298.799866825
160404,298.97182675
160501,298.8598347916667
160502,298.8097334583333
160503,298.92386085
160504,299.03529588333333
160505,299.07805940833333
160506,298.8974832416667
160507,298.802654025
160508,298.7398052666667
160509,298.83990681666666
160510,298.84123873333334
160511,298.6654356833333
160601,298.84355785
160602,299.47935885
160603,299.78342080833335
160604,297.5372120833333
160605,299.10622981666666
160606,299.21876995
160701,297.605945425
160702,298.17573630833334
160703,298.46194356666666
160704,298.6613479916667
160705,298.83783616666665
160706,298.18648365
160801,298.7395556416667
160802,298.54585515
160803,298.38804223333335
160804,298.83271279166667
170101,298.4554306416667
170102,298.7624089
170103,298.34038690833336
170104,298.546936625
170201,296.6037612833333
170202,298.725073275
170203,298.3247926583333
170204,298.1222311583333
170301,298.69096621666665
170302,298.485145625
170303,298.2870424833333
180101,290.01864873333335
180102,277.61980688333335
180103,281.99323215
180104,288.9815219083333
180105,280.12632564166665
180106,281.8029603333333
180201,284.0137907916667
180202,278.4099703416667
180203,280.57624595
180204,278.15528446666667
180205,288.5994707666667
180206,277.77911816666665
180207,281.2613516833333
180208,283.42927599166666
180209,287.39255753333333
180210,278.59893745833335
180211,278.46066905833334
180301,291.866419825
180302,290.11276045
180303,291.5763561833333
190101,277.4201000666667
190102,280.1791445416667
190103,279.57044663333335
190104,276.71332801666665
190105,277.54063399166665
190106,280.0459126416667
190107,281.4623699416667
190108,278.62207913333333
190109,277.2371020416667
190110,277.6559437166667
190111,277.446478725
190112,278.71985973333335
190113,277.98029583333334
190201,277.89087744166665
190202,280.20258
190203,281.02804116666664
190204,281.61793889166665
190205,279.2157408416667
190206,279.26315385833334
190207,281.9455576583333
190208,279.16632623333334
190301,290.1321600083333
190302,288.1570101
190303,285.94392269166667
190304,297.58795765
190305,291.2777879
190306,296.79799405833336
190307,294.05272003333334
190308,298.3655123666667
200101,297.4676749166667
200104,297.7660940083333
200105,297.55206608333333
200107,297.450304475
200108,297.332217125
200109,296.6619072166667
200110,295.78643845
200111,298.29430156666666
200114,298.84624099166666
200115,297.19556393333335
200201,289.18875949166664
200202,290.34398776666666
200203,294.140455325
200204,288.4843340333333
200205,292.70415055
200206,287.2336778833333
200207,296.26110588333336
200208,290.89771310000003
200209,291.47146215833334
200210,298.264804275
200301,284.50774229166666
200302,291.25629583333335
200303,284.8824274666667
200304,291.11987665833334
200305,290.5711739083333
200306,291.74595625
200307,286.99557795
200308,287.42333153333334
200401,298.921153625
200402,298.993644575
200403,289.1247895083333
200404,298.92494359166665
200405,299.4359409
200406,297.99067290833335
200407,297.61473544166665
200408,295.16952845000003
200409,292.65110603333335
200410,292.86542610833334
200501,294.72203351666667
200502,295.6379093666667
200503,295.48171936666665
200504,295.3741835166667
200505,295.7545878083333
200506,296.10719151666666
200507,295.45127675
200601,298.15515262499997
200602,297.804013575
200603,296.3887274416667
200604,297.3661258916667
200605,295.62555398333336
200606,296.571770925
200607,297.874351
200608,297.7984699666667
200701,295.05599424166667
200702,295.365347725
200703,295.04495425
200704,295.46932051666664
200705,295.7133952666667
200706,296.33834836666665
200801,295.7722683083333
200802,296.66966503333333
200803,296.95574524166665
200804,297.03436381666666
200805,295.93787158333333
200806,296.62148410833333
210101,280.86805315
210102,279.84912966666667
210103,282.1780578666667
210104,282.1776877166667
210105,282.16667525
210106,281.623287025
210107,282.2931797
210108,282.4812225333333
210109,278.8968675583333
210110,282.24350345833335
210111,278.7262836333333
210112,281.73625818333335
210113,277.41897125833333
210114,279.1892340666667
210115,281.5222188916667
210201,280.4625630333333
210202,281.9141118
210203,280.847791325
210204,280.4687912333333
210205,282.14000335000003
210206,281.11025370833335
210207,281.0941541583333
210208,277.786429025
210209,277.46222316666666
210210,282.16623949166666
210211,277.90300368333334
210212,278.9386769916667
210213,281.1911694666667
210214,281.20480629166667
210215,280.5865138666667
210301,275.15876864166665
210302,275.434023625
210303,291.1861352916667
210304,291.10908793333334
210305,274.377848975
210306,275.94646056666664
210307,281.12995394166666
210308,278.40273238333333
210309,291.6747113166667
210310,276.5718838
210401,280.52199418333333
210402,281.71757163333336
210403,279.90328565833335
210404,281.2999237583333
210405,279.13523806666666
210406,280.50693199166665
210407,281.2542676833333
210501,280.89983217500003
210502,277.947712775
210503,282.108537275
210504,277.9171709
210505,279.85666656666666
210601,281.09863340833334
210602,276.567755375
210603,280.57946116666665
210604,278.8334121
210605,282.01622940833334
210606,279.438050325
210607,282.10107065833336
210608,279.8878281583333
210701,280.49309195833337
210702,280.223432525
210703,281.45279745833335
210704,281.59965565833335
210705,276.74190864166667
210706,277.44434255833335
210707,276.53082018333333
210708,280.3856210833333
210709,277.80962934166666
210710,277.30813658333335
210801,279.7580464833333
210802,276.868279675
210803,279.3437657
210804,279.24186181666664
210805,279.0845919
210806,276.9673319
210807,280.3245749
210808,278.43698114166665
210809,280.67135763333334
210901,280.2761989416667
210902,280.68238256666666
210903,278.009412275
210904,280.9001643916667
211001,277.548955625
211002,274.3978578333333
211003,279.9107076916667
211004,277.369315725
211005,278.6634811416667
211101,281.9890594
211102,281.88043999166666
211103,278.86575055833333
211104,282.3613540083333
211105,282.1920188166667
211201,283.7545693916667
211202,276.065034125
211203,291.315638875
211204,278.655163275
211205,285.3894788083333
211206,279.28660233333335
211207,290.96652020833335
211208,288.6986224666667
211209,290.48173198333336
211210,296.56285868333333
211301,280.81732025
211302,281.42859746666664
211303,280.70365576666666
211304,280.53313271666667
211305,281.33340265
211306,281.079087475
211307,281.39151001666664
220101,294.137989875
220102,296.0291571583333
220103,295.85807304166667
220104,293.494361225
220105,292.33897925
220106,295.88897525
220201,298.9700012833333
220202,295.2680592666667
220203,297.81706504166664
220204,298.78693400833333
220205,298.71201133333335
220206,299.62188626666665
220301,296.8329062166667
220302,297.725727175
220303,293.167297025
220304,297.3419977666667
220305,296.1593640666667
220401,296.343731925
220402,292.7678789666667
220403,298.5069506583333
220404,297.6739827
220405,298.6245325666667
220406,299.146894525
220501,296.6741152833333
220502,293.23720664166666
220503,298.4137097
220504,298.01016574166664
220505,297.08931871666664
220506,293.8345080583333
220507,297.85326210833335
220508,294.76121555
220509,297.26801974166665
220510,295.42722396666665
220511,296.334376675
220601,298.5386865666667
220602,295.6684047416667
220603,288.04473436666666
220604,295.4116287416667
220605,298.89540610833336
220701,299.11379938333334
220702,297.87786481666666
220703,299.118666525
220704,297.7746387083333
220705,298.7133127083333
220706,299.3235741
220707,299.30487554166666
220708,295.79029749166665
220709,298.023962225
220710,295.6597034916667
220801,295.08253069166665
220802,291.84862510833335
220803,292.4249388833333
220804,292.4241403166667
220805,289.44949595
220806,296.2875268833333
220807,296.1796275166667
220808,294.6605671166667
220809,296.3681437083333
220901,297.77877465
220902,297.18168168333335
220903,297.9635637916667
220904,297.00680289166667
220905,299.0587641166667
220906,299.095262425
220907,297.84673575
220908,298.4718324333333
220909,296.72183286666666
220910,298.1429872
220911,298.96706347500003
220912,296.4623748916667
220913,296.84715623333335
220914,296.7140863166667
221001,296.38735319166665
221002,296.31966508333335
221003,293.4288464
221004,284.4957639666667
221005,296.3259440333333
230101,291.83653925
230102,292.58051955
230103,294.0927380333333
230104,292.389020375
230105,291.9655771916667
230106,286.86489931666665
230107,278.01771306666666
230108,291.96848113333334
230109,292.6726651583333
230110,295.785773775
230111,295.12591195
230201,277.209407675
230202,279.8296940833333
230203,277.9512866083333
230204,285.831251725
230205,283.08206153333333
230206,284.4497976166667
230301,293.47705414166666
230302,288.5753292333333
230303,291.79756225
230401,277.60376375
230402,286.27937905833335
230403,282.38489365833334
230404,284.99596390833335
230405,284.57090999166667
230406,277.4945270833333
230407,279.117999925
230408,277.976211175
240101,298.69807518333334
240102,298.49114706666666
240103,298.05880728333335
240104,297.565052125
240105,297.38407528333335
240106,298.88021376666666
240201,297.8601418416667
240202,296.593479275
240203,297.1670146916667
240301,298.992559025
240302,299.06422705833336
240303,298.19577093333334
240304,299.0192923916667
250101,299.397645425
250102,299.8247134
250103,299.4939787166667
250104,299.673360775
250105,300.0553949916667
250106,299.6851725583333
250107,300.1648308
250201,298.7592363
250202,299.625470275
250203,299.5597149
250204,299.2587735833333
250301,297.28144258333333
250302,299.65523786666665
250303,299.5115780666667
250304,299.65893995833335
250305,299.61354043333336
250401,298.95702795
