ubigeo,so2
010101,1.53565309175e-4
010102,8.16e-5
010103,2.663083333333333e-4
010104,1.5836796438333333e-4
010105,6.574158501666667e-5
010106,2.4604166666666665e-4
010107,9.700987551141667e-5
010108,2.0126666666666666e-4
010109,9.269166666666667e-5
010110,1.7864933744166667e-4
010111,1.7605e-4
010112,1.01425e-4
010113,1.2440833333333333e-4
010114,1.6015833333333333e-4
010115,1.055e-4
010116,8.885e-5
010117,1.395e-4
010118,2.2952695455e-4
010119,1.7986666666666668e-4
010120,1.9943333333333335e-4
010121,2.0288333333333332e-4
010201,2.8355e-4
010202,2.2045e-4
010203,2.126224192e-4
010204,2.656566274083333e-4
010205,2.3385138940833333e-4
010206,1.9684166666666668e-4
010301,1.13275e-4
010302,7.164369520833333e-5
010303,1.5640833333333334e-4
010304,8.495833333333334e-5
010305,1.1061300521666666e-4
010306,1.6010833333333333e-4
010307,1.0863333333333334e-4
010308,1.1855776845e-4
010309,1.4305e-4
010310,1.1629166666666667e-4
010311,1.543e-4
010312,1.4028902674166667e-4
010401,2.2860833333333334e-4
010402,1.8349166666666668e-4
010403,2.1505833333333333e-4
010501,1.7394234085833332e-4
010502,2.2155833333333333e-4
010503,2.59675e-4
010504,1.529e-4
010505,9.259024643e-5
010506,1.6421666666666666e-4
010507,2.48925e-4
010508,1.692e-4
010509,1.7771666666666666e-4
010510,1.28209005875e-4
010511,1.9275400053333334e-4
010512,1.8925833333333333e-4
010513,1.8740833333333334e-4
010514,1.9074091813333334e-4
010515,2.777333333333333e-4
010516,1.3246666666666667e-4
010517,2.1126666666666666e-4
010518,1.1715e-4
010519,1.8262499999999998e-4
010520,1.2362206635416667e-4
010521,1.9527473005833334e-4
010522,2.0059166666666666e-4
010523,1.786e-4
010601,1.8389166666666666e-4
010602,2.2375e-4
010603,1.6165e-4
010604,2.6928333333333336e-4
010605,1.9445e-4
010606,2.0503333333333332e-4
010607,1.5218333333333334e-4
010608,1.77525e-4
010609,1.9435833333333335e-4
010610,2.1125833333333335e-4
010611,1.9483443833333335e-4
010612,1.5824166666666666e-4
010701,2.4760833333333334e-4
010702,1.2389042459166666e-4
010703,2.704e-4
010704,3.965416666666667e-4
010705,1.2859166666666667e-4
010706,2.02225e-4
010707,1.9496666666666667e-4
020101,4.58225e-4
020102,3.8173333333333336e-4
020103,4.03325e-4
020104,4.1425833333333335e-4
020105,3.981666666666667e-4
020106,4.46125e-4
020107,3.930916666666667e-4
020108,4.298416666666667e-4
020109,4.668333333333333e-4
020110,4.173583333333333e-4
020111,4.4525e-4
020112,3.620333333333333e-4
020201,5.7255e-4
020202,5.109166666666667e-4
020203,5.68675e-4
020204,4.3455e-4
020205,5.983583333333334e-4
020301,3.904e-4
020302,3.9738333333333333e-4
020303,3.5e-4
020304,5.088833333333333e-4
020305,3.923e-4
020306,3.6481666666666665e-4
020401,3.24925e-4
020402,4.6932500000000004e-4
020501,5.68075e-4
020502,5.817416666666666e-4
020503,6.341916666666666e-4
020504,3.8163333333333336e-4
020505,5.653499999999999e-4
020506,5.54175e-4
020507,6.946583333333333e-4
020508,4.10475e-4
020509,5.979916666666666e-4
020510,5.763096628166667e-4
020511,5.962833333333333e-4
020512,5.280666666666666e-4
020513,4.552583333333333e-4
020514,5.338750000000001e-4
020515,7.116083333333333e-4
020601,4.862e-4
020602,5.949e-4
020603,3.92525e-4
020604,5.001833333333333e-4
020605,4.395e-4
020606,4.260833333333333e-4
020607,5.332416666666667e-4
020608,3.1555e-4
020609,2.580083333333333e-4
020610,4.973166666666667e-4
020611,4.49675e-4
020701,3.3541666666666664e-4
020702,4.0071666666666666e-4
020703,4.007916666666667e-4
020801,6.263333333333333e-4
020802,5.655583333333333e-4
020803,6.79775e-4
020804,5.685333333333333e-4
020901,4.7513333333333335e-4
020902,4.1369999999999997e-4
020903,5.9925e-4
020904,4.16525e-4
020905,4.7354166666666665e-4
020906,4.3485833333333336e-4
020907,5.556083333333333e-4
021001,3.931583333333333e-4
021002,3.309916666666667e-4
021003,3.553e-4
021004,4.012833333333333e-4
021005,3.41875e-4
021006,3.3044166666666664e-4
021007,4.274e-4
021008,4.0875e-4
021009,4.364666666666667e-4
021010,3.779333333333333e-4
021011,3.9598333333333335e-4
021012,4.5600833333333336e-4
021013,4.4425e-4
021014,3.9496666666666665e-4
021015,4.132e-4
021016,3.7968333333333334e-4
021101,6.7985e-4
021102,6.373416666666667e-4
021103,7.291833333333334e-4
021104,5.453583333333334e-4
021105,6.213916666666666e-4
021201,3.84725e-4
021202,4.8055833333333334e-4
021203,4.3131666666666664e-4
021204,4.781333333333333e-4
021205,4.7982499999999997e-4
021206,4.20925e-4
021207,4.645e-4
021208,3.0755833333333336e-4
021209,5.213833333333333e-4
021210,3.5975e-4
021301,3.1351666666666665e-4
021302,3.361416666666667e-4
021303,4.44775e-4
021304,3.26875e-4
021305,4.266333333333333e-4
021306,4.1460833333333333e-4
021307,3.7080833333333335e-4
021308,3.895916666666667e-4
021401,6.617166666666667e-4
021402,6.995333333333334e-4
021403,5.782333333333333e-4
021404,6.746416666666667e-4
021405,7.558416666666667e-4
021406,7.602166666666666e-4
021407,5.860416666666667e-4
021408,5.828166666666666e-4
021409,8.270833333333333e-4
021410,6.355416666666666e-4
021501,3.255e-4
021502,5.08825e-4
021503,2.9609166666666665e-4
021504,3.755e-4
021505,3.5485000000000003e-4
021506,3.819166666666667e-4
021507,4.4866666666666666e-4
021508,4.28076106975e-4
021509,2.87925e-4
021510,5.790333333333333e-4
021511,4.7699166666666666e-4
021601,2.7932214302083333e-4
021602,3.457166666666667e-4
021603,3.17875e-4
021604,3.237416666666667e-4
021701,4.893916666666667e-4
021702,4.7088333333333333e-4
021703,5.258166666666667e-4
021704,5.377083333333333e-4
021705,6.119083333333334e-4
021706,5.867666666666667e-4
021707,5.435666666666667e-4
021708,5.944311680166666e-4
021709,4.90775e-4
021710,4.5084166666666664e-4
021801,6.44e-4
021802,4.5841666666666665e-4
021803,5.75375e-4
021804,5.342333333333333e-4
021805,5.492916666666667e-4
021806,6.393166666666667e-4
021807,6.373833333333333e-4
021808,6.144e-4
021809,6.5015e-4
021901,3.704583333333333e-4
021902,3.3423333333333334e-4
021903,3.07525e-4
021904,4.456e-4
021905,3.5483333333333336e-4
021906,3.141e-4
021907,2.88375e-4
021908,3.6077500000000003e-4
021909,3.6485e-4
021910,3.5631666666666666e-4
022001,4.4298333333333336e-4
022002,3.9465e-4
022003,4.3936666666666665e-4
022004,5.2515e-4
022005,3.86175e-4
022006,5.325583333333334e-4
022007,3.4059166666666665e-4
022008,3.394166666666667e-4
030101,4.996333333333334e-4
030102,5.055666666666667e-4
030103,4.800333333333333e-4
030104,4.7994166666666665e-4
030105,4.7745e-4
030106,4.618166666666667e-4
030107,5.7615e-4
030108,5.206083333333334e-4
030109,4.060166666666667e-4
030201,4.567083333333333e-4
030202,5.439083333333333e-4
030203,5.43e-4
030204,6.292e-4
030205,5.232e-4
030206,5.368916666666667e-4
030207,5.001083333333334e-4
030208,5.94e-4
030209,5.1545e-4
030210,6.707583333333333e-4
030211,6.30025e-4
030212,5.752999999999999e-4
030213,4.113333333333333e-4
030214,5.647583333333333e-4
030215,4.7198333333333336e-4
030216,5.424916666666667e-4
030217,5.082e-4
030218,4.4965833333333334e-4
030219,5.458833333333333e-4
030220,4.724666666666667e-4
030301,7.694833333333333e-4
030302,5.004e-4
030303,6.306083333333333e-4
030304,6.819916666666667e-4
030305,6.621083333333334e-4
030306,5.8915e-4
030307,6.72375e-4
030401,6.743166666666666e-4
030402,6.518583333333333e-4
030403,6.810833333333333e-4
030404,5.44e-4
030405,5.95775e-4
030406,6.901416666666667e-4
030407,6.265833333333334e-4
030408,6.132416666666667e-4
030409,5.268916666666667e-4
030410,7.178083333333333e-4
030411,5.419083333333333e-4
030412,6.497083333333333e-4
030413,7.04425e-4
030414,5.32825e-4
030415,6.161166666666666e-4
030416,6.582e-4
030417,7.148e-4
030501,5.98975e-4
030502,5.530583333333333e-4
030503,5.166083333333334e-4
030504,6.80975e-4
030505,7.013833333333334e-4
030506,6.359916666666667e-4
030601,4.912083333333333e-4
030602,4.931333333333334e-4
030603,4.80825e-4
030604,4.8525e-4
030605,6.031249999999999e-4
030606,4.721833333333333e-4
030607,4.916666666666666e-4
030608,5.007916666666666e-4
030609,4.589833333333333e-4
030610,4.85925e-4
030611,4.3348333333333334e-4
030701,7.53625e-4
030702,5.2585e-4
030703,5.42225e-4
030704,5.366e-4
030705,5.777166666666667e-4
030706,5.685666666666667e-4
030707,5.96225e-4
030708,5.452916666666667e-4
030709,5.553916666666667e-4
030710,5.649833333333333e-4
030711,5.297333333333334e-4
030712,6.42875e-4
030713,5.389166666666667e-4
030714,5.685333333333333e-4
040101,0.0038798916666666666
040102,0.003387816666666667
040103,0.0034569916666666667
040104,0.004027841666666667
040105,0.0032078583333333332
040106,0.003218675
040107,0.004087358333333333
040108,0.0036416916666666666
040109,0.0034206416666666666
040110,0.0034450333333333333
040111,0.0033100416666666664
040112,0.00351755
040113,0.002802325
040114,0.0032228916666666666
040115,0.0032981
040116,0.0033724749999999998
040117,0.00417485
040118,0.004400025
040119,0.0023181833333333333
040120,0.004512583333333334
040121,0.004190458333333333
040122,0.0038186333333333333
040123,0.004218883333333334
040124,0.004127191666666667
040125,0.0040587
040126,0.004079616666666667
040127,0.00356425
040128,0.004426725
040129,0.003697375
040201,0.0028377
040202,0.0030529333333333335
040203,0.002815625
040204,0.0026373833333333332
040205,0.0037716166666666665
040206,0.002372308333333333
040207,0.003218841666666667
040208,0.0029950583333333333
040301,0.001974175
040302,0.0013727916666666667
040303,0.0021264166666666666
040304,0.001411525
040305,0.0012324333333333334
040306,0.0013306583333333333
040307,0.001478975
040308,0.0017101083333333333
040309,0.0014285
040310,0.0014782333333333334
040311,0.0010717083333333334
040312,0.001312225
040313,0.00145025
040401,0.0033968
040402,0.002038
040403,0.003251458333333333
040404,0.0012357416666666666
040405,0.0016411166666666667
040406,0.0021014333333333334
040407,0.0039448416666666665
040408,0.0018806166666666666
040409,0.0012439666666666667
040410,0.001640775
040411,0.0022774166666666667
040412,0.0031593416666666667
040413,0.004108908333333334
040414,0.0014436666666666667
040501,0.0026767666666666664
040502,0.005081291666666667
040503,0.0042021
040504,0.0013705833333333335
040505,0.0011938666666666668
040506,0.0031979583333333335
040507,0.004138625
040508,0.006055158333333334
040509,0.0032136083333333333
040510,0.002393858333333333
040511,0.005506616666666667
040512,0.00489885
040513,0.003242933333333333
040514,0.0017267916666666666
040515,0.0014788583333333334
040516,0.0022938416666666668
040517,0.001091575
040518,0.001847125
040519,0.0028169749999999998
040520,0.0042098583333333335
040601,0.0026462916666666666
040602,0.0020598416666666665
040603,0.0010942166666666666
040604,0.0013042083333333334
040605,0.0030538083333333335
040606,0.0021602083333333334
040607,0.001299025
040608,0.0016700166666666666
040701,0.0028359333333333333
040702,0.0029048166666666665
040703,0.0021752916666666665
040704,0.00273105
040705,0.0023871916666666666
040706,0.002595191666666667
040801,0.001243325
040802,0.0012039333333333333
040803,0.0014471
040804,0.0010045833333333332
040805,0.0012021833333333333
040806,0.0010502999999999999
040807,0.0015243583333333333
040808,0.001268725
040809,0.0014326916666666666
040810,0.0011608
040811,0.0013447833333333334
050101,5.96625e-4
050102,4.539083333333333e-4
050103,4.7125833333333333e-4
050104,4.847e-4
050105,4.5320833333333335e-4
050106,4.773e-4
050107,4.2416666666666666e-4
050108,4.557e-4
050109,5.165166666666667e-4
050110,4.5945000000000003e-4
050111,4.891333333333334e-4
050112,5.345666666666666e-4
050113,4.6755833333333335e-4
050114,4.844583333333333e-4
050115,4.3719166666666666e-4
050116,4.425916666666667e-4
050201,6.323916666666667e-4
050202,5.01925e-4
050203,5.068416666666667e-4
050204,5.314416666666667e-4
050205,5.089583333333334e-4
050206,5.368333333333333e-4
050301,5.91475e-4
050302,5.885916666666667e-4
050303,5.559e-4
050304,5.527666666666666e-4
050401,4.241583333333333e-4
050402,3.2303333333333334e-4
050403,4.1939166666666666e-4
050404,4.3001666666666667e-4
050405,5.484083333333334e-4
050406,3.3420833333333333e-4
050407,2.529333333333333e-4
050408,2.6500833333333333e-4
050409,3.1248333333333333e-4
050410,2.805e-4
050411,2.8513333333333334e-4
050412,4.0374166666666664e-4
050501,3.8028333333333335e-4
050502,3.492083333333333e-4
050503,2.478e-4
050504,4.895e-4
050505,3.977333333333333e-4
050506,4.3125e-4
050507,2.66425e-4
050508,3.5548333333333335e-4
050509,2.643083333333333e-4
050510,2.8860833333333336e-4
050511,4.433416666666667e-4
050601,5.856083333333333e-4
050602,6.026166666666667e-4
050603,6.129666666666667e-4
050604,6.825416666666667e-4
050605,8.582583333333334e-4
050606,5.915833333333333e-4
050607,6.570666666666666e-4
050608,6.731666666666666e-4
050609,8.75525e-4
050610,6.905666666666666e-4
050611,5.975833333333333e-4
050612,7.245833333333333e-4
050613,6.724083333333334e-4
050614,8.087666666666667e-4
050615,6.858916666666666e-4
050616,6.9405e-4
050617,8.07275e-4
050618,6.346833333333333e-4
050619,0.001070725
050620,5.575916666666667e-4
050621,8.865833333333333e-4
050701,6.494666666666667e-4
050702,8.754416666666667e-4
050703,7.386e-4
050704,0.0012667166666666667
050705,0.00117605
050706,9.39725e-4
050707,0.0013377666666666667
050708,6.624916666666666e-4
050801,0.001328775
050802,9.3715e-4
050803,0.00117215
050804,9.118416666666667e-4
050805,8.701333333333333e-4
050806,0.00102975
050807,0.0010407083333333334
050808,8.118583333333333e-4
050809,0.001125275
050810,0.0011593
050901,6.165e-4
050902,6.467166666666666e-4
050903,6.044749999999999e-4
050904,6.241166666666666e-4
050905,6.185916666666667e-4
050906,6.135916666666667e-4
050907,6.641666666666666e-4
050908,6.858833333333334e-4
050909,6.41125e-4
050910,6.27e-4
050911,6.286e-4
051001,0.002360325
051002,5.9225e-4
051003,6.588416666666667e-4
051004,6.860083333333334e-4
051005,6.93925e-4
051006,0.0018846416666666668
051007,0.0010402083333333333
051008,5.81025e-4
051009,0.0010660916666666667
051010,6.54575e-4
051011,5.55075e-4
051012,5.688916666666667e-4
051101,5.683166666666667e-4
051102,6.615583333333333e-4
051103,6.5195e-4
051104,4.964e-4
051105,6.358166666666666e-4
051106,7.293416666666666e-4
051107,5.578583333333333e-4
051108,5.564166666666666e-4
060101,2.3400833333333333e-4
060102,3.4015e-4
060103,3.032166666666667e-4
060104,3.970583333333333e-4
060105,2.4605e-4
060106,3.3423333333333334e-4
060107,3.25975e-4
060108,2.564583333333333e-4
060109,3.2701666666666666e-4
060110,3.6749166666666665e-4
060111,2.8261666666666666e-4
060112,3.5124166666666666e-4
060201,3.2170833333333335e-4
060202,4.5821666666666665e-4
060203,4.243e-4
060204,3.4553333333333335e-4
060301,3.6211666666666664e-4
060302,2.7569166666666664e-4
060303,2.3080740656e-4
060304,2.7839166666666665e-4
060305,3.160416666666667e-4
060306,2.2278115845833334e-4
060307,2.864833333333333e-4
060308,2.65675e-4
060309,2.604666666666667e-4
060310,2.26225e-4
060311,2.946583333333333e-4
060312,3.512333333333333e-4
060401,2.655166666666667e-4
060402,3.01925e-4
060403,2.2363994145833333e-4
060404,3.2546666666666665e-4
060405,2.35005815925e-4
060406,2.523333333333333e-4
060407,4.1526666666666666e-4
060408,2.499e-4
060409,4.1427500000000003e-4
060410,2.2367505173333333e-4
060411,5.090333333333334e-4
060412,3.813900365083333e-4
060413,1.9346666666666666e-4
060414,2.9093534221666666e-4
060415,3.0986666666666665e-4
060416,4.129166666666667e-4
060417,3.1248333333333333e-4
060418,4.8865e-4
060419,2.668916666666667e-4
060501,3.57004712175e-4
060502,4.665916666666667e-4
060503,4.7550833333333335e-4
060504,3.420916666666667e-4
060505,5.395833333333333e-4
060506,3.4806666666666665e-4
060507,4.6620833333333334e-4
060508,6.3435e-4
060601,2.8674166666666667e-4
060602,3.1045078723333336e-4
060603,4.051e-4
060604,3.7206666666666664e-4
060605,3.694606746333333e-4
060606,2.58975e-4
060607,3.533957167e-4
060608,2.01875e-4
060609,3.787416666666667e-4
060610,3.8261666666666665e-4
060611,2.5954166666666666e-4
060612,1.28325e-4
060613,2.9249166666666667e-4
060614,2.679583333333333e-4
060615,3.2915833333333334e-4
060701,2.3996666666666665e-4
060702,1.8420833333333334e-4
060703,2.1077600146666666e-4
060801,3.847916666666667e-4
060802,3.6350833333333334e-4
060803,2.1070833333333334e-4
060804,3.0475e-4
060805,2.9809166666666664e-4
060806,3.720833333333333e-4
060807,3.222666666666667e-4
060808,4.200333333333333e-4
060809,3.0579166666666667e-4
060810,3.1625e-4
060811,2.5883119608333333e-4
060812,3.732e-4
060901,2.5950833333333336e-4
060902,3.1695e-4
060903,2.4345e-4
060904,2.57225e-4
060905,2.2440833333333334e-4
060906,1.8131666666666666e-4
060907,1.7744166666666667e-4
061001,3.297583333333333e-4
061002,3.873083333333333e-4
061003,4.498416666666667e-4
061004,2.2731666666666667e-4
061005,3.9614166666666667e-4
061006,3.9855e-4
061007,2.9620833333333333e-4
061101,3.5910986344166667e-4
061102,3.0703333333333333e-4
061103,2.4237603113333334e-4
061104,2.4229387104999998e-4
061105,2.9005673110833334e-4
061106,2.8495e-4
061107,2.720754669916667e-4
061108,4.915916666666666e-4
061109,2.5541666666666665e-4
061110,4.9225e-4
061111,2.6905e-4
061112,2.0594269831666667e-4
061113,4.703666666666667e-4
061201,2.890083333333333e-4
061202,4.1939166666666666e-4
061203,4.99175e-4
061204,2.746051576416667e-4
061301,3.613583333333333e-4
061302,2.876323876666667e-4
061303,3.6783913031666665e-4
061304,4.0005833333333333e-4
061305,3.3219324808333333e-4
061306,1.80525e-4
061307,2.2791666666666666e-4
061308,1.9990096593333333e-4
061309,5.533583333333334e-4
061310,2.7623333333333334e-4
061311,2.2980871316666666e-4
070101,6.468336739833333e-4
070102,5.170333333333333e-4
070103,5.156083333333333e-4
070104,5.004666666666666e-4
070105,6.079916666666666e-4
070106,7.42025e-4
070107,7.665666666666666e-4
080101,4.5040833333333334e-4
080102,4.524833333333333e-4
080103,4.837416666666667e-4
080104,4.50725e-4
080105,4.7425833333333335e-4
080106,4.5701666666666667e-4
080107,4.6619166666666666e-4
080108,4.7205e-4
080201,5.203416666666667e-4
080202,5.4875e-4
080203,5.885583333333334e-4
080204,4.7804166666666665e-4
080205,5.778166666666666e-4
080206,5.376666666666667e-4
080207,5.452333333333334e-4
080301,4.6218333333333334e-4
080302,4.2975e-4
080303,5.083333333333333e-4
080304,4.6963333333333333e-4
080305,4.4271666666666665e-4
080306,4.602333333333333e-4
080307,4.992416666666666e-4
080308,4.6855833333333337e-4
080309,4.61125e-4
080401,3.797083333333333e-4
080402,4.1566666666666667e-4
080403,4.438166666666667e-4
080404,3.1946666666666666e-4
080405,4.903e-4
080406,5.31725e-4
080407,4.4553333333333334e-4
080408,2.9791666666666665e-4
080501,6.54775e-4
080502,7.014416666666667e-4
080503,7.96425e-4
080504,6.90625e-4
080505,6.22475e-4
080506,5.584666666666666e-4
080507,6.530083333333333e-4
080508,5.740583333333334e-4
080601,5.774666666666666e-4
080602,4.6225e-4
080603,5.205166666666667e-4
080604,5.757166666666666e-4
080605,4.330416666666667e-4
080606,5.58225e-4
080607,6.971e-4
080608,6.741083333333334e-4
080701,8.21375e-4
080702,6.572583333333333e-4
080703,7.337166666666667e-4
080704,7.80925e-4
080705,6.292e-4
080706,7.778083333333333e-4
080707,8.376583333333333e-4
080708,7.053666666666667e-4
080801,0.0010238
080802,9.608583333333334e-4
080803,9.46025e-4
080804,8.139916666666667e-4
080805,8.0705e-4
080806,9.64775e-4
080807,0.0011961916666666666
080808,8.789083333333333e-4
080901,3.3419166666666665e-4
080902,2.88675e-4
080903,2.750916666666667e-4
080904,2.9365e-4
080905,2.67025e-4
080906,2.586416666666667e-4
080907,2.1430833333333334e-4
080908,3.21625e-4
080909,2.8604166666666665e-4
080910,2.3408333333333335e-4
080911,3.4889166666666663e-4
080912,2.5945833333333333e-4
080913,2.8445833333333334e-4
080914,2.9134166666666667e-4
081001,5.02625e-4
081002,6.194833333333334e-4
081003,6.38125e-4
081004,7.946666666666667e-4
081005,5.093416666666667e-4
081006,6.10075e-4
081007,5.325833333333334e-4
081008,6.55525e-4
081009,4.927416666666666e-4
081101,3.4221666666666665e-4
081102,4.975666666666667e-4
081103,3.339416666666667e-4
081104,4.54625e-4
081105,4.90925e-4
081106,2.6635e-4
081201,5.2035e-4
081202,4.705833333333333e-4
081203,2.67625e-4
081204,3.787833333333333e-4
081205,4.8284166666666666e-4
081206,4.8075833333333334e-4
081207,5.063666666666667e-4
081208,5.265833333333333e-4
081209,3.1474166666666664e-4
081210,4.787666666666667e-4
081211,4.89975e-4
081212,5.011833333333334e-4
081301,3.450416666666667e-4
081302,4.2751666666666666e-4
081303,3.9229166666666666e-4
081304,3.4208333333333335e-4
081305,4.78025e-4
081306,3.8178333333333333e-4
081307,3.667916666666667e-4
090101,4.562666666666667e-4
090102,4.9955e-4
090103,4.440333333333333e-4
090104,4.817833333333333e-4
090105,4.8643333333333336e-4
090106,4.93875e-4
090107,4.82375e-4
090108,4.0833333333333336e-4
090109,4.671833333333333e-4
090110,4.70175e-4
090111,5.359083333333334e-4
090112,4.499833333333333e-4
090113,4.5229166666666665e-4
090114,3.9895833333333336e-4
090115,5.065333333333334e-4
090116,4.873e-4
090117,5.2385e-4
090118,4.8129166666666665e-4
090119,4.58675e-4
090201,4.7193333333333333e-4
090202,4.5745e-4
090203,4.97025e-4
090204,4.414583333333333e-4
090205,4.9385e-4
090206,4.6525e-4
090207,4.371583333333333e-4
090208,4.37925e-4
090301,4.603333333333333e-4
090302,4.908416666666666e-4
090303,5.974916666666667e-4
090304,4.93025e-4
090305,5.109833333333334e-4
090306,5.057833333333334e-4
090307,4.8078333333333336e-4
090308,5.21525e-4
090309,5.189833333333334e-4
090310,5.536833333333333e-4
090311,5.579333333333333e-4
090312,4.560666666666667e-4
090401,5.841916666666667e-4
090402,5.87225e-4
090403,5.562e-4
090404,6.539916666666667e-4
090405,5.610333333333333e-4
090406,6.435750000000001e-4
090407,5.948e-4
090408,7.544e-4
090409,6.40836411325e-4
090410,6.441620520333334e-4
090411,4.966833333333333e-4
090412,6.200583333333333e-4
090413,6.04e-4
090501,4.3174166666666667e-4
090502,3.674e-4
090503,4.055416666666667e-4
090504,3.987416666666667e-4
090505,4.7174166666666666e-4
090506,4.2309166666666665e-4
090507,3.6973333333333334e-4
090508,4.6034166666666666e-4
090509,3.601666666666667e-4
090510,3.517416666666667e-4
090511,4.0543333333333334e-4
090601,6.733916666666666e-4
090602,7.144583333333333e-4
090603,6.496944746666667e-4
090604,7.00025e-4
090605,6.09775e-4
090606,6.056166666666667e-4
090607,5.168083333333334e-4
090608,5.900583333333333e-4
090609,6.625166666666667e-4
090610,5.895333333333333e-4
090611,7.205833333333334e-4
090612,7.216460294416667e-4
090613,6.621583333333333e-4
090614,6.06e-4
090615,7.264666666666667e-4
090616,5.732416666666667e-4
090701,4.6125833333333336e-4
090702,4.7475e-4
090703,4.720583333333333e-4
090704,5.095833333333334e-4
090705,4.3254999999999997e-4
090706,4.8678333333333334e-4
090707,3.5175e-4
090709,4.4999166666666665e-4
090710,4.679833333333333e-4
090711,4.8361666666666667e-4
090713,4.269333333333333e-4
090714,4.031416666666667e-4
090715,4.0795833333333336e-4
090716,3.928e-4
090717,3.6993333333333334e-4
090718,2.879583333333333e-4
090719,4.2455833333333333e-4
090720,3.5633333333333334e-4
090721,2.5773333333333333e-4
090722,3.916083333333333e-4
090723,5.1035e-4
100101,3.903583333333333e-4
100102,2.8866666666666667e-4
100103,2.561e-4
100104,2.516416666666667e-4
100105,3.6554999999999997e-4
100106,3.673666666666667e-4
100107,3.9134166666666666e-4
100108,3.7135833333333334e-4
100109,3.0628333333333334e-4
100110,3.862916666666667e-4
100111,3.529333333333333e-4
100112,3.89025e-4
100113,2.7056666666666667e-4
100201,3.039916666666667e-4
100202,4.654833333333333e-4
100203,5.561833333333333e-4
100204,3.182083333333333e-4
100205,4.1576666666666667e-4
100206,3.729166666666667e-4
100207,3.152916666666667e-4
100208,3.566833333333334e-4
100301,4.0481666666666665e-4
100307,3.15825e-4
100311,2.632583333333333e-4
100313,4.25975e-4
100316,4.2545e-4
100317,4.057416666666667e-4
100321,4.1310833333333335e-4
100322,3.5871666666666667e-4
100323,3.446666666666667e-4
100401,2.5714166666666665e-4
100402,3.211166666666667e-4
100403,2.6493333333333334e-4
100404,2.6683333333333333e-4
100501,4.014166666666667e-4
100502,3.1900833333333334e-4
100503,4.469916666666667e-4
100504,3.2441666666666665e-4
100505,3.046666666666667e-4
100506,3.752166666666667e-4
100507,2.517833333333333e-4
100508,4.0826666666666665e-4
100509,4.648e-4
100510,3.6288333333333336e-4
100511,3.53475e-4
100601,3.35e-4
100602,2.2065e-4
100603,2.6687499999999997e-4
100604,2.5443333333333336e-4
100605,3.217916666666667e-4
100606,3.096583333333333e-4
100607,2.0361666666666666e-4
100608,3.656e-4
100609,2.658e-4
100610,2.2600833333333333e-4
100701,2.865333333333333e-4
100702,2.4055e-4
100703,3.625666666666667e-4
100704,2.8301666666666667e-4
100705,2.2737499999999998e-4
100801,2.6225833333333334e-4
100802,2.35075e-4
100803,1.83175e-4
100804,2.630416666666667e-4
100901,3.010833333333333e-4
100902,2.581416666666667e-4
100903,3.20875e-4
100904,2.92775e-4
100905,2.6875833333333334e-4
101001,3.7449166666666666e-4
101002,3.9599166666666664e-4
101003,4.10225e-4
101004,3.8288333333333336e-4
101005,4.81825e-4
101006,5.107e-4
101007,3.546166666666667e-4
101101,3.4156666666666666e-4
101102,8.390916666666667e-4
101103,9.588166666666667e-4
101104,2.84086404225e-4
101105,3.1144166666666667e-4
101106,4.044e-4
101107,3.564416666666667e-4
101108,4.5793305085e-4
110101,9.170666666666667e-4
110102,7.650083333333333e-4
110103,8.345166666666666e-4
110104,9.49875e-4
110105,9.732916666666667e-4
110106,8.263666666666667e-4
110107,8.677666666666666e-4
110108,8.785583333333334e-4
110109,7.834416666666666e-4
110110,7.53825e-4
110111,9.822583333333333e-4
110112,8.617833333333333e-4
110113,8.924916666666667e-4
110114,7.57375e-4
110201,7.204833333333333e-4
110202,7.727833333333334e-4
110203,6.375666666666666e-4
110204,6.869833333333333e-4
110205,6.826333333333334e-4
110206,7.026e-4
110207,7.381833333333334e-4
110208,6.5665e-4
110209,7.076833333333333e-4
110210,6.451583333333333e-4
110211,6.804916666666666e-4
110301,0.0010465666666666666
110302,0.001119175
110303,8.812666666666667e-4
110304,0.001109725
110305,0.0010364333333333334
110401,8.338666666666667e-4
110402,0.0010425583333333334
110403,8.11825e-4
110404,9.720666666666667e-4
110405,7.439166666666667e-4
110501,9.14525e-4
110502,7.2265e-4
110503,0.00075437500000000005
110504,7.720916666666667e-4
110505,9.061916666666666e-4
110506,7.670583333333333e-4
110507,7.913833333333334e-4
110508,7.139583333333334e-4
120101,3.568833333333333e-4
120104,4.587083333333333e-4
120105,4.7653333333333333e-4
120106,4.2031666666666665e-4
120107,4.360666666666667e-4
120108,4.76525e-4
120111,4.4884166666666665e-4
120112,4.6084166666666667e-4
120113,4.6038333333333335e-4
120114,4.2136666666666665e-4
120116,4.4475e-4
120117,3.65775e-4
120119,3.8481666666666665e-4
120120,4.6119166666666665e-4
120121,4.7368333333333335e-4
120122,3.719583333333333e-4
120124,3.4709166666666664e-4
120125,4.1486666666666665e-4
120126,4.4524166666666667e-4
120127,3.84825e-4
120128,3.999e-4
120129,3.9055e-4
120130,4.147416666666667e-4
120132,3.663583333333333e-4
120133,4.238583333333333e-4
120134,6.13075e-4
120135,3.0674166666666666e-4
120136,4.960916666666667e-4
120201,4.356916666666667e-4
120202,4.17125e-4
120203,2.8003333333333333e-4
120204,4.7915e-4
120205,3.4905833333333334e-4
120206,3.085e-4
120207,4.5246666666666664e-4
120208,5.017666666666667e-4
120209,3.868166666666667e-4
120210,5.126416666666666e-4
120211,3.6868333333333334e-4
120212,4.7643333333333333e-4
120213,5.503666666666667e-4
120214,4.7155833333333333e-4
120215,4.71675e-4
120301,3.00675e-4
120302,2.957833333333333e-4
120303,2.7919166666666667e-4
120304,3.1594166666666667e-4
120305,3.235e-4
120306,2.6898333333333336e-4
120401,5.046833333333334e-4
120402,4.986916666666666e-4
120403,4.4383333333333335e-4
120404,4.820166666666667e-4
120405,4.6345833333333335e-4
120406,4.473666666666667e-4
120407,4.951416666666667e-4
120408,5.208666666666667e-4
120409,4.523e-4
120410,5.625583333333334e-4
120411,4.6859166666666667e-4
120412,4.824166666666667e-4
120413,5.110333333333333e-4
120414,4.4481666666666665e-4
120415,4.82e-4
120416,5.366916666666667e-4
120417,4.469333333333333e-4
120418,3.96275e-4
120419,3.05325e-4
120420,3.968416666666667e-4
120421,4.788416666666667e-4
120422,3.986833333333333e-4
120423,4.78375e-4
120424,4.46875e-4
120425,4.62525e-4
120426,4.5453333333333334e-4
120427,4.3270833333333334e-4
120428,4.831e-4
120429,3.49625e-4
120430,4.6664166666666665e-4
120431,4.6330000000000004e-4
120432,4.899083333333333e-4
120433,5.053583333333333e-4
120434,5.209416666666667e-4
120501,5.25925e-4
120502,3.9135833333333334e-4
120503,5.557416666666666e-4
120504,2.959083333333333e-4
120601,2.918416666666667e-4
120602,3.1643333333333335e-4
120603,1.8984166666666667e-4
120604,2.93675e-4
120605,2.3101666666666665e-4
120606,2.4068333333333335e-4
120607,3.009e-4
120608,2.4695e-4
120609,3.1833333333333334e-4
120701,5.3825e-4
120702,5.06e-4
120703,5.0645e-4
120704,3.018333333333333e-4
120705,5.051e-4
120706,4.2757499999999997e-4
120707,4.20175e-4
120708,3.88425e-4
120709,4.62725e-4
120801,6.011833333333333e-4
120802,6.362028522825e-4
120803,4.89725e-4
120804,4.6654166666666665e-4
120805,5.410416666666667e-4
120806,5.135083333333334e-4
120807,5.288833333333333e-4
120808,6.105916666666667e-4
120809,4.6210833333333335e-4
120810,5.448333333333334e-4
120901,4.8083333333333333e-4
120902,4.3571666666666664e-4
120903,4.3815e-4
120904,5.203583333333333e-4
120905,3.795166666666667e-4
120906,4.6016666666666667e-4
120907,4.151e-4
120908,3.92825e-4
120909,4.5435e-4
130101,5.888333333333334e-4
130102,5.913333333333334e-4
130103,5.194916666666667e-4
130104,6.100666666666667e-4
130105,5.287916666666667e-4
130106,6.404416666666667e-4
130107,7.219166666666667e-4
130108,6.492e-4
130109,7.07075e-4
130110,6.473e-4
130111,6.68525e-4
130201,6.58425e-4
130202,6.971416666666666e-4
130203,6.286333333333333e-4
130204,7.073e-4
130205,7.649333333333334e-4
130206,6.879916666666666e-4
130207,6.914583333333333e-4
130208,6.180916666666666e-4
130301,2.35125e-4
130302,3.189e-4
130303,0.00025186666666666664
130304,2.5190833333333334e-4
130305,1.4555156486666665e-4
130306,2.7974166666666666e-4
130401,7.670166666666667e-4
130402,6.41e-4
130403,8.011666666666666e-4
130501,3.9574166666666666e-4
130502,4.0331666666666667e-4
130503,5.194833333333333e-4
130504,4.8216666666666666e-4
130601,5.388333333333333e-4
130602,4.11825e-4
130604,5.732333333333333e-4
130605,3.8848333333333333e-4
130606,5.465666666666667e-4
130608,3.6644166666666665e-4
130610,5.567916666666667e-4
130611,4.5930833333333333e-4
130613,5.411416666666667e-4
130614,4.0271666666666665e-4
130701,7.747666666666666e-4
130702,7.567333333333334e-4
130703,7.0055e-4
130704,7.146083333333333e-4
130705,7.492666666666667e-4
130801,2.0717509205e-4
130802,2.2563333333333333e-4
130803,2.4129166666666667e-4
130804,2.5478333333333334e-4
130805,2.1250833333333333e-4
130806,2.4258333333333334e-4
130807,2.2949166666666666e-4
130808,2.2930833333333333e-4
130809,2.293e-4
130810,2.33875e-4
130811,2.6560833333333334e-4
130812,2.6496666666666664e-4
130813,2.9724166666666665e-4
130901,3.551583333333333e-4
130902,3.0325e-4
130903,2.679e-4
130904,3.5798333333333335e-4
130905,3.083e-4
130906,4.006666666666667e-4
130907,3.1999166666666663e-4
130908,3.3365833333333334e-4
131001,5.472833333333333e-4
131002,4.3233333333333334e-4
131003,3.526e-4
131004,3.878833333333333e-4
131005,4.32e-4
131006,3.4721666666666666e-4
131007,5.061083333333333e-4
131008,2.9185e-4
131101,5.719e-4
131102,4.450333333333333e-4
131103,5.898333333333334e-4
131104,4.251083333333333e-4
131201,7.02225e-4
131202,6.779666666666666e-4
131203,7.267e-4
140101,7.036833333333334e-4
140102,6.140916666666666e-4
140103,7.349833333333334e-4
140104,7.736083333333333e-4
140105,7.066666666666666e-4
140106,6.8465e-4
140107,7.90225e-4
140108,6.576166666666667e-4
140109,6.113666666666667e-4
140110,6.121083333333334e-4
140111,7.566083333333334e-4
140112,6.976916666666667e-4
140113,8.0305e-4
140114,6.58575e-4
140115,7.44475e-4
140116,6.6175e-4
140117,6.192e-4
140118,7.328666666666666e-4
140119,6.630583333333333e-4
140120,7.027166666666667e-4
140201,7.593916666666666e-4
140202,2.8681666666666665e-4
140203,3.79375e-4
140204,7.05025e-4
140205,6.36075e-4
140206,8.615916666666666e-4
140301,7.368166666666667e-4
140302,4.58275e-4
140303,8.113666666666666e-4
140304,6.716916666666666e-4
140305,7.2715e-4
140306,6.3335e-4
140307,5.645083333333333e-4
140308,6.41825e-4
140309,7.594083333333333e-4
140310,4.486166666666667e-4
140311,6.907833333333333e-4
140312,7.521333333333334e-4
150101,6.096416666666667e-4
150102,9.157416666666666e-4
150103,7.5595e-4
150104,6.859416666666667e-4
150105,5.986583333333333e-4
150106,7.4335e-4
150107,7.531916666666667e-4
150108,7.39975e-4
150109,7.735666666666667e-4
150110,7.866416666666667e-4
150111,7.208333333333333e-4
150112,5.71675e-4
150113,6.128e-4
150114,7.835583333333333e-4
150115,6.04425e-4
150116,5.7964095485e-4
150117,6.332e-4
150118,8.101833333333333e-4
150119,7.216833333333334e-4
150120,6.08825e-4
150121,5.857833333333334e-4
150122,5.864333333333333e-4
150123,7.6225e-4
150124,6.651760463166666e-4
150125,7.821333333333333e-4
150126,6.814166666666667e-4
150127,7.541333333333333e-4
150128,5.86225e-4
150129,8.732416666666667e-4
150130,5.62175e-4
150131,5.839416666666667e-4
150132,7.297833333333333e-4
150133,7.453e-4
150134,6.060166666666667e-4
150135,6.2055e-4
150136,5.628166666666667e-4
150137,7.3265e-4
150138,6.933416666666666e-4
150139,7.425166666666667e-4
150140,6.814e-4
150141,5.399083333333333e-4
150142,7.313583333333334e-4
150143,7.891333333333333e-4
150201,6.98925e-4
150202,6.56275e-4
150203,6.735916666666667e-4
150204,7.24375e-4
150205,6.577e-4
150301,4.45675e-4
150302,4.6274166666666666e-4
150303,5.024666666666667e-4
150304,6.209333333333333e-4
150305,7.2855e-4
150401,5.96225e-4
150402,0.00065177500000000005
150403,6.857833333333333e-4
150404,5.264833333333334e-4
150405,5.77475e-4
150406,5.476666666666667e-4
150407,7.09625e-4
150501,7.435833333333333e-4
150502,7.225333333333333e-4
150503,8.877666666666667e-4
150504,6.825666666666667e-4
150505,0.001014425
150506,9.0525e-4
150507,6.881083333333334e-4
150508,7.50575e-4
150509,7.686583333333333e-4
150510,7.512083333333333e-4
150511,8.25e-4
150512,8.193666666666666e-4
150513,7.436083333333334e-4
150514,7.24575e-4
150515,7.372833333333333e-4
150516,9.050333333333333e-4
150601,7.854666666666666e-4
150602,5.719583333333334e-4
150603,6.0235e-4
150604,7.438083333333334e-4
150605,7.0515e-4
150606,8.103416666666667e-4
150607,6.142583333333334e-4
150608,4.805333333333333e-4
150609,6.119333333333333e-4
150610,5.166333333333333e-4
150611,6.186750000000001e-4
150612,5.856e-4
150701,7.92225e-4
150702,7.6106160635e-4
150703,7.353e-4
150704,5.947249999999999e-4
150705,5.068916666666666e-4
150706,8.33875e-4
150707,6.614416666666667e-4
150708,5.468166666666666e-4
150709,7.295166666666667e-4
150710,7.766833333333334e-4
150711,8.753916666666666e-4
150712,5.723583333333333e-4
150713,7.4155e-4
150714,8.129166666666666e-4
150715,5.902500000000001e-4
150716,7.529916666666667e-4
150717,6.287083333333333e-4
150718,5.962416666666667e-4
150719,6.557666666666667e-4
150720,6.041916666666667e-4
150721,6.756583333333334e-4
150722,6.007833333333333e-4
150723,6.392083333333333e-4
150724,6.768916666666666e-4
150725,6.644416666666666e-4
150726,7.601666666666667e-4
150727,8.189416666666666e-4
150728,9.261083333333333e-4
150729,6.895166666666667e-4
150730,7.188083333333333e-4
150731,8.560833333333334e-4
150732,6.468333333333334e-4
150801,7.337833333333334e-4
150802,7.435333333333334e-4
150803,6.891916666666667e-4
150804,6.371166666666667e-4
150805,6.995083333333333e-4
150806,7.872166666666666e-4
150807,5.845333333333333e-4
150808,6.6985e-4
150809,5.21675e-4
150810,8.221e-4
150811,7.975666666666666e-4
150812,7.091416666666667e-4
150901,4.7053333333333335e-4
150902,6.895583333333333e-4
150903,5.9985e-4
150904,7.050916666666667e-4
150905,6.8e-4
150906,5.884e-4
151001,7.073916666666667e-4
151002,5.5095e-4
151003,7.751666666666666e-4
151004,6.55325e-4
151005,7.143333333333333e-4
151006,7.141333333333333e-4
151007,6.25125e-4
151008,7.65475e-4
151009,7.729416666666666e-4
151010,8.214083333333333e-4
151011,6.389166666666666e-4
151012,6.436833333333333e-4
151013,7.84475e-4
151014,4.915916666666666e-4
151015,7.21875e-4
151016,5.297666666666666e-4
151017,8.8305e-4
151018,5.066916666666666e-4
151019,7.807833333333333e-4
151020,8.462416666666667e-4
151021,5.2475e-4
151022,9.035666666666667e-4
151023,8.024e-4
151024,6.789333333333333e-4
151025,7.971333333333334e-4
151026,9.049676014416667e-4
151027,8.853916666666667e-4
151028,5.982083333333333e-4
151029,8.643666666666666e-4
151030,5.303666666666666e-4
151031,6.592333333333333e-4
151032,0.0010769833333333333
151033,5.318499999999999e-4
160101,3.1439166666666666e-4
160102,2.53975e-4
160103,2.806666666666667e-4
160104,2.587833333333333e-4
160105,2.4904166666666667e-4
160106,2.567e-4
160107,2.3728333333333335e-4
160108,2.919e-4
160110,2.2765833333333334e-4
160112,2.99225e-4
160113,2.9482499999999997e-4
160201,3.169e-4
160202,3.0089166666666666e-4
160205,2.871e-4
160206,2.5773333333333333e-4
160210,2.796e-4
160211,2.8985e-4
160301,2.7470833333333335e-4
160302,2.6511666666666667e-4
160303,2.325e-4
160304,2.2329166666666667e-4
160305,2.4903333333333333e-4
160401,2.5353333333333333e-4
160402,2.5325e-4
160403,2.5603333333333334e-4
160404,2.4560833333333334e-4
160501,2.661333333333333e-4
160502,2.726916666666667e-4
160503,2.554916666666667e-4
160504,2.833166666666667e-4
160505,2.8015e-4
160506,2.8254166666666667e-4
160507,2.8746666666666664e-4
160508,2.682e-4
160509,2.5036666666666666e-4
160510,3.034e-4
160511,2.645666666666667e-4
160601,2.961e-4
160602,3.0854166666666665e-4
160603,3.2854166666666665e-4
160604,2.929166666666667e-4
160605,3.021333333333333e-4
160606,2.9474166666666664e-4
160701,2.454e-4
160702,2.7391666666666667e-4
160703,2.463666666666667e-4
160704,2.41525e-4
160705,2.54675e-4
160706,2.2366666666666666e-4
160801,2.4539166666666666e-4
160802,2.2688333333333334e-4
160803,2.2459166666666667e-4
160804,2.5401666666666667e-4
170101,3.653416666666667e-4
170102,3.51925e-4
170103,3.6378333333333333e-4
170104,3.68875e-4
170201,3.4080833333333333e-4
170202,3.353916666666667e-4
170203,3.5288333333333334e-4
170204,3.37375e-4
170301,3.50725e-4
170302,3.58e-4
170303,3.757333333333333e-4
180101,0.0022804916666666667
180102,0.00133935
180103,0.0014908833333333333
180104,0.001810175
180105,0.0015018499999999999
180106,0.0016280833333333334
180201,0.0019804166666666668
180202,0.0016250416666666666
180203,0.0018225
180204,0.00104745
180205,0.0034335416666666668
180206,0.0013553916666666666
180207,0.0018111916666666667
180208,0.002414308333333333
180209,0.001966325
180210,0.0016474333333333334
180211,0.0013299916666666667
180301,0.00137615
180302,0.0018668833333333333
180303,0.0017407583333333334
190101,3.5516666666666666e-4
190102,2.7347572218333334e-4
190103,3.3508333333333334e-4
190104,4.861166666666667e-4
190105,3.7329166666666663e-4
190106,3.664166666666667e-4
190107,3.2655e-4
190108,3.481416666666667e-4
190109,4.90075e-4
190110,3.028083333333333e-4
190111,3.731916666666667e-4
190112,4.4243333333333337e-4
190113,3.2444166666666666e-4
190201,4.2409166666666667e-4
190202,4.264e-4
190203,4.228833333333333e-4
190204,4.39875e-4
190205,4.56525e-4
190206,3.98375e-4
190207,4.920166666666667e-4
190208,4.493333333333333e-4
190301,2.1021666666666666e-4
190302,2.609e-4
190303,2.36075e-4
190304,2.535083333333333e-4
190305,2.1215e-4
190306,2.6286666666666664e-4
190307,2.4255833333333332e-4
190308,2.5365833333333335e-4
200101,7.982166666666667e-4
200104,7.278083333333333e-4
200105,6.889666666666667e-4
200107,7.245333333333333e-4
200108,8.189416666666666e-4
200109,7.368916666666667e-4
200110,7.857833333333333e-4
200111,6.684333333333333e-4
200114,7.063333333333333e-4
200115,7.366833333333333e-4
200201,3.4281666666666666e-4
200202,3.9245e-4
200203,3.6603333333333336e-4
200204,3.85325e-4
200205,2.41375e-4
200206,3.86175e-4
200207,4.276666666666667e-4
200208,3.1984166666666666e-4
200209,3.108333333333333e-4
200210,5.653166666666667e-4
200301,2.5225e-4
200302,3.2445833333333334e-4
200303,1.7265e-4
200304,3.6753333333333334e-4
200305,3.19975e-4
200306,3.361846267166667e-4
200307,2.2593333333333334e-4
200308,2.850666666666667e-4
200401,6.3005e-4
200402,5.518750000000001e-4
200403,2.8453333333333333e-4
200404,6.32925e-4
200405,5.035833333333333e-4
200406,5.272833333333333e-4
200407,4.2115833333333336e-4
200408,3.6495833333333335e-4
200409,3.6169166666666667e-4
200410,3.61725e-4
200501,9.792166666666667e-4
200502,7.202833333333333e-4
200503,8.143833333333333e-4
200504,8.336083333333334e-4
200505,7.709916666666667e-4
200506,8.047583333333333e-4
200507,7.69425e-4
200601,7.658666666666667e-4
200602,7.3395e-4
200603,7.751333333333333e-4
200604,7.084916666666666e-4
200605,6.677833333333333e-4
200606,7.512666666666666e-4
200607,7.692666666666666e-4
200608,7.509166666666667e-4
200701,7.34975e-4
200702,7.431e-4
200703,7.691833333333334e-4
200704,7.878083333333334e-4
200705,7.68e-4
200706,8.121083333333333e-4
200801,6.620083333333333e-4
200802,7.69725e-4
200803,8.005666666666667e-4
200804,7.462e-4
200805,7.277333333333333e-4
200806,6.487999999999999e-4
210101,9.8865e-4
210102,9.0175e-4
210103,0.0010878833333333334
210104,0.0010825916666666667
210105,9.869333333333333e-4
210106,0.001055325
210107,0.0010657416666666666
210108,0.0010308916666666667
210109,9.491083333333333e-4
210110,0.00118715
210111,9.531833333333333e-4
210112,9.579e-4
210113,8.223083333333334e-4
210114,0.001015375
210115,0.0010643
210201,6.233666666666666e-4
210202,8.094166666666666e-4
210203,7.215083333333333e-4
210204,6.805666666666667e-4
210205,8.495916666666667e-4
210206,7.071333333333334e-4
210207,6.624166666666666e-4
210208,4.996833333333334e-4
210209,5.07675e-4
210210,8.05325e-4
210211,6.87975e-4
210212,5.408166666666667e-4
210213,6.912583333333333e-4
210214,7.037666666666666e-4
210215,7.042916666666667e-4
210301,4.6099166666666665e-4
210302,4.3965e-4
210303,2.683333333333333e-4
210304,3.1230833333333334e-4
210305,4.3173333333333333e-4
210306,4.5385833333333334e-4
210307,2.825083333333333e-4
210308,2.872416666666667e-4
210309,2.222e-4
210310,3.83575e-4
210401,8.486833333333333e-4
210402,8.122916666666667e-4
210403,9.590166666666667e-4
210404,0.0010054583333333335
210405,0.0011960083333333333
210406,9.57125e-4
210407,8.764666666666666e-4
210501,8.822333333333333e-4
210502,8.8435e-4
210503,8.545833333333334e-4
210504,0.0010397166666666667
210505,0.0010401916666666667
210601,7.844916666666666e-4
210602,5.06825e-4
210603,5.926166666666667e-4
210604,5.074e-4
210605,9.335583333333334e-4
210606,7.016833333333333e-4
210607,7.883833333333333e-4
210608,6.727666666666666e-4
210701,8.487166666666667e-4
210702,9.773833333333334e-4
210703,9.191666666666667e-4
210704,8.42175e-4
210705,8.466666666666667e-4
210706,8.236e-4
210707,9.953083333333332e-4
210708,7.614416666666667e-4
210709,0.0011450916666666667
210710,7.811916666666666e-4
210801,7.32975e-4
210802,5.479916666666667e-4
210803,7.760916666666667e-4
210804,7.789083333333333e-4
210805,7.129416666666667e-4
210806,5.81825e-4
210807,7.811833333333333e-4
210808,6.28325e-4
210809,8.015499999999999e-4
210901,8.026416666666667e-4
210902,8.7765e-4
210903,6.168083333333333e-4
210904,8.666583333333333e-4
211001,5.008583333333333e-4
211002,3.9070833333333335e-4
211003,6.436916666666667e-4
211004,4.7115e-4
211005,2.182e-4
211101,9.624416666666667e-4
211102,0.0010430166666666667
211103,0.0011397833333333333
211104,0.001032025
211105,8.4645e-4
211201,2.80425e-4
211202,3.520416666666667e-4
211203,2.7258333333333334e-4
211204,2.8234166666666667e-4
211205,2.4297524850833333e-4
211206,2.6856666666666667e-4
211207,2.708083333333333e-4
211208,2.48525e-4
211209,2.883333333333333e-4
211210,3.4713333333333333e-4
211301,9.659166666666667e-4
211302,8.28475e-4
211303,8.102750000000001e-4
211304,8.425333333333334e-4
211305,8.718333333333333e-4
211306,9.194583333333333e-4
211307,9.26875e-4
220101,2.0874166666666667e-4
220102,2.53025e-4
220103,2.7738333333333334e-4
220104,2.6093333333333335e-4
220105,1.9783333333333334e-4
220106,2.30575e-4
220201,3.813166666666667e-4
220202,2.686333333333333e-4
220203,2.965833333333333e-4
220204,3.4308333333333337e-4
220205,3.512666666666667e-4
220206,4.26175e-4
220301,3.08725e-4
220302,3.2261666666666666e-4
220303,2.6050833333333333e-4
220304,3.499583333333333e-4
220305,3.043666666666667e-4
220401,2.7935e-4
220402,2.4375833333333333e-4
220403,3.29225e-4
220404,2.99125e-4
220405,3.4779166666666666e-4
220406,3.8485e-4
220501,2.888666666666667e-4
220502,2.797e-4
220503,3.152333333333333e-4
220504,3.1866666666666664e-4
220505,3.508916666666667e-4
220506,2.4605e-4
220507,3.0871666666666664e-4
220508,2.7455e-4
220509,2.770166666666667e-4
220510,3.07025e-4
220511,3.434833333333333e-4
220601,3.2400833333333335e-4
220602,2.6549166666666666e-4
220603,2.0926666666666667e-4
220604,2.6604166666666665e-4
220605,3.1825e-4
220701,3.1029166666666667e-4
220702,3.626e-4
220703,3.45675e-4
220704,3.2935e-4
220705,3.07675e-4
220706,3.5148333333333336e-4
220707,3.3086666666666667e-4
220708,2.670416666666667e-4
220709,2.944166666666667e-4
220710,2.711e-4
220801,2.3071666666666667e-4
220802,2.1353333333333334e-4
220803,2.1723333333333335e-4
220804,2.2489166666666665e-4
220805,1.419451763e-4
220806,2.486083333333333e-4
220807,2.9839166666666665e-4
220808,2.1681666666666666e-4
220809,2.8015833333333334e-4
220901,3.6735e-4
220902,3.818333333333333e-4
220903,3.541416666666667e-4
220904,3.1316666666666667e-4
220905,3.1058333333333334e-4
220906,3.006083333333333e-4
220907,2.8228333333333336e-4
220908,3.67925e-4
220909,3.372583333333333e-4
220910,3.91525e-4
220911,2.780083333333333e-4
220912,3.1403333333333334e-4
220913,3.3110833333333336e-4
220914,3.35275e-4
221001,2.6338333333333333e-4
221002,2.44825e-4
221003,2.597e-4
221004,1.8630833333333334e-4
221005,2.60625e-4
230101,0.0015976
230102,0.0016568833333333334
230103,0.001575525
230104,0.001572175
230105,0.0017311083333333332
230106,0.0013635833333333334
230107,9.203916666666666e-4
230108,0.00142655
230109,0.00222075
230110,0.00177205
230111,0.0021332666666666667
230201,9.740583333333334e-4
230202,0.001054175
230203,0.0010700083333333333
230204,0.0015037916666666667
230205,0.0014227999999999999
230206,0.0014295416666666666
230301,0.0019941583333333334
230302,0.0016782083333333332
230303,0.001798875
230401,8.328333333333333e-4
230402,0.0014196666666666667
230403,9.829916666666666e-4
230404,0.0011091833333333333
230405,0.0015348166666666668
230406,8.956083333333334e-4
230407,9.173416666666667e-4
230408,8.3795e-4
240101,6.961583333333333e-4
240102,6.707916666666666e-4
240103,6.821666666666666e-4
240104,4.90175e-4
240105,5.621666666666667e-4
240106,5.887166666666666e-4
240201,7.005833333333333e-4
240202,5.615083333333333e-4
240203,7.306583333333333e-4
240301,6.6905e-4
240302,6.539416666666666e-4
240303,4.288083333333333e-4
240304,5.883166666666667e-4
250101,3.1065e-4
250102,3.283333333333333e-4
250103,3.1145833333333335e-4
250104,3.22325e-4
250105,3.462e-4
250106,3.118833333333333e-4
250107,3.506916666666667e-4
250201,3.0660833333333336e-4
250202,3.325583333333333e-4
250203,3.0624166666666665e-4
250204,3.0616666666666666e-4
250301,2.6759166666666666e-4
250302,3.1039166666666667e-4
250303,3.079583333333333e-4
250304,3.2995e-4
250305,2.943583333333333e-4
250401,3.437166666666667e-4
