ubigeo,swindspeed
010101,3.6792874666666666
010102,3.940173575
010103,3.1667710083333334
010104,3.7793937916666667
010105,3.91823365
010106,3.2014700166666668
010107,3.983119266666667
010108,3.8016272416666665
010109,3.487035475
010110,3.308040175
010111,3.5630986916666667
010112,3.50574745
010113,3.465378
010114,3.9070178083333333
010115,3.5106551666666665
010116,3.9531895
010117,3.9151335333333335
010118,3.752706425
010119,3.5827449833333334
010120,3.692121691666667
010121,3.8023722666666666
010201,4.2879210500000005
010202,4.072776958333333
010203,4.300388533333333
010204,4.269592083333333
010205,3.273903616666667
010206,4.324201958333333
010301,3.9422439833333334
010302,3.846773558333333
010303,4.0135732583333334
010304,3.8531998416666666
010305,4.015532508333333
010306,4.042889125
010307,4.142211991666667
010308,3.933392875
010309,3.9932879666666667
010310,4.175869691666667
010311,3.924240316666667
010312,3.6333387249999998
010401,2.6529299833333333
010402,2.5353014833333334
010403,2.2282940166666667
010501,3.839000975
010502,3.7998700333333333
010503,3.1528610500000003
010504,3.4975325
010505,3.9013000416666666
010506,3.6115524999999997
010507,3.326950591666667
010508,3.6912949333333334
010509,3.789016758333333
010510,3.913392375
010511,3.27724115
010512,3.6654098916666666
010513,3.4294039
010514,3.1992138583333336
010515,3.5441991083333333
010516,3.956072991666667
010517,3.2823150500000002
010518,4.113031666666666
010519,3.3653146333333335
010520,4.045448758333333
010521,3.295192908333333
010522,3.4227106
010523,3.8021361750000002
010601,3.7785099916666667
010602,3.6480706833333336
010603,3.7436226833333333
010604,3.911769825
010605,3.7503456583333334
010606,3.920295025
010607,3.8689514333333332
010608,3.704253441666667
010609,3.4976304166666665
010610,3.838067425
010611,3.8189944916666665
010612,3.456861433333333
010701,4.185380741666667
010702,4.3464967
010703,4.21675605
010704,4.251529891666666
010705,4.173492566666667
010706,4.03364925
010707,4.138085191666667
020101,2.96999585
020102,3.006626541666667
020103,3.0732023083333333
020104,3.2359802166666665
020105,3.0538007916666667
020106,2.9028218
020107,2.9420540666666666
020108,2.800204716666667
020109,3.37064345
020110,2.937661325
020111,2.8558296166666666
020112,3.1184235333333334
020201,3.0930209166666667
020202,3.317480425
020203,3.040489425
020204,2.9589764499999998
020205,3.1731967333333335
020301,3.5232236416666667
020302,3.6367351833333332
020303,3.446233708333333
020304,3.558496633333333
020305,3.3996137666666666
020306,3.5329692583333334
020401,3.288480341666667
020402,3.471719175
020501,2.4213021
020502,2.3280371916666667
020503,3.4467721166666667
020504,2.6522586416666667
020505,2.9164950666666667
020506,2.43932775
020507,3.560250716666667
020508,3.4277199416666666
020509,2.69752455
020510,3.1611399583333335
020511,2.325648525
020512,2.3325461
020513,2.523470458333333
020514,2.487419025
020515,2.454364575
020601,2.8158980083333334
020602,2.7590226583333335
020603,2.6725637
020604,2.7293385
020605,2.5958150166666667
020606,3.10888765
020607,3.0317831666666666
020608,3.128330291666667
020609,3.1452105083333333
020610,2.6725637
020611,2.8100774916666666
020701,3.3778029333333333
020702,3.396531733333333
020703,3.4423278416666667
020801,3.7894123166666667
020802,3.5925562666666666
020803,3.6697037
020804,3.58060325
020901,2.2576245166666666
020902,2.3082311916666667
020903,2.5754863583333334
020904,2.5550968333333333
020905,2.21631095
020906,2.1851871
020907,2.2613866
021001,3.2321332
021002,3.8475704
021003,3.3922973416666666
021004,2.864790025
021005,3.861045266666667
021006,3.7375201166666665
021007,3.5643681083333334
021008,3.1784788833333333
021009,3.4704375
021010,3.759485475
021011,3.7927689666666664
021012,3.5913077666666666
021013,3.7409871083333335
021014,3.273363916666667
021015,3.9081626333333332
021016,3.7238795000000002
021101,4.056622841666667
021102,3.4412028666666665
021103,4.252857433333333
021104,3.3852214833333334
021105,3.351531083333333
021201,2.4782611333333335
021202,2.2168400416666665
021203,2.360002925
021204,2.2575754083333335
021205,2.3119394416666665
021206,2.7400955333333332
021207,2.43630725
021208,2.571849925
021209,2.298568075
021210,2.5779062416666667
021301,3.667221891666667
021302,3.749606441666667
021303,3.4743260166666667
021304,3.621361575
021305,3.5290098833333334
021306,3.641504583333333
021307,3.6479770416666666
021308,3.6179343833333335
021401,3.1256368583333334
021402,3.0735090666666665
021403,2.5491532333333335
021404,2.669534425
021405,3.7287158666666667
021406,3.2896748166666665
021407,2.5095224
021408,2.6276170833333334
021409,3.7217263750000003
021410,3.1398416916666667
021501,2.3888885166666665
021502,2.521899658333333
021503,3.1442780833333335
021504,2.47996935
021505,2.409193625
021506,2.6100045333333335
021507,2.6006297
021508,2.562453025
021509,3.1241623166666668
021510,2.8355747333333334
021511,2.594972175
021601,3.8168516333333335
021602,3.755068741666667
021603,4.0750812
021604,3.812170175
021701,2.8593717499999998
021702,2.7220008583333333
021703,3.350415716666667
021704,3.4645826916666667
021705,3.514872575
021706,3.3570266916666665
021707,2.9616199500000002
021708,3.50515785
021709,3.440722425
021710,2.7797647166666666
021801,3.27879955
021802,2.8590957416666667
021803,0
021804,2.7658377416666666
021805,3.216785575
021806,3.30434115
021807,3.654683858333333
021808,4.349302508333333
021809,3.645476716666667
021901,3.534548958333333
021902,3.9545205
021903,4.317413158333333
021904,3.3067041583333334
021905,3.510411475
021906,4.1550022
021907,4.204244741666667
021908,3.173870525
021909,3.42893155
021910,4.001969075
022001,2.6865944666666666
022002,2.73603905
022003,2.7085591416666666
022004,2.4249690916666666
022005,3.0206000083333335
022006,2.567954025
022007,2.690846016666667
022008,3.484895783333333
030101,2.501676275
030102,2.8807823333333333
030103,2.7753168416666667
030104,2.526681125
030105,2.49315545
030106,2.6049087083333333
030107,2.692813075
030108,2.473774891666667
030109,2.467958783333333
030201,2.75020525
030202,2.492639666666667
030203,3.071447733333333
030204,2.561187633333333
030205,2.845217775
030206,3.183842708333333
030207,2.6152417833333335
030208,2.5204729416666667
030209,2.5236708
030210,3.1589675083333333
030211,3.112369033333333
030212,2.9638473666666667
030213,2.6486856833333334
030214,3.2133705333333333
030215,2.6858101083333334
030216,2.5972875
030217,3.0692107916666664
030218,2.8257600166666665
030219,2.484287666666667
030220,2.786114808333333
030301,3.0127714333333335
030302,2.9214848916666667
030303,2.953425225
030304,2.953888083333333
030305,3.0895713166666665
030306,2.9061719916666666
030307,2.967002933333333
030401,3.048804158333333
030402,3.024134516666667
030403,3.1353035166666667
030404,2.9682765583333333
030405,3.020349775
030406,3.1201017
030407,3.01439185
030408,3.002996583333333
030409,2.9370309666666667
030410,2.9622397916666667
030411,2.899391425
030412,3.1311277
030413,2.998202275
030414,2.9897174333333334
030415,2.9174692916666665
030416,3.0448707833333333
030417,3.0090019249999997
030501,2.633718775
030502,2.5882530416666665
030503,2.6660938333333335
030504,2.90733115
030505,2.675070408333333
030506,2.816439433333333
030601,2.7738268083333333
030602,2.6690085083333335
030603,2.82975625
030604,2.7945450083333334
030605,2.5538938166666667
030606,2.6610211666666665
030607,2.7939830083333335
030608,2.61129675
030609,2.6261232249999997
030610,2.59691645
030611,2.8193595
030701,2.8015123083333333
030702,2.7257226083333332
030703,2.625748575
030704,2.7293573583333335
030705,2.936473375
030706,2.84646175
030707,2.8596309166666667
030708,2.8163974166666668
030709,2.8391438
030710,2.8182986249999997
030711,2.8919137
030712,2.7732675
030713,2.934143925
030714,2.830557275
040101,3.3874412583333333
040102,3.39207025
040103,3.3853257083333332
040104,3.3368028916666668
040105,3.5727114916666665
040106,3.528829066666667
040107,3.3942657666666665
040108,3.13353855
040109,3.4209300666666667
040110,3.402188375
040111,3.4335286166666665
040112,3.46936025
040113,3.589340975
040114,3.3516997833333333
040115,3.4144618833333333
040116,3.478653675
040117,3.3941258666666667
040118,2.9031773333333333
040119,3.2499311333333334
040120,3.046730025
040121,2.9837852083333334
040122,3.3934376916666666
040123,3.3610514583333333
040124,3.2874915
040125,3.1263562166666667
040126,3.388811525
040127,3.2015053333333334
040128,3.3650893083333333
040129,3.3942657666666665
040201,0
040202,3.4952917833333332
040203,3.0690905416666667
040204,3.3165260666666665
040205,3.179748666666667
040206,3.1938190916666667
040207,3.416191216666667
040208,3.5221449750000002
040301,3.088463733333333
040302,3.4725788
040303,3.2823515083333334
040304,3.5578855
040305,4.32141345
040306,3.4656912166666665
040307,3.601353625
040308,3.2569324833333333
040309,3.130012841666667
040310,3.1394686083333334
040311,5.228339608333333
040312,3.57897685
040313,3.8186750833333334
040401,2.870917525
040402,3.024397583333333
040403,2.9447395083333334
040404,2.7993313083333335
040405,2.7926412833333334
040406,2.7566020416666666
040407,2.9559036583333334
040408,3.1220309166666667
040409,2.7634600333333332
040410,3.0599464
040411,2.9953493583333333
040412,2.968199183333333
040413,2.7502717166666666
040414,3.13460265
040501,2.9969247416666667
040502,3.0434284333333332
040503,2.868551958333333
040504,3.3622502499999998
040505,2.9379949416666666
040506,2.9286279833333335
040507,2.9650216
040508,3.377470175
040509,2.887127808333333
040510,2.8584918999999998
040511,3.1906791583333334
040512,2.92014325
040513,2.842435775
040514,3.2985258666666666
040515,3.030477825
040516,2.7551758416666665
040517,3.224317775
040518,2.998737275
040519,3.1553238833333332
040520,2.9288139416666668
040601,2.9079701
040602,2.9955512583333332
040603,2.8586376166666665
040604,3.185039475
040605,2.9474072166666665
040606,3.0711697833333336
040607,3.0031950916666665
040608,3.0916031166666667
040701,3.2148255083333335
040702,3.03750475
040703,3.5433325333333334
040704,3.5052210083333333
040705,3.488992575
040706,3.242797358333333
040801,2.815135775
040802,2.7109882666666665
040803,2.912051925
040804,2.7734199916666666
040805,2.836484925
040806,2.834497275
040807,2.9612294
040808,3.1645665583333336
040809,3.2076445666666666
040810,2.743157075
040811,3.075875625
050101,3.6571900250000002
050102,3.1439006333333332
050103,3.3390657833333335
050104,3.601169925
050105,3.350780425
050106,2.932748
050107,3.71226625
050108,3.524148933333333
050109,3.794384508333333
050110,3.6011916083333335
050111,3.896265966666667
050112,3.5981230916666664
050113,3.4323125416666667
050114,3.6597736833333334
050115,3.6293774166666664
050116,3.5661529333333335
050201,3.1387161249999997
050202,3.570908108333333
050203,3.420306883333333
050204,3.4375660916666666
050205,3.440044175
050206,3.414323025
050301,3.2874859916666663
050302,3.3538249583333335
050303,3.3612915166666664
050304,3.1726157916666664
050401,3.5520607166666665
050402,2.993477058333333
050403,3.5688290666666664
050404,3.62820365
050405,3.521424975
050406,3.1656246083333333
050407,2.986710283333333
050408,2.854426675
050409,2.729929766666667
050410,3.20421025
050411,2.825468725
050412,3.281232741666667
050501,3.236059141666667
050502,2.9898240916666667
050503,3.051400891666667
050504,3.050848333333333
050505,2.7836310166666665
050506,3.0148044916666668
050507,3.0235630916666665
050508,3.3010753083333335
050509,3.026527016666667
050510,3.056651375
050511,2.601978716666667
050601,3.4857502499999997
050602,3.298589275
050603,3.4243864333333334
050604,3.5139770416666667
050605,3.571113141666667
050606,3.4586051833333333
050607,3.815742758333333
050608,3.4644701083333334
050609,3.637440408333333
050610,3.6548510333333333
050611,3.8700139583333333
050612,3.6431435
050613,3.755181116666667
050614,3.56321625
050615,3.67263295
050616,3.6473825333333334
050617,3.4229842083333333
050618,3.529495625
050619,3.273775158333333
050620,3.182741675
050621,3.3989794916666667
050701,3.4281542333333332
050702,3.6229946083333333
050703,2.8842965666666665
050704,3.228472008333333
050705,3.297781975
050706,3.5555917333333333
050707,3.2587479249999998
050708,3.268778175
050801,3.2777825666666667
050802,3.140668633333333
050803,3.0597192583333332
050804,3.3129270833333333
050805,3.2646992666666668
050806,3.044426083333333
050807,3.3097371166666667
050808,3.2131266833333334
050809,3.0388832833333335
050810,3.3346400916666665
050901,3.3239125166666668
050902,3.1010507333333335
050903,3.1767666833333332
050904,3.2314615583333333
050905,3.200077175
050906,3.2471136166666668
050907,3.277132825
050908,3.185322275
050909,3.350760833333333
050910,3.2527042833333333
050911,3.2490407333333335
051001,3.133886191666667
051002,3.250619925
051003,3.2306984666666665
051004,3.2350979
051005,3.250096741666667
051006,3.058103525
051007,3.0504904083333333
051008,3.2891309333333334
051009,3.183386475
051010,3.1396837833333335
051011,3.3661605916666666
051012,3.1691766916666664
051101,2.9262680833333334
051102,3.0678998833333333
051103,3.0032894666666667
051104,2.8808769666666665
051105,2.9889517666666667
051106,3.1558009666666664
051107,2.93116025
051108,3.036794075
060101,3.0413248250000002
060102,2.4324382166666667
060103,2.910365383333333
060104,2.33907945
060105,3.1947301083333333
060106,2.716158066666667
060107,2.824211583333333
060108,3.003688433333333
060109,2.6810225666666665
060110,3.0159990166666666
060111,2.994941058333333
060112,2.6020817583333335
060201,3.3270899833333334
060202,2.880219325
060203,3.397709566666667
060204,3.3079067583333335
060301,3.1074851166666666
060302,3.1156381
060303,3.2553695499999997
060304,3.18389165
060305,3.1713642583333335
060306,3.1708928583333336
060307,3.1574968
060308,3.2139602166666665
060309,3.164590083333333
060310,3.190616825
060311,3.1387118916666665
060312,3.1604836499999998
060401,3.900193858333333
060402,3.91249095
060403,3.5011157583333334
060404,4.220523216666667
060405,3.737718525
060406,3.514652875
060407,3.6953768499999997
060408,3.866402191666667
060409,3.109983558333333
060410,4.137972216666666
060411,2.348464975
060412,2.438114025
060413,3.366317808333333
060414,3.89537265
060415,2.7625881666666667
060416,2.3020201583333333
060417,3.8092144333333335
060418,2.43990185
060419,3.582118658333333
060501,2.5578812833333333
060502,2.4990100166666664
060503,2.574787666666667
060504,2.3098461083333333
060505,2.5063466083333332
060506,2.3390533000000002
060507,2.297494133333333
060508,2.9499835583333334
060601,3.8832758166666665
060602,3.6449384
060603,4.222436241666666
060604,4.065022916666667
060605,3.9567429499999998
060606,4.261422375
060607,3.0298456083333334
060608,4.1924452
060609,4.0758095
060610,3.9806536416666667
060611,3.9583471666666665
060612,3.8496313083333336
060613,4.222896058333333
060614,4.180002483333333
060615,4.282796833333333
060701,3.41892465
060702,3.901168766666667
060703,3.5743602083333332
060801,4.055571166666667
060802,4.2561061
060803,3.681066625
060804,3.7114415083333334
060805,4.002096866666666
060806,4.089541008333334
060807,3.386546825
060808,3.2387223499999998
060809,3.6684666416666665
060810,3.446483333333333
060811,3.8395256916666667
060812,4.177972991666667
060901,3.5784368583333332
060902,3.817370191666667
060903,3.5997034
060904,3.8522003083333334
060905,3.6860277
060906,3.3314388083333335
060907,3.7695426249999997
061001,3.204563525
061002,3.3726968916666666
061003,3.3873152416666668
061004,3.2208746500000003
061005,3.3792266916666667
061006,3.333039475
061007,3.249138208333333
061101,2.4901741083333335
061102,2.6534832666666666
061103,2.5094947166666666
061104,3.710860408333333
061105,2.3890340416666667
061106,2.3052291916666667
061107,3.4153415916666665
061108,3.1360645916666665
061109,2.462916783333333
061110,2.8219033
061111,3.5932106666666668
061112,3.15465225
061113,2.421043366666667
061201,2.9442545333333334
061202,2.749244425
061203,2.503701066666667
061204,3.416738741666667
061301,2.8703690916666664
061302,3.3737772666666666
061303,2.233686808333333
061304,3.4114569416666667
061305,3.4061951583333334
061306,3.9145158
061307,2.7730259833333335
061308,3.0384143083333335
061309,2.5344664833333335
061310,3.8055246250000003
061311,3.3452142166666667
070101,4.237765433333333
070102,4.237765433333333
070103,4.237765433333333
070104,0
070105,0
070106,4.196289216666667
070107,4.208964691666667
080101,2.929062516666667
080102,2.7779137
080103,2.8508564666666665
080104,3.0584048
080105,2.98780885
080106,2.93653865
080107,3.088904625
080108,2.9823957333333335
080201,2.731184691666667
080202,2.783657875
080203,2.7125972833333334
080204,2.799006191666667
080205,2.7360015916666667
080206,2.7844961416666667
080207,2.7484202
080301,2.729870366666667
080302,2.6130537333333335
080303,2.853077558333333
080304,2.6217159833333334
080305,2.6255323416666667
080306,2.5807324166666668
080307,2.525554958333333
080308,2.8103895666666667
080309,2.6533923416666667
080401,2.8132391666666665
080402,2.9827257333333335
080403,2.934797375
080404,2.6750368916666667
080405,3.029485241666667
080406,3.085073025
080407,3.068232275
080408,2.4803457333333334
080501,2.852982175
080502,3.001646825
080503,3.086440275
080504,2.9916896416666665
080505,3.0736316666666665
080506,2.8029228583333334
080507,2.8903071666666666
080508,2.777148425
080601,2.9192477416666667
080602,2.98399635
080603,2.8947535416666668
080604,2.9729001083333335
080605,2.9705569
080606,2.9289935916666665
080607,2.8698108583333335
080608,2.8404064583333333
080701,3.0156767583333335
080702,2.6832602166666666
080703,2.9480479583333334
080704,2.8376370583333332
080705,2.883214741666667
080706,3.102601625
080707,3.016695866666667
080708,3.0916022666666665
080801,3.2970281249999998
080802,3.4259540416666665
080803,3.0733593083333335
080804,3.4121751750000002
080805,3.3216599
080806,3.089217091666667
080807,3.1746440833333334
080808,3.158819258333333
080901,2.7926035083333334
080902,2.5317487666666665
080903,2.8038933083333335
080904,2.8534957333333333
080905,2.6269068
080906,2.2851875333333336
080907,2.915294766666667
080908,2.677086591666667
080909,2.9626604
080910,2.843784266666667
080911,2.6882208333333333
080912,3.052138841666667
080913,3.0123751166666666
080914,2.294435275
081001,2.8473330666666667
081002,2.6993743416666667
081003,2.6640676416666667
081004,2.72611375
081005,2.705579125
081006,2.754010383333333
081007,2.7532972833333336
081008,2.702175
081009,2.884117466666667
081101,2.954141641666667
081102,3.0595129
081103,2.7807826916666665
081104,3.0285470583333334
081105,3.1029619
081106,2.7090841666666665
081201,2.9068423416666667
081202,2.921782475
081203,2.9191672916666667
081204,3.276969408333333
081205,3.0788303666666668
081206,2.836276675
081207,2.816843475
081208,2.9450068333333332
081209,3.187130691666667
081210,3.1009637833333334
081211,3.0567845416666666
081212,2.8225637
081301,2.6549537
081302,2.845979333333333
081303,2.768183025
081304,2.7025371916666665
081305,2.6681606166666665
081306,2.6124184416666667
081307,2.73854035
090101,4.143708416666667
090102,3.1870046833333334
090103,3.8416575166666664
090104,4.074114108333333
090105,4.068456141666667
090106,4.23931645
090107,3.794708925
090108,4.076916183333333
090109,4.0160992
090110,3.720494358333333
090111,4.112570341666666
090112,3.827900175
090113,3.72163135
090114,4.117061466666667
090115,4.005024916666667
090116,3.539788175
090117,4.02947815
090118,3.5473333916666667
090119,4.078868866666666
090201,3.660934983333333
090202,3.54643835
090203,3.7767157916666667
090204,3.71155625
090205,3.695901966666667
090206,3.7481447
090207,3.7177388916666665
090208,3.6012417333333335
090301,3.9080103916666666
090302,3.9283646083333332
090303,3.8181336083333335
090304,4.13388815
090305,3.8314924
090306,3.8983923083333334
090307,3.9437284333333333
090308,3.9376291833333332
090309,3.9088084
090310,3.91880705
090311,3.801311525
090312,3.8698338666666667
090401,3.0475306
090402,3.115180383333333
090403,3.0008909166666666
090404,3.4480311
090405,3.089052033333333
090406,2.9271416583333334
090407,3.0850740583333334
090408,3.4300309833333333
090409,3.042081275
090410,3.4878297166666665
090411,3.6360762583333335
090412,3.4298373416666665
090413,3.20558135
090501,3.3353229
090502,3.4008050333333335
090503,3.1768925
090504,3.4259662583333332
090505,3.4621073583333333
090506,3.3912269166666666
090507,3.2477260833333332
090508,3.456775416666667
090509,3.184923216666667
090510,3.0948362
090511,3.4598057583333333
090601,3.4448954333333335
090602,3.419494175
090603,3.781109325
090604,3.3171844833333335
090605,3.8152200583333333
090606,3.9241877
090607,3.6188978499999997
090608,3.511697975
090609,3.3459902833333333
090610,3.275786925
090611,3.427775141666667
090612,3.6989492250000002
090613,3.613762075
090614,3.6897314
090615,3.4748143
090616,3.4844322666666665
090701,3.8043339583333333
090702,4.052622733333333
090703,4.031313
090704,3.9597056
090705,3.3933072583333335
090706,3.718567075
090707,2.8164984
090709,3.8332118583333332
090710,3.9374253666666665
090711,3.9851480666666665
090713,3.4106732833333333
090714,3.5007057666666666
090715,3.3469211166666666
090716,3.8439029166666665
090717,3.113488483333333
090718,2.8192204166666666
090719,3.527220541666667
090720,3.17660705
090721,2.780108766666667
090722,3.8838345
090723,3.7924319
100101,3.7914535000000003
100102,3.8126343416666666
100103,3.074910366666667
100104,3.3863895333333334
100105,3.6391216416666667
100106,3.66868065
100107,3.875090466666667
100108,3.7518798916666665
100109,3.5706981083333336
100110,3.742650258333333
100111,3.9923968833333334
100112,3.7069348
100113,2.9532513333333332
100201,3.854059425
100202,3.7945574916666667
100203,3.5605971666666667
100204,3.932403916666667
100205,4.034573241666666
100206,4.023253558333334
100207,3.904924975
100208,3.8940612666666667
100301,3.7915920916666668
100307,3.692211133333333
100311,3.3624777333333333
100313,3.9586459916666668
100316,3.8488691833333335
100317,3.92844325
100321,3.9499670916666667
100322,3.8161851666666666
100323,3.8611356166666666
100401,3.4532103333333333
100402,3.4111204666666666
100403,3.2065614916666667
100404,3.4500543083333333
100501,3.9403877166666668
100502,3.4554515083333333
100503,3.940687516666667
100504,3.796698458333333
100505,3.3503304083333334
100506,4.152117283333333
100507,3.0673295916666667
100508,4.212680883333333
100509,4.113053108333333
100510,4.052306766666667
100511,3.6464661916666667
100601,2.5627923416666665
100602,2.463146125
100603,2.3628620083333334
100604,2.5270995166666665
100605,2.464958166666667
100606,2.6945966583333334
100607,2.405759108333333
100608,2.5225232083333333
100609,2.4018359166666667
100610,2.3481078083333333
100701,3.5508539
100702,3.0698682333333336
100703,3.441918691666667
100704,2.647690175
100705,2.797743966666667
100801,3.4229004583333333
100802,2.85163725
100803,3.5976498083333333
100804,3.339112725
100901,2.3060824416666668
100902,2.535170233333333
100903,2.019226325
100904,2.1761269333333333
100905,2.4134158083333332
101001,3.1823920416666667
101002,3.428966216666667
101003,3.6109874
101004,3.15147265
101005,3.6804308083333335
101006,3.675119716666667
101007,3.1844512
101101,3.62307565
101102,3.6920729
101103,3.6937359916666668
101104,3.6231792916666667
101105,3.6434464166666665
101106,3.7157037
101107,3.7689417666666665
101108,3.6789057166666668
110101,5.240480158333334
110102,4.28824745
110103,4.269694066666666
110104,5.425757866666666
110105,4.3836868
110106,4.3983074
110107,4.4681008250000005
110108,4.582704041666666
110109,3.9727116166666665
110110,4.374077158333333
110111,4.697903475
110112,4.89307995
110113,4.6126578333333335
110114,3.867888916666667
110201,3.5935971416666668
110202,3.60064405
110203,3.216092616666667
110204,4.20667215
110205,3.8355422166666666
110206,3.7891069666666666
110207,3.576969233333333
110208,3.3231621583333335
110209,3.334508975
110210,4.1086875166666665
110211,4.1086875166666665
110301,4.100606883333334
110302,4.766330108333333
110303,3.8196846166666667
110304,4.8168606333333335
110305,3.62926705
110401,3.7703224583333332
110402,3.885612233333333
110403,3.7251772666666665
110404,3.8870902833333334
110405,3.7355559666666664
110501,4.746829275
110502,3.67796725
110503,4.119424033333333
110504,4.2395570750000005
110505,5.67838035
110506,4.9126526833333335
110507,4.548202533333333
110508,4.747943325
120101,3.9326871833333334
120104,3.7199556916666667
120105,3.624373408333333
120106,3.6630902333333335
120107,3.8882405833333333
120108,3.43796165
120111,3.733589116666667
120112,3.7704449166666665
120113,3.8204885583333335
120114,3.904306883333333
120116,3.793378241666667
120117,3.876939525
120119,3.8208827333333333
120120,3.634377675
120121,3.770260725
120122,3.8688340666666665
120124,3.6348026166666667
120125,3.847122825
120126,3.927793975
120127,3.8579727166666666
120128,3.890617916666667
120129,3.869698683333333
120130,3.8767269833333335
120132,3.876939525
120133,3.887744575
120134,3.8507354416666666
120135,3.134880325
120136,3.7677788166666666
120201,3.8742344666666666
120202,3.8905476833333332
120203,3.566538658333333
120204,3.8741971333333334
120205,3.9072677916666665
120206,3.8886078416666665
120207,3.8573008166666667
120208,3.854668108333333
120209,3.9318834333333332
120210,3.8540922416666668
120211,3.8752525
120212,3.855269925
120213,3.8749799333333335
120214,3.848840175
120215,3.8539706750000002
120301,3.3939214333333334
120302,3.1542052333333332
120303,3.104610075
120304,3.1349744166666667
120305,3.5320077
120306,3.5690833583333332
120401,3.8596106
120402,3.864911925
120403,3.8617121166666664
120404,3.86247925
120405,3.2914453333333333
120406,3.72927995
120407,3.8573790083333335
120408,3.856808158333333
120409,3.868535725
120410,3.851034408333333
120411,3.8227486
120412,3.851034408333333
120413,3.868570875
120414,3.8545555833333336
120415,3.87536755
120416,3.851034408333333
120417,3.844503366666667
120418,3.8617512416666666
120419,3.775503325
120420,3.868570875
120421,3.868570875
120422,3.873708908333333
120423,3.91232165
120424,3.8631453083333334
120425,3.90681355
120426,3.7021663583333333
120427,3.8745369833333334
120428,3.8537100416666665
120429,3.8551892333333333
120430,3.8514374583333333
120431,3.9319070666666667
120432,3.8415157333333334
120433,3.857393
120434,3.8873805833333335
120501,3.523359325
120502,3.691591375
120503,3.7363064333333336
120504,3.52190155
120601,2.8983856416666667
120602,2.9935077833333334
120603,3.0799556916666666
120604,2.564065783333333
120605,3.4497333416666667
120606,2.603364125
120607,2.9442925666666664
120608,2.572776225
120609,2.5999983166666665
120701,3.6036176666666666
120702,3.7375026333333334
120703,3.8560832166666668
120704,3.6095117083333332
120705,3.509345741666667
120706,3.722869691666667
120707,3.5483734499999997
120708,3.562423266666667
120709,3.8344000083333336
120801,3.3546815916666666
120802,3.3101798166666665
120803,3.014808575
120804,3.3566474083333335
120805,3.303703625
120806,3.397566041666667
120807,3.0794730166666664
120808,3.2783971833333334
120809,2.8355489333333335
120810,2.957860391666667
120901,3.8445188916666666
120902,3.811689175
120903,3.719577725
120904,3.8308465666666667
120905,3.847122825
120906,3.7639044916666666
120907,3.763672475
120908,3.7808581333333335
120909,3.6317553583333333
130101,4.120624766666666
130102,3.98569475
130103,4.149437608333333
130104,4.088050258333333
130105,4.149437608333333
130106,3.709190775
130107,4.007967191666666
130108,3.5062240916666667
130109,3.8371056833333332
130110,3.3368775
130111,4.16098275
130201,3.1214758833333334
130202,3.3914249
130203,4.086942275
130204,4.6344892416666665
130205,4.28878855
130206,4.378812683333333
130207,4.535610858333333
130208,3.347928658333333
130301,3.2789769
130302,3.3116405
130303,3.4022824833333334
130304,3.2014461
130305,3.2449601
130306,3.2177998333333333
130401,3.84652735
130402,4.225983966666667
130403,4.610085983333334
130501,2.53742865
130502,2.4528209833333334
130503,2.90137015
130504,2.601935175
130601,2.472709775
130602,2.4579075166666664
130604,2.208531025
130605,2.1802701
130606,2.9887139166666667
130608,2.7253910666666665
130610,2.894250433333333
130611,3.0300488666666667
130613,2.7555808
130614,2.38706755
130701,4.062006141666667
130702,4.335881283333333
130703,4.493420175
130704,4.490931933333333
130705,3.95223715
130801,3.6247916583333333
130802,3.7919116083333333
130803,3.962001525
130804,3.7901646416666668
130805,3.5929885083333333
130806,3.76240815
130807,3.1857628916666667
130808,3.807662666666667
130809,3.498460525
130810,3.6946572166666667
130811,4.082451375
130812,4.084006491666667
130813,3.9611587
130901,3.2976750583333336
130902,3.328504025
130903,3.4248398
130904,3.2597135166666664
130905,3.2760056416666665
130906,3.106830025
130907,3.326812641666667
130908,3.2979454333333336
131001,2.611453125
131002,2.8587594166666666
131003,3.2322911666666667
131004,2.8816420666666667
131005,2.8563130416666667
131006,2.768498983333333
131007,2.7490343416666665
131008,3.3272079916666666
131101,2.4950258416666666
131102,2.1862412916666667
131103,2.487347775
131104,2.2706891833333334
131201,3.590229825
131202,3.082903
131203,4.0240537666666665
140101,4.896185616666667
140102,2.8020187333333335
140103,5.2952653666666665
140104,5.46249195
140105,4.8845311916666665
140106,5.142468241666666
140107,4.884962566666667
140108,5.162455925
140109,3.6519875583333334
140110,2.6135708416666668
140111,4.390985091666667
140112,5.090162275
140113,4.898084416666666
140114,5.235429608333334
140115,4.403308175
140116,3.9114305333333332
140117,3.4735679083333335
140118,4.455348041666666
140119,3.531785725
140120,4.160635916666667
140201,4.148629325
140202,3.036110575
140203,2.6126387083333333
140204,3.6694224166666665
140205,3.1252816583333334
140206,4.599026933333334
140301,5.12084445
140302,2.7604341833333335
140303,4.2179213833333336
140304,3.9598488666666665
140305,4.647298875
140306,5.5524566
140307,3.1916217666666666
140308,4.9094062166666665
140309,4.466328275
140310,2.7187872583333332
140311,5.44435485
140312,4.537758583333333
150101,4.237765433333333
150102,3.7575567916666666
150103,3.700623725
150104,0
150105,4.237765433333333
150106,3.67498355
150107,3.2808227916666666
150108,4.068127108333333
150109,3.428048725
150110,4.07265415
150111,3.997694625
150112,4.09444815
150113,4.237765433333333
150114,3.881874575
150115,4.2328640166666665
150116,4.237765433333333
150117,4.0920366
150118,3.3950330916666664
150119,3.631871175
150120,4.237765433333333
150121,4.237765433333333
150122,0
150123,3.55599965
150124,3.78685655
150125,3.9975776666666665
150126,3.443549375
150127,3.4332958583333335
150128,4.22971165
150129,3.5450640666666664
150130,4.022911075
150131,4.237765433333333
150132,3.839377116666667
150133,4.007647966666666
150134,4.026609891666666
150135,4.170762633333333
150136,4.237765433333333
150137,3.898616108333333
150138,3.7472152
150139,4.135051416666666
150140,3.9817015833333333
150141,4.007647966666666
150142,4.1095311500000005
150143,3.966387608333333
150201,4.101061083333334
150202,3.85344305
150203,3.9649908916666665
150204,4.0150511416666665
150205,4.254428716666667
150301,2.480462525
150302,2.40836205
150303,2.3873530666666665
150304,2.3818282416666667
150305,2.7402778166666666
150401,2.692801625
150402,2.9453918
150403,3.375167825
150404,2.6418871083333335
150405,2.7900067833333333
150406,2.76345985
150407,3.353206758333333
150501,3.80107345
150502,3.69488505
150503,3.244050158333333
150504,3.9275246083333335
150505,3.4526210416666667
150506,3.3629650916666667
150507,3.8319036333333334
150508,3.2567938
150509,3.6930981083333334
150510,3.4906277583333334
150511,3.0205636166666667
150512,3.5201372
150513,3.8086412833333334
150514,4.074529775
150515,3.667412925
150516,2.8677262
150601,3.420843825
150602,2.5074258416666666
150603,2.9586862
150604,3.4729178916666665
150605,3.8865098916666665
150606,3.076153833333333
150607,3.1534158666666667
150608,2.4617791583333335
150609,2.887786775
150610,2.393822875
150611,3.3013421666666667
150612,2.715935675
150701,2.875046025
150702,3.0598037666666666
150703,2.85554825
150704,2.8480682416666667
150705,3.19578895
150706,3.0022355833333334
150707,2.7989449166666667
150708,2.769963025
150709,3.1514096416666666
150710,3.047705966666667
150711,3.0344039583333333
150712,2.7081043333333334
150713,3.0394848916666666
150714,3.02787425
150715,2.974337166666667
150716,3.235321075
150717,2.9309236666666667
150718,3.0847377583333335
150719,2.744220433333333
150720,2.8386750166666666
150721,2.7351657666666664
150722,2.9357345583333334
150723,2.8374257166666665
150724,2.7886678166666665
150725,3.013630075
150726,3.153753575
150727,2.953893225
150728,2.96827895
150729,3.0536807833333333
150730,2.9643126333333334
150731,3.1097971583333335
150732,2.8647097
150801,4.228354966666667
150802,3.083462875
150803,0
150804,2.680834658333333
150805,4.375189166666667
150806,3.943623241666667
150807,2.9378737416666665
150808,2.848097025
150809,2.4005039666666668
150810,4.0883048833333335
150811,3.3458574666666667
150812,4.3447248
150901,2.4803699333333333
150902,2.51322225
150903,2.4918110916666665
150904,2.8325436166666664
150905,2.671079091666667
150906,2.4509962416666666
151001,2.566833133333333
151002,3.286430225
151003,2.7307908666666667
151004,2.56599985
151005,3.1602048083333334
151006,2.9800788583333335
151007,2.6001860083333335
151008,2.7183243083333335
151009,2.964339541666667
151010,2.922883325
151011,2.7111901333333335
151012,3.0407667416666664
151013,2.9154655833333334
151014,2.9739778333333335
151015,3.0623432
151016,3.157000291666667
151017,2.5237563166666668
151018,3.3053263916666666
151019,3.07214435
151020,3.2754697
151021,2.5948438416666666
151022,3.1433489833333335
151023,2.6360210416666665
151024,2.6210976416666667
151025,3.1219488916666664
151026,2.62593205
151027,2.9958119416666666
151028,2.5452897666666665
151029,3.0475038666666667
151030,3.3808884
151031,2.9301522083333333
151032,3.0309173166666667
151033,2.7646515833333334
160101,1.4673627333333332
160102,1.45115525
160103,1.5168098333333333
160104,1.4871911166666667
160105,1.4755044333333334
160106,1.4485001
160107,1.4461983
160108,1.4550890583333334
160110,1.45779515
160112,1.4968939833333335
160113,1.4903060083333333
160201,1.9680914
160202,2.1482551500000002
160205,1.710619275
160206,1.565555775
160210,1.7315967833333332
160211,1.9106409500000001
160301,1.5140611666666666
160302,1.5836538916666667
160303,1.459877125
160304,1.4873501583333333
160305,1.5398676083333334
160401,1.4869630833333334
160402,1.4630634333333332
160403,1.4932081583333334
160404,1.4773597916666668
160501,1.5752628333333334
160502,1.8959853166666667
160503,1.5739374166666666
160504,1.76858265
160505,1.8288278333333334
160506,1.6742435
160507,1.5295458
160508,1.7367739833333333
160509,1.6710986083333332
160510,1.5513801666666667
160511,1.6216817083333332
160601,2.126138533333333
160602,2.0769615249999998
160603,1.9806109416666666
160604,2.108649575
160605,1.905600025
160606,2.0273445083333335
160701,2.1715981749999997
160702,2.036987641666667
160703,2.157557475
160704,1.8255887083333333
160705,1.635031775
160706,1.5270757
160801,1.4377803583333333
160802,1.4458824916666666
160803,1.47075115
160804,1.4366260083333333
170101,2.2436341916666667
170102,2.093029325
170103,2.26381555
170104,2.0715850916666665
170201,2.2770943833333335
170202,2.2613909416666664
170203,2.105897225
170204,2.2354177833333333
170301,2.3422354916666666
170302,2.3362972
170303,2.3128262916666666
180101,3.2919292749999998
180102,3.2654316666666667
180103,3.5036101166666667
180104,3.65165945
180105,3.165911933333333
180106,4.0465593250000005
180201,3.1583892083333334
180202,2.8616241916666665
180203,3.2200797916666666
180204,3.138354458333333
180205,3.1259659583333335
180206,2.8779293833333335
180207,2.942150408333333
180208,3.3944947083333332
180209,3.23735605
180210,2.959601016666667
180211,2.9727010333333332
180301,3.8143201083333333
180302,3.6283599166666667
180303,3.67452025
190101,4.081709433333334
190102,3.5595227583333333
190103,4.034188066666667
190104,3.027501008333333
190105,3.7720165083333335
190106,4.1973167
190107,3.5557894666666665
190108,4.171963966666667
190109,3.2959217416666666
190110,3.813282883333333
190111,4.008170583333333
190112,3.960856125
190113,4.027306208333333
190201,2.972597925
190202,3.639484025
190203,3.566629858333333
190204,3.620305091666667
190205,3.2243304833333335
190206,3.907981275
190207,3.4878099666666667
190208,3.3982199583333332
190301,3.0637380666666667
190302,3.2610735
190303,3.29331835
190304,2.7095139666666666
190305,3.0245101500000002
190306,2.621466841666667
190307,2.876976941666667
190308,2.39289345
200101,6.164745308333333
200104,5.545808008333333
200105,5.231212175
200107,6.040819941666666
200108,6.1871156
200109,6.098046141666667
200110,6.0075273
200111,3.5492769
200114,4.350671741666667
200115,6.122947108333333
200201,2.9219263
200202,3.2940001333333333
200203,2.485486125
200204,2.7740928916666667
200205,2.5846101916666666
200206,3.02794905
200207,2.89017525
200208,3.0704436083333335
200209,2.476136791666667
200210,2.8754771083333335
200301,3.3232845
200302,2.87682585
200303,3.808124633333333
200304,2.9223722833333334
200305,2.8891007583333335
200306,2.872117991666667
200307,3.8041454083333335
200308,3.3616113333333333
200401,4.094568616666667
200402,3.374968566666667
200403,3.0250330333333335
200404,4.014600825
200405,3.578294091666667
200406,3.0677342
200407,2.840171525
200408,3.163617275
200409,3.3112104583333335
200410,2.9576533416666666
200501,5.756853583333333
200502,5.642356983333333
200503,5.64641135
200504,5.651515333333333
200505,5.781921125
200506,5.621684958333334
200507,5.687166175
200601,5.28522715
200602,5.891293725
200603,5.624743766666667
200604,4.378448666666666
200605,5.387488916666666
200606,5.913615233333333
200607,5.4462848
200608,5.885688158333333
200701,5.685388566666667
200702,5.743081058333333
200703,5.756630175
200704,6.048761941666666
200705,5.719820041666667
200706,5.606605991666667
200801,6.060476616666667
200802,6.222104608333333
200803,6.270213758333333
200804,6.232084891666667
200805,6.111630783333333
200806,6.230363583333333
210101,3.9476164666666667
210102,3.9265608916666666
210103,3.8861812083333334
210104,3.7067432416666666
210105,3.862046208333333
210106,4.067174891666666
210107,3.9034971166666668
210108,3.880805675
210109,3.511199525
210110,3.826925683333333
210111,3.5897527333333334
210112,4.120615625
210113,3.45562155
210114,3.603844825
210115,3.587028741666667
210201,3.5775086916666665
210202,3.558967775
210203,3.66101035
210204,3.4057846416666666
210205,3.6672802166666667
210206,3.7435354333333333
210207,3.5335795333333335
210208,3.674109516666667
210209,3.6923209833333335
210210,3.7053352416666665
210211,3.485435691666667
210212,3.508187875
210213,3.6381239416666666
210214,3.5448143500000002
210215,3.4990294833333335
210301,3.4741131333333333
210302,3.6805172833333333
210303,2.8470367
210304,3.0960558166666665
210305,3.2511773833333333
210306,3.7757737916666665
210307,3.6208138666666665
210308,3.2896474749999998
210309,3.040910775
210310,4.064018
210401,4.035652708333333
210402,4.122816633333334
210403,4.033496958333333
210404,4.051519258333333
210405,3.8978593249999998
210406,4.166320825
210407,4.161795791666667
210501,3.9974113583333333
210502,3.4018837
210503,4.175795466666667
210504,3.5499077333333333
210505,3.8538096333333334
210601,3.7214267833333334
210602,3.9905764833333333
210603,3.7502669833333333
210604,3.8180504749999997
210605,3.85328865
210606,3.963740083333333
210607,3.7418476166666665
210608,3.845708533333333
210701,3.644410241666667
210702,3.6873816166666664
210703,3.5737541
210704,3.5215174833333336
210705,3.553291908333333
210706,3.761392266666667
210707,3.8205513916666667
210708,3.578307166666667
210709,3.5990509916666666
210710,3.7308859083333332
210801,3.5976589916666666
210802,3.342374375
210803,3.3754038
210804,3.46371595
210805,3.1951148333333332
210806,3.1918766
210807,3.3861759166666667
210808,3.2141657833333332
210809,3.4839009666666665
210901,4.004714008333333
210902,4.1125942
210903,4.012458008333334
210904,4.187834416666667
211001,3.6902465
211002,3.7457803083333334
211003,3.7634371333333334
211004,3.7185926166666667
211005,3.6600144583333334
211101,3.693901358333333
211102,3.6194898749999997
211103,3.5174182083333334
211104,3.82072525
211105,3.7137711083333333
211201,3.4872927833333334
211202,3.7214427166666666
211203,2.9348024833333333
211204,3.5762187583333334
211205,3.4872332916666666
211206,3.734634425
211207,3.136575175
211208,3.326417391666667
211209,3.1501158333333334
211210,2.4164320916666666
211301,4.229197366666667
211302,4.3302671
211303,4.210301116666667
211304,4.2069112
211305,4.302313308333334
211306,4.381858308333333
211307,4.31996635
220101,2.789695525
220102,2.8686182916666665
220103,2.8870590666666667
220104,2.6375668583333334
220105,2.781070458333333
220106,2.799984041666667
220201,2.069747008333333
220202,2.234448575
220203,1.9967479083333333
220204,2.0475357416666666
220205,2.1315721
220206,2.018436583333333
220301,2.39586685
220302,2.286815475
220303,2.5810454166666665
220304,2.2252771833333336
220305,2.4304904916666668
220401,2.3052027583333334
220402,2.5985134083333334
220403,2.1313837833333333
220404,2.2380155833333335
220405,2.156941175
220406,2.07336975
220501,2.320195925
220502,2.5102469166666666
220503,2.0720133333333335
220504,2.1842058
220505,2.213183275
220506,2.4498680250000002
220507,2.273600125
220508,2.30413705
220509,2.335460975
220510,2.404814025
220511,2.2962088166666668
220601,2.1687643166666666
220602,2.3873779833333333
220603,3.0468037416666665
220604,2.4439713916666665
220605,2.0801588916666667
220701,2.0196564666666665
220702,2.1117662249999998
220703,2.0351640083333336
220704,2.0733697916666665
220705,2.0579705666666666
220706,2.016328
220707,2.0380298666666667
220708,2.0300157916666666
220709,2.03340595
220710,2.0591432916666665
220801,3.1159324583333334
220802,3.5152213833333334
220803,3.35292955
220804,3.477830366666667
220805,3.5977444166666666
220806,2.9723445166666664
220807,3.049212175
220808,2.9619586583333333
220809,3.135817525
220901,2.2135262166666667
220902,2.1086695166666667
220903,2.27056925
220904,2.092773033333333
220905,2.0355555
220906,1.998624125
220907,2.088572475
220908,2.1623383333333335
220909,2.1866758666666666
220910,2.2472913333333335
220911,1.9541336083333334
220912,2.2261528916666666
220913,2.0960452083333334
220914,2.1373566333333334
221001,2.6231251916666665
221002,2.4988637333333332
221003,2.6950011166666665
221004,3.0854372
221005,2.57097
230101,3.540742825
230102,3.139222425
230103,3.2496773833333332
230104,3.1532997
230105,3.2422545166666668
230106,3.3789537833333334
230107,3.2830866583333336
230108,3.398930508333333
230109,4.236687158333333
230110,3.325415716666667
230111,4.156659558333334
230201,3.4472038916666667
230202,3.585994275
230203,3.7941368166666667
230204,3.443362716666667
230205,3.4482209249999998
230206,3.3622780083333335
230301,3.424382866666667
230302,3.7009608666666667
230303,3.71264715
230401,3.2821372333333336
230402,3.4082589833333334
230403,3.378645891666667
230404,3.3672463
230405,3.3710411666666666
230406,3.29851645
230407,3.4181196
230408,3.2832239833333334
240101,3.8318281
240102,4.0085803
240103,4.175664583333333
240104,3.5394839166666667
240105,4.049700158333334
240106,3.6278406083333334
240201,4.6135364333333335
240202,4.570748758333333
240203,5.1972307749999995
240301,3.5909714416666665
240302,3.544897775
240303,3.2660296083333336
240304,3.5482422833333334
250101,1.9720027416666668
250102,2.0013092833333332
250103,2.1928694
250104,2.0125081166666665
250105,1.9353107083333334
250106,1.9738398916666666
250107,1.9610931
250201,2.3925949083333333
250202,2.288885741666667
250203,2.3229754666666667
250204,2.1545400916666666
250301,2.2548574083333333
250302,2.168753833333333
250303,2.083301533333333
250304,2.0749905833333333
250305,2.152647066666667
250401,2.25356235
