ubigeo,tmmn
010101,10.402088333333333
010102,8.161859141666667
010103,10.103543275
010104,9.482945275
010105,8.9887046
010106,7.893096325
010107,5.336403825
010108,11.80790065
010109,7.412270441666667
010110,4.822738491666667
010111,8.595578933333334
010112,8.473447583333334
010113,7.104052733333333
010114,8.619967125
010115,7.488674258333333
010116,6.527618266666667
010117,6.921405066666667
010118,10.908824258333333
010119,7.854069908333334
010120,7.770852275
010121,10.51390675
010201,18.382931783333333
010202,15.308967466666667
010203,15.024405333333334
010204,18.2144904
010205,17.755402841666665
010206,16.146407533333335
010301,9.1543194
010302,8.262732158333334
010303,11.49045515
010304,10.678013516666667
010305,11.347588758333334
010306,10.416832666666666
010307,12.915485358333333
010308,9.930092866666667
010309,9.000606
010310,11.891808658333334
010311,11.361126091666666
010312,13.96603305
010401,20.347965908333332
010402,18.22643538333333
010403,20.385218158333334
010501,10.414862758333333
010502,13.394716216666666
010503,10.676818941666667
010504,7.8646856666666665
010505,9.12908395
010506,8.479335166666667
010507,5.540938166666667
010508,9.092735383333334
010509,9.599843341666666
010510,9.579388275000001
010511,6.1556282
010512,11.583561075
010513,11.620706916666666
010514,10.131356241666667
010515,13.6040392
010516,10.618651683333333
010517,7.36152525
010518,11.376320783333334
010519,8.796061283333334
010520,10.7077498
010521,7.344738591666667
010522,9.040347425
010523,8.997180133333334
010601,12.014960775
010602,12.853025166666667
010603,10.081884066666667
010604,13.748301316666666
010605,10.965988691666666
010606,11.495255233333333
010607,10.3805017
010608,14.052361283333333
010609,11.917545775
010610,13.5530651
010611,13.274757450000001
010612,10.937172633333333
010701,15.164520475
010702,12.903783766666667
010703,14.779713658333334
010704,17.821159883333333
010705,13.46404565
010706,13.09132435
010707,14.18700535
020101,-0.38825781666666676
020102,5.805561216666667
020103,9.214713725
020104,5.959022841666667
020105,-0.46532520833333335
020106,1.913650425
020107,0.3078622166666667
020108,-1.4783772
020109,10.361427366666668
020110,4.197309025
020111,0.5342370333333334
020112,-0.722968575
020201,-0.7294304333333334
020202,7.002534008333333
020203,2.7350831166666665
020204,-0.38737147499999997
020205,1.3699990083333333
020301,6.46069505
020302,6.77653395
020303,7.1196997416666665
020304,5.058865241666667
020305,1.20660855
020306,1.5841297333333335
020401,-1.4371192
020402,1.8007880583333333
020501,1.4543314833333334
020502,9.020736916666667
020503,9.017473708333334
020504,-2.4740750333333335
020505,0.03304000833333331
020506,3.8714269583333336
020507,11.20747285
020508,-1.079781975
020509,-0.75477725
020510,0.961272175
020511,4.119219541666666
020512,3.2119025416666664
020513,-0.5758612416666666
020514,1.2422881416666667
020515,0.835884475
020601,2.283336691666667
020602,6.942810875
020603,6.3693743666666665
020604,3.348349858333333
020605,3.2787209083333333
020606,0.2926977833333333
020607,6.467157975
020608,-2.035759683333333
020609,-2.164841125
020610,8.224721075
020611,1.83912645
020701,2.7894814666666665
020702,5.334106108333334
020703,3.795210525
020801,16.376625933333333
020802,14.925855608333332
020803,16.7803098
020804,13.683420283333334
020901,4.551013116666667
020902,2.7325295
020903,8.515519216666666
020904,1.1184255416666666
020905,9.357113258333333
020906,4.18969645
020907,9.561428333333334
021001,-0.07253399166666667
021002,2.5891547083333335
021003,1.18260875
021004,-1.5367719916666667
021005,2.56072625
021006,4.030861191666666
021007,2.7126130083333333
021008,-0.20772269999999998
021009,4.106955858333333
021010,4.302843225
021011,3.554534783333333
021012,7.270599483333333
021013,2.319144966666667
021014,-0.9015734999999999
021015,0.8008774583333333
021016,6.003805516666667
021101,14.481380541666667
021102,7.860578883333333
021103,15.751150941666667
021104,9.176164225
021105,4.44133455
021201,2.715404066666667
021202,9.451075483333334
021203,4.166771108333333
021204,5.458998616666666
021205,3.953373158333333
021206,3.354873583333333
021207,4.529848583333333
021208,-0.3635577
021209,2.222112675
021210,0.7245194333333334
021301,4.886772891666666
021302,3.60541065
021303,6.944667475
021304,5.750270325
021305,6.386030233333333
021306,3.3731789
021307,2.260801325
021308,5.8806711499999995
021401,0.6154372333333333
021402,6.969418725
021403,-0.36308352499999996
021404,7.104782366666667
021405,12.566000616666667
021406,1.6136693416666665
021407,3.96394625
021408,2.805739575
021409,11.822261425
021410,2.430459925
021501,1.7290429166666665
021502,9.486089908333334
021503,2.079438825
021504,6.268590741666666
021505,1.9072102416666665
021506,2.953779675
021507,4.757702616666666
021508,7.69113245
021509,2.28084005
021510,11.087809875
021511,7.3568039
021601,1.65274115
021602,2.9639765583333335
021603,6.675227216666666
021604,6.13889505
021701,0.44055954999999997
021702,-1.6339220583333334
021703,-0.756366275
021704,3.2261243833333335
021705,7.22090385
021706,2.792019916666667
021707,0.20433416666666662
021708,8.589979891666667
021709,0.12204064166666674
021710,-0.7113447833333334
021801,15.492460658333334
021802,6.868684483333333
021803,16.507473525
021804,8.513427625
021805,14.025691691666667
021806,16.229460275
021807,16.930149375
021808,16.752907683333333
021809,16.798209891666666
021901,4.869784325
021902,7.626498858333333
021903,5.914723591666666
021904,3.401360725
021905,2.590663891666667
021906,4.0582344
021907,7.291734716666666
021908,1.2683454583333333
021909,3.2021879083333333
021910,5.990140983333333
022001,0.6344770083333333
022002,0.5333916833333333
022003,4.737535608333333
022004,7.305058791666666
022005,4.955070283333334
022006,7.247156191666667
022007,0.26726798333333335
022008,0.2438282083333333
030101,5.194711158333333
030102,0.8143855583333333
030103,1.26217485
030104,3.9861289666666666
030105,7.387648433333333
030106,2.358914275
030107,4.73325245
030108,7.189870758333333
030109,2.3502914
030201,2.1972529583333333
030202,9.006332433333334
030203,1.89506885
030204,5.797791891666667
030205,2.8905937833333333
030206,1.9906458
030207,2.581584975
030208,8.840998599999999
030209,4.973899808333333
030210,-0.21301627500000003
030211,0.4633006583333334
030212,4.672011758333333
030213,0.8352566833333334
030214,3.5856015666666665
030215,2.410888225
030216,5.117508933333333
030217,-0.23557340833333332
030218,2.073875
030219,8.957856116666667
030220,0.009566991666666644
030301,-3.00907655
030302,-0.5323109583333333
030303,-1.680315775
030304,-3.1156949333333332
030305,-3.245459875
030306,0.028861216666666693
030307,0.060248741666666675
030401,0.7205263916666667
030402,1.4295388916666667
030403,-1.51655665
030404,3.6504360333333334
030405,3.5034350416666666
030406,-2.3477426833333332
030407,4.308196608333334
030408,3.631663125
030409,1.4460893583333334
030410,2.11275275
030411,1.1385292249999999
030412,-0.42625879999999994
030413,3.4186119416666667
030414,2.3165711
030415,5.025082208333333
030416,1.715897725
030417,1.5272272666666666
030501,1.4530022416666666
030502,3.7767769666666666
030503,0.9985362916666667
030504,0.04066350833333329
030505,2.612648083333333
030506,-0.36508198333333325
030601,5.654542725
030602,1.940030825
030603,6.821796883333334
030604,8.107427066666666
030605,5.659028158333333
030606,6.004183383333333
030607,4.754726583333333
030608,1.749508525
030609,4.2829301
030610,8.667031316666666
030611,7.676833366666667
030701,-0.7488136583333334
030702,-0.07286999999999996
030703,2.3581143833333336
030704,3.2282567416666668
030705,0.3949077166666667
030706,0.600994675
030707,-1.4825832666666667
030708,-0.6181235083333333
030709,2.215637533333333
030710,3.7078667166666666
030711,1.0484176916666668
030712,4.478476833333334
030713,-2.514655025
030714,1.1904992916666668
040101,8.928739491666667
040102,4.513919466666667
040103,0.1659080083333333
040104,3.99927775
040105,3.3959375333333335
040106,0.938568875
040107,8.909697341666666
040108,11.374533541666667
040109,5.493470791666667
040110,5.473867375
040111,7.767901675
040112,7.667021591666667
040113,1.9522143916666668
040114,4.901743241666667
040115,6.7643653
040116,6.926441541666667
040117,9.223083975
040118,13.28369815
040119,-2.9935773583333334
040120,11.055657658333333
040121,13.517704616666666
040122,8.794177833333332
040123,8.7334712
040124,9.630847191666666
040125,12.1455169
040126,8.955033833333333
040127,7.3132806666666665
040128,1.880296175
040129,8.951464
040201,17.627753558333332
040202,17.68641870833333
040203,11.383837566666667
040204,14.998669483333334
040205,14.899394975
040206,12.691110316666666
040207,15.048504766666667
040208,16.290698258333332
040301,8.892214316666667
040302,10.914985616666666
040303,11.47968075
040304,11.760229425
040305,13.128600525
040306,2.855697075
040307,14.337872225
040308,10.405804141666666
040309,6.498038491666667
040310,10.806494141666667
040311,14.011765166666667
040312,3.600079216666667
040313,13.218130516666667
040401,12.391126258333333
040402,-1.558696825
040403,3.3939735
040404,-4.6397684833333335
040405,-0.7803922
040406,-2.65305075
040407,10.512124725
040408,-1.8227617416666666
040409,-3.764449583333333
040410,-0.8036712083333333
040411,8.347999333333334
040412,5.033039116666667
040413,13.9841562
040414,-2.5800008083333332
040501,-3.655791275
040502,-2.989957216666667
040503,-1.362100775
040504,-3.5928495166666665
040505,-4.1207701
040506,-1.6670046250000001
040507,2.199503
040508,0.7557349333333333
040509,-2.5703931416666665
040510,-4.829700891666667
040511,1.1397108666666667
040512,-4.269362583333334
040513,-3.042827383333333
040514,-3.7098505
040515,-3.186682633333333
040516,-3.88709865
040517,-3.2759567583333333
040518,-3.9296790333333336
040519,-3.6565046166666666
040520,12.752145741666666
040601,7.2063623083333335
040602,4.835996316666667
040603,-3.9625147666666667
040604,3.1519536416666667
040605,7.368096058333333
040606,11.901206733333334
040607,-4.575546041666667
040608,7.478904683333333
040701,13.503512908333333
040702,13.396846775
040703,16.490694125
040704,13.902432991666666
040705,15.2533264
040706,14.870624733333333
040801,-1.4281014333333335
040802,-2.902904775
040803,-0.5388500833333333
040804,-4.0969415
040805,-3.46686785
040806,-4.923774541666667
040807,3.9859140833333333
040808,4.336383691666667
040809,4.639672225
040810,-1.9961811333333335
040811,2.846561175
050101,8.193283866666667
050102,2.5563956
050103,4.607740183333333
050104,6.504318358333333
050105,1.9861904
050106,5.717436333333334
050107,9.201528966666666
050108,5.869917666666667
050109,5.993760433333334
050110,7.268891516666667
050111,6.921625983333334
050112,2.5118906583333334
050113,7.450322308333334
050114,0.9517106333333333
050115,9.06073215
050116,9.072304366666666
050201,4.754506583333333
050202,-0.03905130000000003
050203,2.6776228166666667
050204,2.613428491666667
050205,-1.777010725
050206,0.8412638166666667
050301,-1.4837790583333335
050302,1.3105685916666667
050303,-0.7690447416666666
050304,-1.5071187583333332
050401,4.046738666666667
050402,5.321765966666667
050403,4.113246191666667
050404,6.6003640416666665
050405,6.922436708333334
050406,3.919788175
050407,9.275502225
050408,11.647035116666666
050409,15.107910283333334
050410,2.6774900666666666
050411,7.428808041666667
050412,2.186547083333333
050501,4.677402758333333
050502,8.343199333333333
050503,9.939853424999999
050504,7.9508612
050505,7.053167525
050506,6.021826675
050507,11.016277525
050508,2.357194983333333
050509,9.026167483333333
050510,7.929772341666666
050511,8.691504583333334
050601,-0.9419633999999999
050602,-0.5007541583333334
050603,-1.4058530666666667
050604,-1.6876036083333334
050605,1.9304759166666665
050606,-2.4355664083333335
050607,5.799173391666667
050608,1.1792707916666667
050609,2.6831446083333335
050610,3.8847859583333335
050611,-0.8966354916666667
050612,5.215490075
050613,3.5867098
050614,4.959459908333333
050615,2.2819202333333335
050616,2.4873318666666666
050617,5.04984175
050618,-1.11677175
050619,5.636602283333334
050620,2.082657691666667
050621,5.364870558333333
050701,-2.15499545
050702,1.4535317833333334
050703,-3.060325675
050704,-0.5323159916666667
050705,4.242280541666666
050706,1.05350725
050707,-0.42997366666666664
050708,-0.93286395
050801,3.7771226
050802,-0.03982856666666667
050803,2.3366328
050804,0.22420426666666665
050805,-0.2557914416666667
050806,-3.834295175
050807,0.6826242499999999
050808,-0.10530599166666671
050809,0.5302787416666667
050810,0.49865831666666666
050901,2.3573963916666667
050902,7.6018042
050903,5.3294243833333335
050904,5.430422766666667
050905,-0.24214305833333327
050906,0.753129425
050907,2.9518436500000003
050908,0.10332360833333333
050909,2.0610751499999997
050910,1.761127725
050911,-0.44188124999999995
051001,0.3352633416666667
051002,3.4389352
051003,-0.07624544166666665
051004,2.5638068666666665
051005,0.924178375
051006,4.126491866666667
051007,5.831356325
051008,1.4538371333333333
051009,0.13044600833333334
051010,1.7475772166666665
051011,0.19763099166666664
051012,-0.6953995833333333
051101,3.8740136
051102,5.010612016666666
051103,5.751155916666667
051104,4.9547471000000005
051105,3.561809725
051106,5.453888841666666
051107,6.621736833333333
051108,2.6762597083333333
060101,4.518567691666667
060102,6.981987716666667
060103,5.215580783333333
060104,7.496184883333333
060105,3.426392625
060106,5.479125141666667
060107,7.251606866666666
060108,5.30419645
060109,8.857875366666667
060110,7.8729097333333335
060111,5.608437733333333
060112,6.8302553
060201,5.569029283333333
060202,6.030452633333334
060203,9.14872945
060204,8.92032405
060301,11.186612641666667
060302,11.508908675
060303,10.235545575
060304,5.142298033333333
060305,10.917667475
060306,6.810232341666667
060307,6.805859891666667
060308,7.861561066666667
060309,3.940111025
060310,4.791366758333333
060311,12.024734741666666
060312,6.880146566666666
060401,6.908312508333333
060402,10.204220058333334
060403,9.256746941666666
060404,7.5811907666666665
060405,13.102368425
060406,12.152613866666666
060407,9.885085508333333
060408,7.310000741666666
060409,9.9093383
060410,7.982129466666667
060411,12.348551316666667
060412,9.266285308333334
060413,7.054741925
060414,14.8708467
060415,8.002391141666667
060416,11.727118208333334
060417,8.47964615
060418,14.18683995
060419,7.093208025
060501,7.9651572999999996
060502,12.373927408333333
060503,10.8359361
060504,6.808958241666667
060505,13.712815425
060506,8.042426275
060507,9.990814116666666
060508,14.705770958333334
060601,8.746616791666666
060602,12.217641141666666
060603,15.47857465
060604,15.492754183333334
060605,12.119703108333333
060606,12.550886141666666
060607,10.236268175
060608,8.742156983333333
060609,12.934860616666667
060610,11.364539858333334
060611,12.939235758333334
060612,9.614239233333333
060613,12.6972413
060614,9.016554000000001
060615,15.657180341666667
060701,6.060985308333334
060702,4.952609716666667
060703,3.8581392083333332
060801,13.257400875
060802,17.392732925
060803,9.028370108333334
060804,12.156441741666667
060805,12.584459166666667
060806,14.208335675
060807,10.828806225
060808,12.414308333333334
060809,9.557064625
060810,10.758814641666666
060811,12.304880891666667
060812,16.064636175
060901,15.303621841666667
060902,15.612255583333333
060903,14.81623695
060904,14.016789416666667
060905,11.541800441666666
060906,13.884785991666666
060907,10.163258041666667
061001,7.6176853583333335
061002,8.561230191666667
061003,10.35570495
061004,4.60336365
061005,9.135904091666667
061006,8.063331208333333
061007,8.572045183333334
061101,9.512001025
061102,12.0252625
061103,5.157507758333333
061104,3.9980370583333333
061105,7.451203658333333
061106,13.201556533333333
061107,3.944699925
061108,15.672437483333333
061109,9.591853358333333
061110,14.034574075
061111,4.883531191666667
061112,5.611310775
061113,11.533944625
061201,7.647804925
061202,11.600429308333334
061203,13.006157125
061204,4.386178308333333
061301,11.521638075
061302,9.476567825
061303,9.837580775
061304,11.060823508333334
061305,10.619441483333333
061306,7.385577516666666
061307,7.691302991666666
061308,10.409904283333333
061309,11.626427108333333
061310,9.36543515
061311,8.6562784
070101,16.4055432
070102,16.156056066666668
070103,16.188833675
070104,16.149582249999998
070105,16.225
070106,15.608220658333334
070107,15.375881233333333
080101,2.2770537666666666
080102,1.53118585
080103,2.6392064166666667
080104,2.8322058583333334
080105,3.7934698083333336
080106,2.603700858333333
080107,3.444768858333333
080108,4.757058841666667
080201,0.5951384000000001
080202,0.7537248583333334
080203,2.24316025
080204,0.686895525
080205,0.08292488333333327
080206,2.019872883333333
080207,0.019890291666666712
080301,3.88507565
080302,2.314382316666667
080303,3.3856412583333335
080304,4.391092466666667
080305,1.1812365
080306,3.9942561333333333
080307,4.97326385
080308,3.9436558
080309,4.102855066666667
080401,0.8912975916666667
080402,2.7625669166666666
080403,1.4427669916666668
080404,1.512475575
080405,1.7398029416666667
080406,2.4920411916666665
080407,2.50166825
080408,7.702942025
080501,-0.8655079333333333
080502,-1.442319275
080503,-1.8265261833333333
080504,-1.75706115
080505,-3.0737245166666667
080506,0.60726705
080507,-1.0512092416666667
080508,0.40921489166666664
080601,-1.9734204583333335
080602,-3.8984025166666667
080603,-1.325653475
080604,-3.2107040083333334
080605,-4.486928316666667
080606,-2.9644617583333335
080607,0.5386884833333332
080608,0.9695702916666668
080701,-2.6609654750000002
080702,1.1053581333333333
080703,0.10479040833333335
080704,1.296190225
080705,-0.8327807583333333
080706,-1.0039633833333332
080707,0.2277126083333333
080708,-1.4722094166666666
080801,-1.7871575166666667
080802,-4.809218033333333
080803,-2.121540716666667
080804,-2.7441422583333335
080805,-2.2902108666666665
080806,-1.1513204416666667
080807,-2.9269803916666666
080808,-1.9128413166666667
080901,11.462660925
080902,13.153756141666667
080903,7.024515341666667
080904,12.088893291666666
080905,7.263727141666666
080906,13.003666691666666
080907,11.589133925
080908,3.5176357416666666
080909,6.450190525
080910,12.996397275
080911,7.393102416666666
080912,9.533679316666667
080913,14.02771995
080914,19.104570516666666
081001,2.610960075
081002,2.0498352583333332
081003,3.7833381833333335
081004,3.7551941666666666
081005,3.73136915
081006,0.17546910833333335
081007,4.835168716666667
081008,2.4223060916666665
081009,2.4661794666666665
081101,3.9217924333333336
081102,1.7169908083333334
081103,3.246317875
081104,1.8130863916666666
081105,1.7031049583333333
081106,11.7312426
081201,2.2427114416666667
081202,3.1390602666666667
081203,12.630082083333333
081204,-1.166996975
081205,1.0469452333333333
081206,-1.58206045
081207,-0.10452581666666663
081208,2.4350698
081209,-1.2793298666666666
081210,-2.5684472416666666
081211,3.0507539333333336
081212,0.17549569999999998
081301,1.6802455166666665
081302,2.4625368666666665
081303,4.6045141916666665
081304,4.792797566666667
081305,5.433533691666667
081306,1.3175207916666667
081307,3.6806826666666668
090101,-1.7405615583333334
090102,-1.9739860333333332
090103,2.3157355833333333
090104,1.5635129749999999
090105,2.0561220916666665
090106,-2.7553741916666667
090107,2.46397185
090108,3.9690744
090109,-0.07434040833333334
090110,-0.06995522500000002
090111,4.714323366666666
090112,1.471478625
090113,-1.79440075
090114,0.4853203833333334
090115,2.867573625
090116,0.03958544166666674
090117,0.7697268166666666
090118,-2.66676365
090119,0.89708785
090201,4.854690575
090202,4.523171541666667
090203,3.097455225
090204,5.681521625
090205,7.931343541666666
090206,1.1435079583333332
090207,5.363746341666666
090208,3.4746763666666665
090301,-0.943283575
090302,2.5946985583333335
090303,3.9760327583333335
090304,0.19379172500000003
090305,8.799380041666666
090306,3.05030845
090307,1.4698847083333333
090308,2.3861164166666664
090309,6.050134083333333
090310,5.179347825
090311,1.2924104583333333
090312,0.38016533333333336
090401,-2.5566636166666665
090402,-0.384074825
090403,-2.3634419583333335
090404,4.704952433333333
090405,-2.172946641666667
090406,0.5437303833333333
090407,-0.042331974999999994
090408,1.648033375
090409,1.6756946833333333
090410,6.068821008333333
090411,-3.8183150583333334
090412,2.5166620583333335
090413,3.53823335
090501,5.720982791666667
090502,3.8258957083333334
090503,5.453174066666667
090504,4.265077641666666
090505,8.567044841666666
090506,4.026929875
090507,2.64807545
090508,8.514529991666667
090509,5.624652025
090510,5.260760608333333
090511,3.969992941666667
090601,3.1757390583333334
090602,3.475227875
090603,2.2541645083333335
090604,2.1146969083333333
090605,0.4905027083333333
090606,4.61739065
090607,-2.3236704666666665
090608,-0.5380875833333334
090609,3.284008175
090610,-1.0354907166666667
090611,3.252323516666667
090612,2.5959163166666666
090613,2.331495341666667
090614,1.1643749666666667
090615,-0.383513125
090616,-1.5009936833333333
090701,3.793831425
090702,2.9277274
090703,2.3622749833333336
090704,3.352969566666667
090705,6.07227165
090706,5.119076716666667
090707,10.188016258333333
090709,4.7907470666666665
090710,2.4860497333333336
090711,2.4270456
090713,8.929499016666666
090714,5.914275
090715,8.816976725
090716,2.9389871833333334
090717,8.054774
090718,7.9424947
090719,3.5666414
090720,6.854078025
090721,6.609350091666667
090722,2.9601802916666666
090723,4.5085170833333335
100101,9.35446155
100102,8.580302625
100103,10.566161866666667
100104,5.039154908333334
100105,1.2731923416666666
100106,4.562986983333333
100107,6.281102733333333
100108,1.6936714666666668
100109,5.393039091666667
100110,4.290196408333333
100111,8.080231325
100112,1.6908908083333334
100113,10.938515625
100201,5.046978658333334
100202,2.837277825
100203,1.6574609333333334
100204,6.554675308333334
100205,6.34468445
100206,3.802836833333333
100207,2.553200375
100208,7.280880316666667
100301,1.4963228083333333
100307,0.791773925
100311,2.9351046833333334
100313,1.4049984666666666
100316,1.7043304833333335
100317,2.113508066666667
100321,3.0889029333333333
100322,2.4332019166666665
100323,3.8452574333333334
100401,4.167306741666667
100402,4.423360216666667
100403,9.150470633333333
100404,3.7500676916666666
100501,0.3818042166666667
100502,5.212715575
100503,3.6416091
100504,0.7638304583333333
100505,6.936765591666666
100506,1.0911201666666668
100507,11.273869266666667
100508,2.4630275833333335
100509,0.7965613500000001
100510,1.4190872916666666
100511,1.4879859166666667
100601,18.603217266666668
100602,15.959761558333334
100603,17.362587691666665
100604,16.519657233333334
100605,19.208851466666665
100606,16.08166105
100607,16.587517008333332
100608,19.135741383333333
100609,18.040373341666665
100610,17.291810533333333
100701,4.481555075
100702,8.961064316666667
100703,4.215036583333333
100704,16.279687258333333
100705,11.590594816666666
100801,5.176153008333333
100802,11.974661308333333
100803,4.378920875
100804,8.997788383333333
100901,20.857660233333334
100902,18.662903375
100903,21.492162
100904,21.36126655
100905,21.096604841666668
101001,-0.9136546833333333
101002,-0.5532716916666667
101003,1.865621225
101004,-2.1630538416666667
101005,1.2102227166666668
101006,1.8611969916666666
101007,-0.7618127333333333
101101,1.075009675
101102,2.229705575
101103,2.1350148333333334
101104,1.0130667083333333
101105,1.5737219083333334
101106,1.9252112666666668
101107,1.966596475
101108,1.9981894666666666
110101,12.792389916666666
110102,12.702712391666667
110103,12.432315983333332
110104,13.046013308333333
110105,13.418281258333334
110106,13.445713491666666
110107,13.363843883333333
110108,13.342907649999999
110109,10.474506816666667
110110,13.255575266666668
110111,12.9034283
110112,13.040780083333333
110113,13.459266183333334
110114,9.046824633333333
110201,12.577231933333334
110202,12.172131958333333
110203,5.269703416666666
110204,15.343508758333334
110205,11.227690225
110206,14.620706325
110207,12.370911341666666
110208,4.730937216666667
110209,-0.2503488083333334
110210,15.360042341666666
110211,15.42064765
110301,12.023885066666667
110302,13.384867208333333
110303,11.209347233333334
110304,11.669678491666668
110305,10.5668042
110401,11.861451875
110402,12.839800491666667
110403,10.891101891666667
110404,12.144612025
110405,7.0979739
110501,15.530719975
110502,7.304006291666667
110503,11.385901783333333
110504,13.957436508333334
110505,14.013043591666666
110506,14.899387633333333
110507,15.277449175
110508,14.9247902
120101,1.435954975
120104,3.347899883333333
120105,1.45324735
120106,2.266318025
120107,3.81690515
120108,-1.179910675
120111,2.801527275
120112,2.9255130583333333
120113,3.0171031249999998
120114,2.28752035
120116,4.2464751750000005
120117,4.47587435
120119,4.922237133333334
120120,2.375594358333333
120121,5.1025473083333335
120122,2.7563461166666667
120124,4.20501175
120125,5.09961995
120126,2.4264837083333335
120127,2.849732275
120128,1.5863350416666666
120129,4.397467675
120130,4.65331305
120132,4.33966635
120133,2.938093575
120134,4.932008191666666
120135,6.7629138583333335
120136,4.9799981749999995
120201,4.701847341666666
120202,3.2147815166666667
120203,3.706002408333333
120204,2.8741322583333333
120205,3.9863038583333332
120206,2.597542708333333
120207,3.2093819916666666
120208,3.816087
120209,5.90122265
120210,4.5795534
120211,4.445076
120212,4.583333333333333
120213,4.527261675
120214,1.3960050083333333
120215,3.9332850416666667
120301,11.035957849999999
120302,14.229563716666666
120303,14.847588408333333
120304,14.528439016666667
120305,9.451583591666667
120306,8.115569525
120401,4.127958616666667
120402,2.9470772666666667
120403,2.7843216
120404,4.2825731
120405,-0.15548140000000002
120406,2.0390618833333334
120407,4.088758858333334
120408,3.838056283333333
120409,3.764284225
120410,4.215139291666667
120411,2.5583513166666667
120412,3.5119573416666667
120413,3.619255716666667
120414,2.115816225
120415,3.3547559583333335
120416,3.626923908333333
120417,3.1523909916666666
120418,3.2705167333333334
120419,6.460629558333333
120420,3.8249123166666665
120421,3.5072700083333332
120422,3.257182375
120423,2.3985546916666665
120424,3.9578936833333334
120425,3.040594866666667
120426,1.67467155
120427,2.1357696083333333
120428,4.259980633333333
120429,3.8273247916666664
120430,4.0317036
120431,2.5324838583333333
120432,3.014336975
120433,3.046210883333333
120434,3.6533801083333333
120501,-0.588693875
120502,-0.4406705083333334
120503,-0.5046141666666666
120504,3.681944625
120601,16.116182741666666
120602,16.129331516666667
120603,10.736888683333333
120604,17.137302141666666
120605,7.701515641666667
120606,12.686611491666666
120607,16.815802608333335
120608,15.550921616666667
120609,14.278468141666666
120701,1.64480385
120702,3.7037140666666666
120703,2.2818674916666666
120704,3.5692202583333335
120705,1.0668217
120706,3.8698944416666667
120707,1.4661632166666667
120708,1.0021502916666667
120709,2.8464886750000002
120801,0.6942453749999999
120802,0.7470136416666666
120803,-1.4155199916666668
120804,-2.1953273083333333
120805,-2.3512693083333334
120806,-0.35211895
120807,-2.2144091416666667
120808,-0.25877310833333333
120809,-2.1856033666666668
120810,-2.4125592166666667
120901,4.908849975
120902,2.947626533333333
120903,2.214345766666667
120904,4.120814975
120905,5.1136688333333336
120906,3.3987300333333335
120907,1.5047861416666668
120908,5.076385841666666
120909,0.19291814999999998
130101,16.891353008333333
130102,16.1097767
130103,16.479996258333333
130104,15.591361541666666
130105,16.676259208333335
130106,14.754648908333333
130107,16.829231625000002
130108,13.643595191666666
130109,16.222820058333333
130110,12.754799133333334
130111,16.826089616666668
130201,15.497205166666667
130202,15.118475725
130203,16.009965458333333
130204,16.095032675
130205,16.197428483333333
130206,16.352969583333334
130207,16.166880041666666
130208,15.072598366666666
130301,6.915948616666666
130302,9.037182941666666
130303,5.985085908333334
130304,11.211167125
130305,4.974530125
130306,9.452081925
130401,16.457872683333335
130402,17.212871025000002
130403,17.258774975
130501,4.560983233333333
130502,3.1782941
130503,5.191063916666667
130504,5.802487125
130601,6.1126180833333335
130602,4.0873579583333335
130604,8.7086776
130605,7.707454991666666
130606,6.3847793416666665
130608,4.192001933333334
130610,6.55002585
130611,6.787537658333333
130613,8.794672958333333
130614,6.076440983333333
130701,16.421989149999998
130702,17.00993545
130703,16.975940708333333
130704,16.86127
130705,16.4586014
130801,2.957738583333333
130802,3.2271884833333333
130803,6.658404925
130804,5.153548
130805,3.994749975
130806,8.182809508333333
130807,7.02191515
130808,5.999039025
130809,7.62048015
130810,5.163752683333334
130811,8.068049591666666
130812,8.592690966666666
130813,6.64948095
130901,4.50039405
130902,5.026339425
130903,8.784041041666667
130904,5.280876075
130905,5.238582608333333
130906,5.21148335
130907,3.1852378916666666
130908,9.902284875
131001,5.541529583333333
131002,5.89031375
131003,2.952450783333333
131004,4.564703508333333
131005,4.7153856916666665
131006,2.125224025
131007,7.48227325
131008,3.183442925
131101,11.647759641666667
131102,11.551873891666666
131103,11.388074425
131104,7.995414383333333
131201,15.378239916666667
131202,14.767408616666668
131203,17.033973066666668
140101,17.69232720833333
140102,17.475910833333334
140103,17.474706758333333
140104,17.29823495
140105,17.728547525
140106,17.533605875
140107,17.674793025
140108,17.474650275000002
140109,16.985479508333334
140110,15.959305508333333
140111,17.82709446666667
140112,17.534159891666665
140113,17.4266076
140114,17.403321133333332
140115,17.7221667
140116,17.753406583333334
140117,17.411704666666665
140118,17.77065405833333
140119,17.350113391666667
140120,17.800845391666666
140201,17.939401516666667
140202,7.428319716666667
140203,8.10571705
140204,17.787497466666668
140205,17.440182283333332
140206,17.86287365
140301,17.7571728
140302,16.535661533333332
140303,17.992900241666668
140304,18.213691383333334
140305,17.853063133333333
140306,17.78832315
140307,17.936614849999998
140308,18.154965375
140309,18.189028708333332
140310,13.673163208333333
140311,17.507631775
140312,17.889898441666666
150101,15.689011608333333
150102,13.717980791666665
150103,13.726990774999999
150104,15.65
150105,15.822365283333333
150106,13.0197115
150107,12.291821325
150108,15.714270875
150109,12.788961208333333
150110,15.022026775
150111,14.9712238
150112,15.46387595
150113,15.696111733333334
150114,14.115278125
150115,15.445637625
150116,15.481615675
150117,16.108530325
150118,12.326850733333334
150119,14.185914825
150120,15.78353555
150121,15.835282341666666
150122,15.545477908333334
150123,13.525376283333333
150124,15.69705335
150125,15.221416366666666
150126,13.948718991666667
150127,13.7751181
150128,15.244537158333333
150129,14.840153733333333
150130,15.294245808333333
150131,15.562315633333334
150132,13.497549983333334
150133,15.4207316
150134,15.149075008333334
150135,16.2424765
150136,16.099074075
150137,14.852485116666667
150138,15.91248075
150139,15.359598566666667
150140,15.336956658333333
150141,15.465485566666667
150142,15.4209573
150143,14.504890358333334
150201,14.950592291666666
150202,14.861961858333334
150203,14.925487266666666
150204,14.316997333333333
150205,15.2179282
150301,-1.501202775
150302,0.44974994999999995
150303,-0.9105636500000001
150304,5.583100508333334
150305,6.2782701916666666
150401,-0.03209356666666665
150402,3.55954375
150403,7.353358683333334
150404,-2.375381125
150405,0.27405341666666666
150406,0.6565358916666667
150407,9.976786691666666
150501,14.063815208333333
150502,14.564461308333334
150503,10.314506008333334
150504,14.887405833333334
150505,13.293223058333334
150506,11.214425466666667
150507,14.994281166666667
150508,10.053816691666666
150509,14.763383041666668
150510,12.207530475
150511,8.425378375
150512,12.942568883333333
150513,15.469116225
150514,15.156506783333333
150515,14.63053395
150516,9.450524183333334
150601,13.514489058333334
150602,-1.681936975
150603,1.9865780916666667
150604,13.065501441666667
150605,15.054581283333333
150606,5.701816683333333
150607,6.170967575
150608,-1.5870885916666666
150609,3.8993888500000002
150610,-2.325237825
150611,7.042152333333334
150612,0.26381373333333336
150701,0.38511381666666666
150702,8.561110425
150703,3.4523649
150704,-2.7833797083333334
150705,-2.7966598666666664
150706,3.581179016666667
150707,1.0209913416666667
150708,-2.700204633333333
150709,-1.0714397083333334
150710,1.9986558916666666
150711,1.3371367583333333
150712,-1.6833289833333334
150713,2.972983483333333
150714,10.305394100000001
150715,1.2682498416666665
150716,7.492002058333333
150717,6.815073791666666
150718,-1.1844554333333333
150719,-1.8940729916666668
150720,-1.95959805
150721,-0.6919371666666666
150722,-2.010428533333333
150723,3.1247161
150724,0.8812752416666667
150725,-0.022351116666666646
150726,3.694262608333333
150727,9.1874538
150728,8.668732983333333
150729,-1.6243957166666667
150730,5.266724875
150731,8.401799158333333
150732,2.882315616666667
150801,14.665894791666666
150802,5.517877408333334
150803,15.07081545
150804,2.0371787666666665
150805,15.073197233333334
150806,13.7252534
150807,0.9960921
150808,4.045424125
150809,-2.2370173333333336
150810,14.4542249
150811,11.9782545
150812,15.083513125
150901,-2.1882723
150902,1.3798221
150903,-0.634293875
150904,2.6145324333333333
150905,3.23681675
150906,0.7475419583333333
151001,0.151215675
151002,-0.8377025666666666
151003,2.207416
151004,-1.5140837083333334
151005,0.6524661833333333
151006,1.5567134166666667
151007,-0.3657046666666667
151008,5.238014466666667
151009,6.524217999999999
151010,4.055759325
151011,-0.15771364166666665
151012,-0.9031980666666667
151013,4.184482533333333
151014,-0.8011112583333334
151015,3.589866316666667
151016,-1.833494325
151017,-1.5437932
151018,-1.6251118416666666
151019,-1.6205146833333333
151020,-1.0329552333333334
151021,-1.9533383999999998
151022,5.257483891666666
151023,3.5834078083333334
151024,0.32957777499999996
151025,5.991583608333333
151026,-1.3291836083333333
151027,1.7200742083333334
151028,-2.2409296416666664
151029,4.310072283333334
151030,-0.7398326249999999
151031,-0.6688234666666666
151032,1.7393408000000001
151033,-1.0939882666666667
160101,21.776375933333334
160102,21.744333516666668
160103,21.795745575
160104,21.710113183333334
160105,21.79592555
160106,21.86935104166667
160107,21.793388858333334
160108,21.724748441666666
160110,21.67979555
160112,21.80636859166667
160113,21.884473575
160201,22.211673
160202,20.82630844166667
160205,22.520085899999998
160206,22.520385558333334
160210,22.217222491666668
160211,22.000010008333334
160301,22.025877058333332
160302,22.190889849999998
160303,21.653554141666667
160304,21.700351283333333
160305,22.133378541666666
160401,22.046982833333335
160402,21.862862533333335
160403,21.645202208333334
160404,21.878357816666668
160501,21.848576466666668
160502,21.137591366666665
160503,21.98908555
160504,21.772166716666668
160505,21.744280683333333
160506,22.114699808333334
160507,21.737983825
160508,21.307200641666665
160509,21.653749758333333
160510,21.7961896
160511,21.335121116666667
160601,20.88121065
160602,21.51778395
160603,21.451905158333332
160604,20.058422883333332
160605,21.767460758333332
160606,21.42810615
160701,20.98302736666667
160702,21.621322275
160703,21.388799008333333
160704,22.036592183333333
160705,22.61319565
160706,21.908154908333334
160801,22.072250841666666
160802,21.959319183333335
160803,21.75847303333333
160804,22.127432691666666
170101,20.211110525
170102,21.060139425
170103,20.274181816666665
170104,20.80870395
170201,18.056626883333333
170202,19.689835266666666
170203,20.3639047
170204,20.29788185
170301,19.512898116666666
170302,19.639714533333333
170303,19.915012058333332
180101,11.730000266666666
180102,-1.7858616416666666
180103,2.3801830833333333
180104,10.261937583333333
180105,0.07449594166666663
180106,2.6243660833333333
180201,4.343907308333334
180202,-1.6279255416666667
180203,0.5522584666666667
180204,-1.5976009
180205,9.818907791666668
180206,-2.0998060583333333
180207,1.606564775
180208,3.3442670833333334
180209,6.268447741666667
180210,-1.8175227916666665
180211,-1.28823895
180301,14.3676111
180302,13.247494991666667
180303,14.30123035
190101,-0.8495359833333334
190102,2.9600544166666665
190103,2.2318566916666667
190104,-2.05113875
190105,-0.15757272499999997
190106,2.156506875
190107,3.6349645583333334
190108,0.9897375166666667
190109,-1.331092075
190110,0.325496
190111,-0.6535006833333333
190112,-0.0010264999999999695
190113,0.18724160833333334
190201,-1.1207926
190202,1.5012798416666666
190203,0.3561364166666667
190204,3.6916200249999997
190205,-0.15391720833333333
190206,0.851932225
190207,2.948394425
190208,0.36688618333333334
190301,11.193785558333333
190302,9.852740033333333
190303,8.380727016666667
190304,18.07107609166667
190305,13.343769883333334
190306,17.696208191666667
190307,14.5322303
190308,19.777626275
200101,18.153384433333333
200104,18.086049025
200105,17.8680877
200107,17.896406266666666
200108,17.862699258333333
200109,17.762963233333334
200110,17.568771208333334
200111,18.185558258333334
200114,18.506331891666665
200115,18.013659616666665
200201,12.308135641666667
200202,12.725684316666667
200203,15.908689275
200204,11.887094016666667
200205,14.816218016666667
200206,10.945280366666667
200207,16.821174058333334
200208,13.614185066666666
200209,14.557779441666666
200210,18.43950965
200301,8.31963175
200302,13.316143083333333
200303,8.108565041666667
200304,12.928463425
200305,13.424601191666667
200306,13.26949385
200307,10.047760591666666
200308,10.111994591666667
200401,18.275284225
200402,18.154308675
200403,11.835093925
200404,18.243972475
200405,18.446272658333335
200406,17.42649175
200407,17.6706581
200408,15.862087441666667
200409,14.190396083333333
200410,14.133581958333334
200501,17.531084166666666
200502,18.240665183333334
200503,18.182914941666667
200504,17.968874316666668
200505,17.945048308333334
200506,18.349204775
200507,18.277792241666667
200601,18.529674483333334
200602,18.391666666666666
200603,18.375750083333333
200604,18.479160458333332
200605,17.869201099999998
200606,18.087310783333333
200607,18.7967991
200608,18.531844816666666
200701,17.934686525
200702,18.368986183333334
200703,18.035033124999998
200704,18.398082325
200705,18.777685383333335
200706,19.1746126
200801,17.661787825
200802,17.699999991666665
200803,17.710697075
200804,17.866626691666667
200805,17.683646041666666
200806,17.715989708333332
210101,2.3832713583333334
210102,1.7225700166666666
210103,5.420316916666667
210104,3.553397233333333
210105,5.01638345
210106,3.93086845
210107,4.5575673
210108,4.48524965
210109,-0.570803525
210110,3.8769178916666664
210111,-0.12889150000000005
210112,4.147030325
210113,-2.0473551833333334
210114,0.09373242500000004
210115,2.3694352333333333
210201,0.6739676666666666
210202,2.6183474916666665
210203,1.4595491416666666
210204,-0.3827864666666666
210205,3.4253510583333333
210206,2.3619646249999997
210207,0.6330032583333333
210208,-0.7557191333333334
210209,-1.2450683833333334
210210,3.5743871333333335
210211,-1.935003675
210212,-0.8186077666666667
210213,1.7509529916666666
210214,1.2549718166666666
210215,-0.33252659999999995
210301,-3.3147701416666666
210302,-2.8829756833333335
210303,13.150188266666667
210304,13.27471625
210305,-4.187483358333333
210306,-1.6677901666666668
210307,3.228007875
210308,0.08146522499999993
210309,13.246184858333333
210310,-0.9458114666666666
210401,3.345483775
210402,3.2793653916666665
210403,1.904440025
210404,2.9198148833333333
210405,0.13594398333333335
210406,3.447386875
210407,3.5201392833333336
210501,3.6818282583333333
210502,-1.4361271
210503,5.554497225
210504,-1.1651099
210505,1.6452660833333332
210601,3.485911241666667
210602,0.43318488333333327
210603,2.80766615
210604,1.7175276916666666
210605,3.809378375
210606,3.091396158333333
210607,4.005665216666666
210608,3.145281875
210701,0.4683985666666667
210702,0.5300585333333333
210703,1.92668565
210704,1.732678775
210705,-3.9949129333333335
210706,-3.0359038833333334
210707,-3.855639441666667
210708,-0.4580792833333333
210709,-2.8355595
210710,-3.3763250833333336
210801,-1.8093291083333334
210802,-2.5768578583333333
210803,-2.506658475
210804,-2.47844665
210805,-2.692351508333333
210806,-3.2508473749999998
210807,-1.156230125
210808,-2.9247859000000003
210809,-1.7282828583333334
210901,3.84695685
210902,3.8152967666666666
210903,2.30081325
210904,4.527007716666667
211001,-0.24372305833333327
211002,-1.9572359916666666
211003,1.4874837
211004,0.3122708249999999
211005,2.5146562583333334
211101,2.8152695833333334
211102,2.788560275
211103,-1.1988048
211104,3.8720292583333333
211105,3.445753191666667
211201,6.600034516666667
211202,-0.4579155666666666
211203,13.941219316666666
211204,1.9119672666666667
211205,7.7951954416666664
211206,2.7073780916666665
211207,14.27701105
211208,12.042887633333333
211209,13.651392733333333
211210,19.261775858333333
211301,3.703455283333333
211302,3.6116522333333334
211303,2.9088646333333337
211304,3.6719942916666666
211305,4.128371983333333
211306,3.4559322
211307,4.12388075
220101,17.993219866666667
220102,19.550675116666667
220103,19.506410791666667
220104,17.59199879166667
220105,16.1254636
220106,19.618352774999998
220201,20.520755883333333
220202,18.031198716666665
220203,20.015490858333333
220204,20.373224191666665
220205,20.416417383333332
220206,21.238414791666667
220301,19.300928141666667
220302,19.8606413
220303,16.835806766666668
220304,19.7182479
220305,19.310581841666668
220401,18.65309613333333
220402,16.00001145
220403,20.243969216666667
220404,19.556714066666668
220405,20.1453431
220406,20.752689116666666
220501,19.569652658333332
220502,17.401505766666666
220503,21.091259083333334
220504,20.706430575
220505,19.57030915
220506,18.023246866666668
220507,19.934771391666665
220508,18.538230691666666
220509,20.090678475
220510,18.709709008333334
220511,19.241425341666666
220601,20.137982416666667
220602,17.46237925
220603,10.586488458333333
220604,17.412029558333334
220605,20.5598405
220701,20.822899141666667
220702,19.995923133333335
220703,20.638776258333333
220704,20.255202158333333
220705,20.530599908333333
220706,20.929880716666666
220707,20.885335133333335
220708,19.000417791666667
220709,20.284829983333335
220710,18.752849416666667
220801,18.510192083333333
220802,15.300155933333333
220803,16.353934575
220804,15.741597666666667
220805,13.035068541666666
220806,19.4491641
220807,19.277287049999998
220808,17.96901655
220809,19.385375225
220901,20.138755791666668
220902,19.81483635
220903,20.236679741666666
220904,19.726518275
220905,21.5586852
220906,21.679334366666666
220907,20.538154066666667
220908,20.43851241666667
220909,19.309099225
220910,20.476744991666667
220911,21.738171225
220912,19.065719966666666
220913,19.058481775
220914,19.456829075
221001,17.908991741666668
221002,18.367976875
221003,15.568408258333333
221004,7.398977825
221005,18.017598200000002
230101,11.361541916666667
230102,12.053197583333333
230103,12.649771941666666
230104,11.568846041666667
230105,11.738616708333334
230106,6.887722233333333
230107,-1.5525096166666668
230108,11.020115525
230109,14.731378183333334
230110,13.850427308333334
230111,15.694305175
230201,-2.2670323833333335
230202,0.8300962666666667
230203,-1.0815577583333333
230204,6.119101316666667
230205,3.1688239416666666
230206,5.080896291666667
230301,13.6656783
230302,9.076361316666667
230303,14.157623591666667
230401,-1.8214737166666668
230402,7.099362891666667
230403,2.6616888833333334
230404,5.110687025
230405,4.937999041666666
230406,-2.066373583333333
230407,-0.4597343333333333
230408,-1.9600531916666668
240101,21.6198503
240102,21.4157923
240103,20.959942875
240104,19.458154041666667
240105,19.545437991666667
240106,21.436968441666668
240201,20.6429143
240202,18.744762658333332
240203,19.722344283333335
240301,21.867969483333333
240302,21.952864583333334
240303,20.110800541666666
240304,21.740282025
250101,20.887465191666667
250102,21.520595775
250103,21.008967183333333
250104,21.03054016666667
250105,21.35259514166667
250106,21.432323691666667
250107,21.2912008
250201,19.598034766666668
250202,20.071645333333333
250203,20.677765100000002
250204,20.338092075
250301,19.651108275000002
250302,21.459479525
250303,21.468636183333334
250304,21.673433175
250305,21.64020285
250401,19.731118091666666
