ubigeo,tmmx
010101,22.180854825
010102,19.873028591666667
010103,23.18853675
010104,21.361059025
010105,20.637846116666665
010106,21.505828308333335
010107,17.689016991666666
010108,23.179895616666666
010109,20.288974683333333
010110,18.642406716666667
010111,20.907545483333333
010112,20.987731883333332
010113,20.180438908333333
010114,20.487801941666667
010115,20.548315091666666
010116,18.538633616666665
010117,19.044310958333334
010118,22.413107433333334
010119,20.36117631666667
010120,20.102644058333333
010121,22.024737841666667
010201,29.01659185
010202,26.234327
010203,25.953355641666665
010204,28.824308833333333
010205,28.4260484
010206,26.995906975
010301,20.691088966666666
010302,19.817095525
010303,22.73946145
010304,21.735819783333334
010305,22.539017783333335
010306,21.691766966666666
010307,24.00348155
010308,21.219053391666666
010309,20.686704566666666
010310,23.090651483333332
010311,22.693188575
010312,24.37054223333333
010401,30.192388575
010402,28.768791008333334
010403,30.204935
010501,22.071886
010502,25.060240825
010503,23.395474808333333
010504,20.461282575
010505,21.300444666666667
010506,20.836000533333333
010507,18.699724025000002
010508,21.228608816666668
010509,21.55801935
010510,21.58984106666667
010511,19.420849258333334
010512,23.545133483333334
010513,23.747236683333334
010514,22.70456405
010515,25.408507675
010516,22.200102941666668
010517,20.679428016666666
010518,22.84899845
010519,21.507736
010520,22.415641808333334
010521,20.522050508333333
010522,21.496493100000002
010523,21.058531016666667
010601,23.386882133333334
010602,24.413608658333334
010603,21.991655933333334
010604,24.896400733333333
010605,23.013177808333335
010606,22.968282775
010607,21.9575435
010608,25.220836891666668
010609,23.349345608333334
010610,24.795031716666667
010611,24.659762966666666
010612,22.148174791666666
010701,26.299174825
010702,23.852246383333334
010703,26.160723975
010704,28.675207325
010705,24.7237587
010706,24.714747058333334
010707,25.633454808333333
020101,14.216983116666666
020102,20.442638783333333
020103,23.60727385
020104,20.069345841666667
020105,14.267920541666667
020106,16.918088466666667
020107,14.893964175
020108,12.905689716666666
020109,23.68751028333333
020110,18.496055458333334
020111,15.22982505
020112,14.02625495
020201,13.567131308333334
020202,21.052465216666665
020203,17.4720935
020204,14.033314508333333
020205,15.9217277
020301,21.803211283333333
020302,22.180725991666666
020303,22.455851816666666
020304,20.319487041666665
020305,16.149374616666666
020306,16.496669625
020401,13.253244133333332
020402,16.930714758333334
020501,15.570045966666667
020502,23.444471316666668
020503,22.978173899999998
020504,11.471420983333333
020505,14.032650583333334
020506,18.109871300000002
020507,24.04096450833333
020508,12.997113933333333
020509,13.229022958333333
020510,14.988716083333333
020511,18.420588525
020512,17.311845425
020513,13.398719108333333
020514,15.346451091666667
020515,14.914151258333334
020601,17.384600541666668
020602,22.635283991666668
020603,22.069897108333333
020604,18.533275241666665
020605,18.378402658333332
020606,15.200655366666666
020607,22.210193275
020608,12.575435725
020609,12.527920608333334
020610,23.79928311666667
020611,16.864762758333335
020701,17.962748741666665
020702,20.48598965
020703,19.0381369
020801,25.967643458333335
020802,25.983271583333334
020803,25.588295825
020804,25.513565325
020901,19.680072783333333
020902,17.92982183333333
020903,23.25462605
020904,16.192097033333333
020905,23.539431141666668
020906,19.199146683333332
020907,24.232320533333333
021001,14.694334766666667
021002,17.529499183333332
021003,16.067112275
021004,12.78596235
021005,17.477541191666667
021006,19.108283075
021007,17.694219458333333
021008,14.462436333333333
021009,19.315624716666665
021010,19.376387191666666
021011,18.592402891666666
021012,22.768941333333334
021013,17.230714516666666
021014,13.45969465
021015,15.477309625
021016,21.304927541666668
021101,24.762391175
021102,21.947990508333334
021103,25.522654183333334
021104,22.783017366666666
021105,18.611946441666667
021201,17.658045208333334
021202,24.088794975
021203,19.30420255
021204,20.668931916666665
021205,18.9841322
021206,18.152071291666665
021207,19.737146425
021208,14.417848066666666
021209,17.307644191666668
021210,15.550224075
021301,20.335032116666667
021302,18.960795825
021303,22.171694775
021304,21.002224475
021305,21.792851758333335
021306,18.661326041666666
021307,17.400354274999998
021308,21.287133866666668
021401,14.478949716666667
021402,20.597956058333335
021403,13.555866458333334
021404,21.003481225
021405,24.096947916666668
021406,15.707665650000001
021407,18.03863805
021408,16.833679366666665
021409,23.929190575
021410,16.39602485
021501,16.7270493
021502,24.239645625
021503,17.055179375
021504,21.576304983333333
021505,17.044647816666668
021506,18.149513725
021507,19.942469516666666
021508,22.728410225
021509,17.263723233333334
021510,25.1940436
021511,22.066406216666667
021601,16.8268288
021602,18.22232590833333
021603,21.951201391666668
021604,21.390471275
021701,14.976619075
021702,12.395480191666667
021703,13.400597275
021704,17.493869508333333
021705,21.45072031666667
021706,17.031324283333333
021707,14.235068491666667
021708,22.655901941666666
021709,14.310208416666667
021710,13.628866716666666
021801,25.970112341666667
021802,21.177083958333334
021803,25.002876999999998
021804,22.86693515
021805,26.028832033333334
021806,26.197805583333334
021807,25.650273458333334
021808,25.142712525
021809,25.988711891666668
021901,20.255766383333334
021902,22.618731425
021903,20.976469925
021904,18.686897033333334
021905,17.720184258333333
021906,19.258484041666666
021907,22.235739683333335
021908,16.376341541666665
021909,18.484730083333332
021910,21.341571424999998
022001,15.573699925
022002,15.359091725
022003,20.102650875000002
022004,22.673815616666666
022005,19.558270858333334
022006,22.805553408333335
022007,15.043933641666667
022008,15.223920866666667
030101,21.267685991666667
030102,17.17450665
030103,17.618601241666667
030104,19.974305116666667
030105,23.3391011
030106,18.588412066666667
030107,20.893829258333334
030108,23.10357495
030109,18.422531058333334
030201,18.413546491666665
030202,25.159171875
030203,18.120572258333333
030204,21.889684191666667
030205,19.113649158333335
030206,18.299409025
030207,18.756424908333333
030208,24.826644775
030209,21.13719995
030210,16.194208008333334
030211,16.786686566666667
030212,20.948441916666667
030213,17.00951505
030214,19.921253883333332
030215,18.560015391666667
030216,21.341371216666666
030217,16.013846191666666
030218,18.285311783333334
030219,24.999071100000002
030220,16.213860608333334
030301,13.806722975
030302,15.932204441666666
030303,15.009228783333333
030304,13.630327416666667
030305,13.672313566666666
030306,16.540170058333334
030307,16.62102103333333
030401,17.207379058333334
030402,17.793296525
030403,15.073997233333333
030404,19.976084333333333
030405,19.82330435833333
030406,14.224676833333334
030407,20.701576125
030408,20.034144358333332
030409,17.730456383333333
030410,18.571283933333333
030411,17.410439391666667
030412,16.031205925000002
030413,19.851910525
030414,18.723362575
030415,21.280574483333332
030416,18.046647308333334
030417,17.995178383333332
030501,17.8642011
030502,19.794166475
030503,17.418152058333334
030504,16.9454678
030505,19.086051625
030506,16.441194091666667
030601,21.859156041666665
030602,17.983854975
030603,23.107129916666665
030604,24.240884266666665
030605,21.791890591666665
030606,22.13144438333333
030607,20.98844825
030608,17.808985391666667
030609,20.40161175
030610,24.727653683333333
030611,23.876902366666666
030701,15.769633691666666
030702,16.357884666666667
030703,18.543075583333334
030704,19.491703891666667
030705,17.024612341666668
030706,17.160091408333333
030707,15.129653508333334
030708,16.056523016666667
030709,18.700442608333333
030710,20.053575466666665
030711,17.635918
030712,20.7609673
030713,14.220584533333334
030714,17.697221466666665
040101,24.714286775
040102,21.068252925
040103,17.33384433333333
040104,20.542288941666666
040105,19.997044183333333
040106,17.928902666666666
040107,24.749730616666668
040108,26.961037666666666
040109,21.901374558333334
040110,21.846061716666668
040111,23.699683408333332
040112,23.645308375
040113,18.748952008333333
040114,21.261037291666668
040115,22.875335825
040116,23.044285608333333
040117,25.03254015
040118,26.834849791666667
040119,14.254465741666667
040120,26.462212758333333
040121,26.60377285
040122,24.592311625
040123,24.607720591666666
040124,25.634864641666667
040125,26.574402466666665
040126,24.738790166666668
040127,23.337161875
040128,18.974016925
040129,24.706026666666666
040201,23.894836008333332
040202,24.086388308333333
040203,24.629066366666667
040204,24.672453975
040205,25.0198964
040206,24.524782416666667
040207,24.679106733333334
040208,24.35555820833333
040301,23.849017733333334
040302,24.908845408333335
040303,24.063293825
040304,23.992898791666665
040305,25.174476658333333
040306,19.256838333333334
040307,24.857680600000002
040308,23.422281299999998
040309,21.8834414
040310,24.75233005833333
040311,24.718042825
040312,19.742103383333333
040313,24.548975275
040401,26.076825316666667
040402,15.680717616666668
040403,20.185549575
040404,12.709109483333334
040405,16.51186915
040406,14.630196633333334
040407,25.106153791666667
040408,15.279764008333334
040409,13.52229
040410,16.165973116666667
040411,24.308645183333333
040412,21.427653175
040413,26.20142531666667
040414,14.502302625
040501,14.125576474999999
040502,14.643491008333333
040503,16.061743758333332
040504,14.381084825
040505,13.453978733333333
040506,16.178103483333334
040507,19.24360605
040508,18.106970191666665
040509,15.1240375
040510,12.736224383333333
040511,18.25373989166667
040512,13.282882625
040513,14.504220083333333
040514,13.853498
040515,14.722124991666666
040516,13.539458541666667
040517,14.891593316666667
040518,13.845773425
040519,14.059937925
040520,26.110983866666665
040601,22.329300033333332
040602,20.735581908333334
040603,13.306728041666666
040604,19.518028458333333
040605,23.348649425
040606,25.304776933333333
040607,12.498247016666667
040608,22.704270233333332
040701,25.92436905
040702,25.991806991666667
040703,24.102074383333335
040704,24.948543008333335
040705,24.547776216666666
040706,25.056944125
040801,15.474787491666667
040802,14.115606183333334
040803,16.188039233333335
040804,12.835038616666667
040805,13.391806891666667
040806,12.160044075
040807,20.3367075
040808,20.546477091666667
040809,20.834803358333332
040810,14.960047475
040811,19.126877408333332
050101,24.272277008333333
050102,18.370802366666666
050103,20.4657801
050104,22.504734083333332
050105,17.734516391666666
050106,21.799898483333333
050107,25.328148408333334
050108,21.782427491666667
050109,21.850077191666667
050110,23.3297467
050111,22.83424245
050112,18.163746941666666
050113,23.534936875
050114,16.329144616666667
050115,25.201523416666667
050116,25.210070075
050201,20.878218283333332
050202,15.394063091666666
050203,18.518725958333334
050204,18.464829808333334
050205,13.245582083333334
050206,16.340897525
050301,14.079250458333334
050302,17.196723891666668
050303,15.106836725
050304,13.953685316666666
050401,19.74993615
050402,20.851029683333334
050403,19.878662125
050404,22.53943651666667
050405,22.7694838
050406,19.50765236666667
050407,24.543315775
050408,26.440782766666665
050409,29.178137466666666
050410,18.266244941666667
050411,22.590161083333335
050412,17.712741566666665
050501,20.524528150000002
050502,23.994337625
050503,25.1255764
050504,24.021244858333333
050505,22.986583666666668
050506,22.000925641666665
050507,26.069380933333335
050508,17.988900875
050509,24.33802705833333
050510,23.49900789166667
050511,24.566951383333333
050601,15.345657608333333
050602,15.540584358333334
050603,14.720643158333333
050604,14.521421641666667
050605,18.32344051666667
050606,13.870627425
050607,21.685907033333333
050608,16.9321894
050609,18.802071916666666
050610,19.647366891666667
050611,15.163258516666668
050612,21.235176383333332
050613,19.717708725
050614,21.088957575000002
050615,18.543505616666668
050616,18.841461566666666
050617,21.229032325
050618,14.714642791666666
050619,21.614538316666668
050620,18.418029708333332
050621,21.476943616666667
050701,14.2912633
050702,17.9629187
050703,13.642773833333333
050704,16.122467775
050705,20.376116783333334
050706,17.614781766666667
050707,16.227133416666668
050708,15.634714375
050801,20.109075233333332
050802,16.559179091666667
050803,18.845683766666667
050804,16.813314141666666
050805,16.376640358333333
050806,12.950685991666667
050807,17.313603875
050808,16.540004291666666
050809,17.24762285
050810,17.109793425
050901,18.628007125
050902,23.99926745
050903,21.67262325
050904,21.787990491666665
050905,15.990699791666668
050906,17.019584041666665
050907,19.275255466666668
050908,16.4724746
050909,18.325224308333333
050910,18.076106166666666
050911,15.8434089
051001,16.269435683333334
051002,19.469466691666668
051003,16.011965366666665
051004,18.835395675
051005,17.000160375
051006,20.333494325
051007,22.136150725
051008,17.322296808333334
051009,15.971744083333334
051010,17.853379741666668
051011,15.820293883333333
051012,14.601536841666666
051101,20.017571091666667
051102,21.30770425
051103,22.040037566666665
051104,21.071999225
051105,19.742872958333333
051106,21.796655075
051107,22.921641925
051108,18.655235525000002
060101,19.454096841666665
060102,22.047558133333332
060103,20.185756741666665
060104,22.445261225
060105,18.009706066666666
060106,20.704681125
060107,22.707267166666668
060108,20.364831891666668
060109,23.434574525
060110,23.191489725
060111,20.704381883333333
060112,22.094920783333333
060201,20.625261625
060202,21.167008258333333
060203,23.961476833333332
060204,23.204262125
060301,24.317340108333333
060302,24.044136966666667
060303,23.015900041666665
060304,19.3910929
060305,24.478708466666667
060306,21.3417755
060307,20.511948691666667
060308,21.908021716666667
060309,18.427501624999998
060310,19.381113966666668
060311,25.09068825
060312,20.91849995
060401,20.872823333333333
060402,23.047562583333335
060403,22.358610283333334
060404,21.276725025
060405,25.117094041666668
060406,24.451196058333334
060407,23.350508075
060408,21.017240675
060409,23.303688091666665
060410,21.9534839
060411,25.0658352
060412,22.360693633333334
060413,20.729754175
060414,26.416261241666668
060415,21.479331708333333
060416,24.403723625
060417,21.791039758333334
060418,26.403884891666667
060419,20.805542375
060501,22.864723641666668
060502,25.842423466666666
060503,24.573262033333332
060504,21.74742284166667
060505,26.335430608333333
060506,23.116399591666667
060507,24.12476493333333
060508,26.956600691666665
060601,22.177229216666667
060602,24.563583375
060603,26.894887308333335
060604,26.879952466666666
060605,24.3896537
060606,24.607104533333334
060607,23.100459483333335
060608,21.714079758333334
060609,24.966123775
060610,23.870284241666667
060611,25.04600015
060612,22.56064485
060613,24.697439541666668
060614,22.086765358333334
060615,26.992802283333333
060701,20.290986883333332
060702,19.211817558333333
060703,18.170699758333335
060801,24.997026175000002
060802,28.446098641666666
060803,21.439314658333334
060804,24.319726666666668
060805,24.449381241666668
060806,25.823458441666666
060807,23.367020575
060808,24.766548158333332
060809,22.119119808333334
060810,23.363086908333333
060811,24.341277908333332
060812,27.11025125833333
060901,27.124701775
060902,27.135530266666667
060903,26.221282558333332
060904,25.7874402
060905,23.605333875
060906,25.528618383333335
060907,22.35947475
061001,22.682973475
061002,23.611332708333332
061003,24.966093066666666
061004,19.491006316666667
061005,23.942205116666667
061006,22.725712375
061007,22.69092008333333
061101,23.5942908
061102,25.07002885
061103,19.783456833333332
061104,18.442862883333333
061105,21.883849116666667
061106,25.868428683333335
061107,18.5168358
061108,27.527315933333334
061109,23.322356608333333
061110,26.501739925
061111,19.636427191666666
061112,20.115961391666666
061113,24.856398641666665
061201,22.428171491666667
061202,25.316068066666666
061203,26.205481583333334
061204,19.173354608333334
061301,24.8078651
061302,23.372638116666668
061303,23.524039883333334
061304,24.372947133333334
061305,24.137386158333335
061306,21.59837
061307,21.901849966666667
061308,24.06732231666667
061309,24.826762600000002
061310,23.218013633333335
061311,22.795910974999998
070101,23.053733433333335
070102,23.071759258333334
070103,23.141931716666665
070104,23.095712425000002
070105,22.816666666666666
070106,23.155405583333334
070107,23.4263793
080101,18.191868141666667
080102,17.6577447
080103,18.491801133333333
080104,18.695438466666666
080105,19.370230416666665
080106,18.527680191666665
080107,19.148792441666668
080108,20.024901975
080201,17.5177252
080202,18.16505435
080203,18.879674566666665
080204,18.26459225
080205,17.416544666666667
080206,18.423264125
080207,17.258466608333332
080301,19.475375591666666
080302,18.143112425
080303,19.035833116666666
080304,20.1894426
080305,17.084468516666668
080306,19.794093216666667
080307,20.8487202
080308,19.487071208333333
080309,19.646565208333335
080401,16.808748366666666
080402,18.542535408333332
080403,17.379262633333333
080404,17.299645183333332
080405,17.710760808333333
080406,18.377333016666668
080407,18.388252441666666
080408,22.929455841666666
080501,17.273333524999998
080502,16.9201674
080503,17.03477945
080504,16.840511208333332
080505,15.79097185
080506,18.307917183333334
080507,17.117646825
080508,18.077449875
080601,16.372595216666667
080602,13.762523266666667
080603,16.510344316666668
080604,15.276460508333333
080605,13.006916266666668
080606,15.099906891666667
080607,18.401897741666666
080608,18.712181425
080701,14.59300655
080702,17.867101783333332
080703,17.519566391666668
080704,18.306546491666666
080705,16.945318091666667
080706,16.0882893
080707,17.256164666666667
080708,16.187855758333335
080801,16.998462158333332
080802,13.135100699999999
080803,16.019851666666668
080804,16.076249366666666
080805,16.967783566666668
080806,17.812749775
080807,14.989963316666667
080808,17.242729991666668
080901,27.102668325
080902,28.012428608333334
080903,22.7013671
080904,27.665034966666667
080905,22.787638841666666
080906,27.8072363
080907,26.8370322
080908,19.419804966666668
080909,22.299990275
080910,27.781721216666668
080911,23.281875433333333
080912,25.33340915
080913,29.203054283333334
080914,31.443787241666666
081001,18.776111883333332
081002,18.688639508333335
081003,19.905499875
081004,19.937027358333335
081005,19.63298221666667
081006,17.392470241666665
081007,20.652415949999998
081008,19.042442958333332
081009,18.534335133333332
081101,19.480863041666666
081102,17.91211715
081103,18.811696491666666
081104,17.870722283333333
081105,17.905723466666664
081106,25.236816866666665
081201,18.570950391666667
081202,19.151146516666667
081203,24.960660458333333
081204,15.641759408333334
081205,17.5981014
081206,15.728553791666666
081207,16.683039891666667
081208,18.517859875
081209,15.4741874
081210,14.589030975
081211,18.9096157
081212,17.121859008333335
081301,17.485244983333335
081302,18.282550575
081303,20.03757395
081304,20.558903691666668
081305,20.778651708333335
081306,17.200368641666667
081307,19.245790666666668
090101,12.918161033333334
090102,12.431495133333334
090103,17.336361716666666
090104,16.316931641666667
090105,16.816698225
090106,11.906060508333333
090107,17.12758065
090108,18.985550583333332
090109,14.511671083333333
090110,14.513588616666667
090111,19.8776974
090112,16.138687741666665
090113,12.728337
090114,15.251754108333333
090115,17.681385258333332
090116,14.558752366666667
090117,15.714298033333334
090118,11.835749775
090119,15.672463275
090201,20.398979816666667
090202,19.912216866666668
090203,18.427344941666668
090204,21.38775903333333
090205,23.79466665
090206,16.198397075
090207,21.000682491666666
090208,18.838257016666667
090301,13.955000525
090302,17.831693241666667
090303,19.42034165
090304,15.124242883333334
090305,24.800053583333334
090306,18.449153858333332
090307,16.653163966666668
090308,17.630102308333335
090309,21.845356108333334
090310,20.877383299999998
090311,16.622768633333333
090312,15.546483475
090401,12.061282941666667
090402,14.29212345
090403,12.097717425
090404,19.714770908333335
090405,12.237683716666666
090406,15.498304516666666
090407,14.75436705
090408,16.407463608333334
090409,16.701974308333334
090410,20.909135066666668
090411,10.7408539
090412,17.371408
090413,18.702610466666666
090501,21.402886558333332
090502,19.19836275833333
090503,20.770932316666666
090504,19.7783823
090505,24.494631599999998
090506,19.542581758333334
090507,17.895568833333332
090508,24.408298325
090509,21.172083041666667
090510,20.688714666666666
090511,19.237969416666665
090601,18.346679141666666
090602,18.688393291666667
090603,17.680372375
090604,17.2771786
090605,15.746945233333333
090606,20.341376266666668
090607,12.500356833333333
090608,14.744003791666666
090609,18.468360808333333
090610,13.839805641666667
090611,18.507657466666664
090612,17.9438285
090613,17.555189025
090614,16.711014675
090615,14.586204216666667
090616,13.364042183333334
090701,18.841254783333333
090702,17.769542108333333
090703,17.19779415
090704,18.328147875
090705,21.249983175
090706,20.184407791666665
090707,25.112968516666665
090709,19.756109583333334
090710,17.196385875
090711,17.115206966666666
090713,23.986341633333332
090714,20.919567383333334
090715,23.72190344166667
090716,17.63007581666667
090717,23.085561975
090718,22.974890533333333
090719,18.683155025
090720,22.007430041666666
090721,21.884450591666667
090722,17.75082345
090723,19.520214791666668
100101,24.516352575
100102,23.638165583333333
100103,25.475708258333334
100104,19.934691566666668
100105,15.510755233333333
100106,19.371742258333335
100107,21.170676558333334
100108,15.978497325000001
100109,20.231115616666667
100110,19.04902915
100111,23.0661667
100112,16.068790341666666
100113,25.941423066666665
100201,19.694322383333333
100202,17.199595191666667
100203,15.847672866666667
100204,21.41678445
100205,21.160684558333333
100206,18.24570578333333
100207,16.828681775
100208,22.228494866666665
100301,15.9138765
100307,15.26501495
100311,17.670551641666666
100313,15.962626875
100316,16.365836116666667
100317,16.717337758333333
100321,17.887280558333334
100322,17.087121983333333
100323,18.764674475
100401,19.30996216666667
100402,19.564082716666668
100403,24.10317931666667
100404,18.83392308333333
100501,14.883046775
100502,20.463671591666667
100503,18.651282775
100504,15.325150766666667
100505,22.116022091666668
100506,15.774420408333334
100507,25.731209033333332
100508,17.331963316666666
100509,15.411929791666667
100510,16.188618325
100511,16.24203453333333
100601,31.276394391666667
100602,30.004460516666665
100603,30.892475825000002
100604,30.058808491666667
100605,31.671777666666667
100606,29.982906808333333
100607,30.164804183333334
100608,31.549081083333334
100609,31.102969533333333
100610,30.734709575
100701,19.588543058333332
100702,23.564251416666668
100703,19.300564025
100704,29.78465101666667
100705,26.003176366666665
100801,19.785623091666665
100802,26.799548233333333
100803,19.065334816666667
100804,24.159720666666665
100901,32.701039875
100902,31.34448665
100903,32.840111058333335
100904,33.00058011666667
100905,32.69285408333334
101001,13.015667558333334
101002,13.432910858333333
101003,16.229612041666666
101004,11.639852475
101005,15.524882308333334
101006,16.251945658333334
101007,13.08268315
101101,15.467751016666666
101102,16.775213266666665
101103,16.628733933333333
101104,15.463230791666666
101105,15.958315866666666
101106,16.444726725
101107,16.535090358333335
101108,16.439826325
110101,24.837144391666666
110102,25.681048366666666
110103,25.6385875
110104,24.905933691666668
110105,25.736509825
110106,25.754453675
110107,25.695400366666668
110108,25.408815516666667
110109,24.807734475
110110,25.69186175
110111,25.584782991666668
110112,25.169857825
110113,25.585074633333335
110114,23.935861066666668
110201,24.883243366666665
110202,24.959068416666668
110203,19.7406373
110204,25.093834233333332
110205,24.321472825
110206,25.022242158333334
110207,24.590142391666667
110208,19.43273655
110209,14.329658041666667
110210,25.086052916666667
110211,24.952495508333335
110301,26.793058983333335
110302,26.10536975
110303,26.726890208333334
110304,25.472724783333334
110305,26.696808691666668
110401,26.851206375
110402,27.010347125
110403,26.179762841666665
110404,26.503443025
110405,22.914243058333334
110501,24.892556141666667
110502,22.341285441666667
110503,24.7307275
110504,25.375843175
110505,24.30723445
110506,25.252453116666665
110507,25.209843508333332
110508,25.292686675
120101,15.9429397
120104,18.08175825
120105,16.004924308333333
120106,16.82986395
120107,18.472737233333334
120108,13.160349508333333
120111,17.391459841666666
120112,17.624165975
120113,17.704774658333335
120114,16.7883142
120116,18.976182708333333
120117,19.117292316666667
120119,19.670345466666667
120120,16.989303116666665
120121,19.864679775
120122,17.187956758333332
120124,18.953172016666667
120125,19.821556183333332
120126,17.043033116666667
120127,17.254803875
120128,15.992901025
120129,19.038586858333332
120130,19.291668175
120132,18.955846658333332
120133,17.540804783333332
120134,19.621463508333335
120135,21.613260075
120136,19.743484175
120201,19.304675791666668
120202,17.658403433333334
120203,18.413523083333335
120204,17.30656325
120205,18.5242964
120206,17.095718566666665
120207,17.633125625
120208,18.376143116666668
120209,20.572875083333333
120210,19.144874308333335
120211,19.0215136
120212,19.175
120213,19.145216741666665
120214,15.6734814
120215,18.4630207
120301,24.729871941666666
120302,27.447853633333334
120303,27.9232902
120304,27.744473791666667
120305,23.376222175
120306,22.330252391666665
120401,18.575206141666666
120402,17.238095725
120403,17.139296025
120404,18.790994166666668
120405,13.926733583333332
120406,16.228931416666665
120407,18.576550958333332
120408,18.293662191666666
120409,18.21284766666667
120410,18.679215533333334
120411,16.799767958333334
120412,17.942984825
120413,18.060341566666665
120414,16.335308483333336
120415,17.7261105
120416,18.067284908333335
120417,17.529083775
120418,17.613912775
120419,20.878302508333334
120420,18.291000216666667
120421,17.938564075
120422,17.61141095
120423,16.6732985
120424,18.394392341666666
120425,17.381230733333332
120426,15.780507658333333
120427,16.335148125
120428,18.770476008333333
120429,18.258559833333333
120430,18.4977184
120431,16.864905225
120432,17.337609858333334
120433,17.358315008333335
120434,18.075445258333332
120501,13.183557975
120502,13.2575999
120503,13.195194816666667
120504,17.892397016666667
120601,29.041898558333333
120602,29.014064941666668
120603,24.904907
120604,29.938291333333332
120605,22.128974258333333
120606,26.772503658333335
120607,29.462250066666666
120608,29.092134833333333
120609,28.434864075
120701,15.737304708333333
120702,18.029927733333334
120703,16.457091083333335
120704,17.849574875000002
120705,15.079937741666667
120706,18.23814326666667
120707,15.530272116666668
120708,15.020370866666667
120709,17.116399225
120801,14.719918258333333
120802,14.812127058333333
120803,12.514226258333332
120804,11.535202316666666
120805,11.455270058333333
120806,13.532251183333333
120807,11.408725666666667
120808,13.675587008333334
120809,11.7674184
120810,11.4661039
120901,19.626166950000002
120902,17.437789541666668
120903,16.716797825
120904,18.7377115
120905,19.84977135
120906,17.956788041666666
120907,15.838249891666667
120908,19.82145635
120909,14.494208533333333
130101,24.31458015
130102,25.05893355
130103,24.802181208333334
130104,25.071821341666666
130105,24.654355158333335
130106,25.180818600000002
130107,24.3546717
130108,25.670442241666667
130109,24.96395795
130110,25.370325441666665
130111,24.1143644
130201,26.918005033333333
130202,26.23579555
130203,26.2443444
130204,25.673802466666668
130205,26.680705825
130206,26.79002825
130207,25.230499358333333
130208,26.829349791666665
130301,21.049004
130302,23.112962058333334
130303,20.50427245
130304,24.495413033333335
130305,19.110063933333333
130306,23.182920808333332
130401,27.934962408333334
130402,28.230120991666666
130403,27.833296566666668
130501,19.870233725
130502,18.358426525
130503,20.37229119166667
130504,20.788238725
130601,21.18139306666667
130602,19.395058191666667
130604,23.428384858333335
130605,22.592941258333333
130606,21.327958341666665
130608,19.53861035
130610,21.63874345
130611,21.550279158333332
130613,22.861909883333333
130614,21.20489425
130701,27.551537441666667
130702,27.984550516666665
130703,27.691792183333334
130704,27.51583275
130705,27.888346583333334
130801,18.018939533333334
130802,18.22864828333333
130803,21.622230475
130804,20.271439816666668
130805,19.068763166666667
130806,23.051709358333333
130807,21.824447758333335
130808,20.843038125
130809,22.07289445
130810,19.948769616666667
130811,23.112365283333332
130812,23.43850975
130813,21.638391875
130901,19.752420625
130902,20.0193158
130903,23.344790158333332
130904,20.54118605
130905,20.22577761666667
130906,20.524655533333334
130907,18.33075025833333
130908,24.09066740833333
131001,20.48465255
131002,21.221340916666666
131003,18.1582377
131004,19.840120391666666
131005,19.948280941666667
131006,17.272120633333333
131007,22.634317008333333
131008,18.1538595
131101,25.11418515
131102,25.404565041666665
131103,24.947373533333334
131104,22.89284235
131201,25.250035566666668
131202,25.603376408333332
131203,25.575074191666666
140101,27.245549683333333
140102,28.341768191666667
140103,27.227516108333333
140104,27.021419775
140105,27.288277983333334
140106,27.086495825
140107,27.819882158333332
140108,27.082361566666666
140109,28.20998775
140110,27.624999858333332
140111,27.525597016666666
140112,27.079119375
140113,27.286227616666668
140114,26.983538991666666
140115,27.9595574
140116,28.319840974999998
140117,27.962134025
140118,27.47895954166667
140119,28.063476141666666
140120,27.772674533333333
140201,27.739013608333334
140202,20.638610641666666
140203,21.23290778333333
140204,28.038112841666667
140205,28.087222316666665
140206,27.583938366666665
140301,27.419980225
140302,28.00862775
140303,28.077182658333335
140304,28.715252541666665
140305,27.7245463
140306,27.857874374999998
140307,28.858989941666668
140308,29.162580383333335
140309,28.343700966666667
140310,25.798932100000002
140311,27.059545183333334
140312,27.879100241666666
150101,23.69751705
150102,23.308822858333333
150103,23.972067391666666
150104,23.366666666666667
150105,23.561444933333334
150106,23.366497183333333
150107,23.688009191666666
150108,23.445108175
150109,23.841231491666665
150110,23.663704766666665
150111,24.048826
150112,23.712539866666667
150113,23.684349366666666
150114,23.980917308333332
150115,23.930115066666666
150116,23.741170158333333
150117,23.605493325
150118,23.614787025
150119,24.0006341
150120,23.184816291666667
150121,23.541025008333335
150122,23.561076858333333
150123,23.938733158333335
150124,24.226849108333333
150125,23.503374708333332
150126,24.126571516666665
150127,24.14875934166667
150128,23.877243133333334
150129,24.45753845
150130,23.85982651666667
150131,23.539417408333332
150132,23.59397704166667
150133,23.838189775
150134,24.053767233333332
150135,23.374172033333334
150136,23.108552366666668
150137,24.113386916666666
150138,24.478620416666665
150139,23.00677095
150140,23.795039958333334
150141,23.68503935
150142,23.78117505
150143,23.956965641666667
150201,23.81034905
150202,24.57331165833333
150203,24.19722270833333
150204,23.8319056
150205,23.471481866666668
150301,12.275937633333333
150302,14.41266755
150303,12.834734616666667
150304,19.610422908333334
150305,19.97786135
150401,13.748462541666667
150402,17.225940725
150403,20.315623483333333
150404,11.300573391666667
150405,14.046696508333333
150406,14.400516991666667
150407,22.266523708333334
150501,24.576349658333335
150502,24.370172866666667
150503,22.813973241666666
150504,24.382703675000002
150505,23.999567241666668
150506,23.474810650000002
150507,24.491800075
150508,23.218197433333334
150509,24.307133841666666
150510,24.02878345
150511,22.249052975
150512,24.2416152
150513,24.303491825000002
150514,24.273123658333333
150515,24.419869275
150516,23.167095608333334
150601,23.315652208333333
150602,11.983390783333334
150603,15.609018625000001
150604,23.429159041666665
150605,22.826525308333334
150606,19.199313
150607,19.69126006666667
150608,12.064657508333333
150609,17.537638458333333
150610,11.298460325
150611,20.312649141666668
150612,13.972025583333334
150701,14.294978383333333
150702,21.680894591666668
150703,17.196844291666668
150704,10.993415066666667
150705,11.021150866666666
150706,17.560457266666667
150707,14.8392351
150708,11.027102841666666
150709,12.882735833333333
150710,15.927071058333333
150711,15.34288295
150712,12.057338291666667
150713,16.976586591666667
150714,23.013566808333334
150715,15.178706033333334
150716,20.392136841666666
150717,20.41991005
150718,12.724511791666666
150719,11.899837158333334
150720,11.992959216666666
150721,13.3300591
150722,11.893398525
150723,16.83666905833333
150724,14.634350766666667
150725,14.002578691666667
150726,17.733279008333334
150727,22.375962774999998
150728,21.716915908333334
150729,12.32229705
150730,19.037579891666667
150731,21.402018716666667
150732,16.756624966666667
150801,22.787671466666666
150802,18.83096045
150803,22.920553158333334
150804,15.92992035
150805,22.90428603333333
150806,23.502222491666668
150807,14.645291125
150808,17.770276641666666
150809,11.366048708333334
150810,23.181140041666666
150811,23.239730091666665
150812,23.4575141
150901,11.453190991666666
150902,15.217347266666666
150903,13.07756385
150904,16.292692325
150905,16.971342375
150906,14.556715800000001
151001,14.370936125
151002,13.353390141666667
151003,16.438590275
151004,12.598291491666666
151005,15.226604475
151006,15.898296091666667
151007,13.857388666666667
151008,19.517272425
151009,20.89738515
151010,18.151014508333333
151011,14.130623558333333
151012,13.496053183333334
151013,18.314505741666668
151014,13.280858825000001
151015,18.291412883333333
151016,12.411728991666667
151017,12.534676066666666
151018,12.589888183333333
151019,12.752131308333333
151020,13.428852341666667
151021,12.160542008333334
151022,19.213264616666667
151023,17.98271925
151024,14.458480033333334
151025,19.907785433333334
151026,12.722866958333334
151027,15.893924441666666
151028,11.789522991666667
151029,18.416963883333334
151030,13.400254441666666
151031,13.673688508333333
151032,16.223304133333333
151033,13.018113625
160101,31.55171725
160102,31.332408983333334
160103,31.374536775
160104,31.264140575
160105,31.242366541666666
160106,31.25105675
160107,30.841378066666667
160108,31.451404566666668
160110,30.559901574999998
160112,31.430207316666667
160113,31.660456858333333
160201,32.633390033333335
160202,30.408112441666667
160205,32.130669708333336
160206,32.15701049166667
160210,32.53425970833333
160211,32.917431525
160301,32.0098051
160302,32.37925430833333
160303,31.165426525
160304,31.231528708333332
160305,31.930656958333334
160401,31.446648791666668
160402,31.248055033333333
160403,31.346019233333333
160404,31.378718491666667
160501,32.151588583333336
160502,32.03707715833333
160503,32.3358721
160504,32.58247864166667
160505,32.7829921
160506,32.69581876666667
160507,31.72155744166667
160508,31.809194833333333
160509,32.16841564166667
160510,31.981120225
160511,31.581973408333333
160601,32.99185043333333
160602,33.46051403333333
160603,33.03305271666667
160604,32.574814833333335
160605,33.148092991666665
160606,33.13638600833333
160701,30.199541225
160702,30.703301466666666
160703,30.853605533333333
160704,31.434242808333334
160705,31.960009933333332
160706,31.356930316666666
160801,30.98457405
160802,30.652926308333335
160803,30.387389366666667
160804,31.205393508333334
170101,31.212741466666667
170102,30.972356825
170103,31.26834335
170104,31.281795674999998
170201,29.845967958333333
170202,31.11669343333333
170203,30.600201108333334
170204,30.0157982
170301,31.00130576666667
170302,30.93913068333333
170303,30.994882816666667
180101,25.423426908333333
180102,14.399464891666666
180103,18.511888891666665
180104,25.044139966666666
180105,16.370238241666666
180106,18.8354135
180201,20.375528316666667
180202,14.7002752
180203,17.19046051666667
180204,14.559939933333334
180205,25.052916766666666
180206,14.35481005
180207,17.963840858333334
180208,19.682427666666666
180209,21.947812841666668
180210,14.957834533333333
180211,15.200251766666666
180301,23.55079975
180302,24.518247191666667
180303,24.212873516666665
190101,12.618624308333333
190102,17.248838475
190103,16.408245358333332
190104,11.492780583333333
190105,13.5414058
190106,16.2974238
190107,17.922178941666665
190108,14.854782058333333
190109,12.201727166666666
190110,14.173878258333334
190111,12.867778208333334
190112,13.668205975
190113,13.882020533333334
190201,12.5469
190202,15.490407266666667
190203,14.164978816666666
190204,18.135749966666666
190205,13.6723692
190206,14.743948875000001
190207,17.252824
190208,14.1636349
190301,25.567899533333332
190302,24.41172565833333
190303,23.099465066666667
190304,30.390972725
190305,27.671273966666668
190306,30.225724341666666
190307,27.953194008333334
190308,31.770158666666667
200101,30.72748874166667
200104,30.80628335
200105,30.127094008333334
200107,30.297379008333333
200108,30.050876616666667
200109,30.015097283333333
200110,29.648665774999998
200111,30.977748708333333
200114,31.183271525
200115,30.556486341666666
200201,24.861792766666667
200202,25.485739016666667
200203,28.827045408333333
200204,24.5560293
200205,27.746922425
200206,23.466842166666666
200207,29.80585475
200208,26.495858925
200209,27.465247508333334
200210,31.257264308333333
200301,20.682944325
200302,25.747600816666665
200303,20.218907091666665
200304,25.39932035
200305,25.957519083333334
200306,25.655914816666666
200307,22.47266665
200308,22.615172758333333
200401,30.88797028333333
200402,30.514603275
200403,24.512647108333333
200404,30.5282794
200405,30.917816491666667
200406,29.664820125
200407,29.959366125
200408,28.572218975
200409,26.971560375
200410,26.73575745833333
200501,29.367936525
200502,29.999090250000002
200503,29.931984800000002
200504,29.619829908333333
200505,30.038277583333333
200506,30.175967058333335
200507,29.785691766666666
200601,31.025536841666668
200602,30.758333333333333
200603,30.334134641666665
200604,30.72147115
200605,29.891150208333332
200606,30.419253225
200607,31.141866116666666
200608,30.85671758333333
200701,29.385997575
200702,29.3590559
200703,29.517472266666665
200704,29.235979841666666
200705,29.512290258333334
200706,29.838271891666665
200801,28.925587658333335
200802,29.78981855
200803,29.779718216666666
200804,29.84981176666667
200805,29.588696316666667
200806,29.678177166666668
210101,16.496991916666666
210102,15.518849433333333
210103,16.606205425
210104,18.404292958333333
210105,16.734427666666665
210106,16.641692625
210107,17.556915391666667
210108,18.10257345833333
210109,15.390770558333333
210110,18.010750983333335
210111,14.828703441666667
210112,16.848352333333334
210113,13.6098415
210114,15.426448858333334
210115,17.696166075
210201,17.497637875
210202,18.523933791666668
210203,17.256551916666666
210204,17.989829933333333
210205,18.557524858333334
210206,17.169183016666665
210207,18.205212916666667
210208,15.381341375
210209,15.66753525
210210,18.23937685
210211,15.656863116666667
210212,16.448757741666668
210213,18.045004308333333
210214,18.154935058333333
210215,17.918591058333334
210301,14.158197283333333
210302,14.218542708333333
210303,25.118232833333334
210304,25.064510516666665
210305,13.292176283333333
210306,14.608074758333332
210307,18.403861466666665
210308,16.70658948333333
210309,25.283556425
210310,15.139919233333334
210401,15.837958408333334
210402,16.7384345
210403,15.612072133333333
210404,16.822050058333332
210405,15.476981875
210406,15.971208333333333
210407,16.493106658333335
210501,16.2390161
210502,14.918470375
210503,16.881802458333333
210504,14.413386216666668
210505,15.513746883333333
210601,17.076580425
210602,14.008943733333334
210603,17.003730833333332
210604,15.575645641666668
210605,17.9264339
210606,15.573862733333334
210607,17.869789133333335
210608,16.133833775
210701,17.458709358333333
210702,16.845512575
210703,18.068749225
210704,18.468267475
210705,14.175400233333333
210706,14.546790416666667
210707,13.500456391666667
210708,17.603945075
210709,14.5333501
210710,14.522818708333334
210801,17.30735255
210802,15.249728525
210803,17.033103275000002
210804,16.8425941
210805,16.8897258
210806,15.2062956
210807,18.023156508333333
210808,16.415600683333334
210809,18.450209991666668
210901,15.70279165
210902,15.447997525
210903,14.722867191666667
210904,15.903223058333333
211001,15.179126133333334
211002,12.841120066666667
211003,16.436780308333333
211004,14.789986883333333
211005,16.023889775
211101,18.518975491666666
211102,18.436592841666666
211103,15.462010075
211104,18.553106525
211105,18.68481555
211201,19.726787025
211202,14.398998183333333
211203,25.3010135
211204,16.603039741666667
211205,20.872833158333332
211206,16.438949441666665
211207,24.748149808333334
211208,23.143056891666667
211209,24.625023141666667
211210,29.38701175
211301,16.3236448
211302,16.995038858333334
211303,15.865010391666667
211304,16.095761308333334
211305,16.866200225
211306,16.182453291666665
211307,16.965244375
220101,26.797464383333335
220102,27.714435133333332
220103,27.834608233333334
220104,26.906109408333332
220105,26.046680566666666
220106,27.66980008333333
220201,32.89530931666667
220202,31.046853675
220203,32.66014079166666
220204,32.785561433333335
220205,32.848167025
220206,33.78071715833333
220301,30.83163821666667
220302,31.812103616666665
220303,27.442637533333333
220304,31.768072008333334
220305,30.6606144
220401,30.356032508333335
220402,27.157870383333332
220403,32.40647444166667
220404,31.480831916666666
220405,32.27136409166667
220406,33.036948083333336
220501,31.031984783333332
220502,27.442306600000002
220503,33.037424091666665
220504,32.19852555
220505,31.920285558333333
220506,27.821454233333334
220507,32.090598908333334
220508,28.880298058333334
220509,31.8331053
220510,29.45295545
220511,31.051481566666666
220601,32.28651428333333
220602,30.168840691666666
220603,23.832473983333333
220604,29.054256358333333
220605,32.86345085833333
220701,33.593493625
220702,32.655856025
220703,33.36185428333334
220704,33.10069674166667
220705,33.3305506
220706,33.602558583333334
220707,33.513513225
220708,31.682986233333335
220709,33.0592184
220710,31.233658833333333
220801,27.257716066666667
220802,24.98976475
220803,25.819240216666667
220804,25.350097341666665
220805,23.39970475
220806,27.751028425
220807,27.757066041666665
220808,27.026308625
220809,27.808479733333332
220901,32.935267958333334
220902,32.507368316666664
220903,32.980859325
220904,32.2017556
220905,33.451169725
220906,33.36762829166667
220907,32.76204451666667
220908,33.48345808333333
220909,31.518648658333333
220910,33.608272575
220911,33.236175375
220912,30.735045741666667
220913,31.444882233333335
220914,31.959759483333332
221001,30.764477316666667
221002,31.327489066666665
221003,28.845880733333335
221004,22.230229766666668
221005,30.9241886
230101,23.235442791666667
230102,24.651054275
230103,24.8955341
230104,24.697869483333335
230105,24.658134541666666
230106,22.079610591666665
230107,15.949885908333334
230108,24.089093433333332
230109,23.911753291666667
230110,24.205696016666668
230111,23.201470616666665
230201,14.310192425
230202,17.274420508333336
230203,15.6133408
230204,21.787289350000002
230205,19.414954233333333
230206,20.972000441666665
230301,25.286345175
230302,23.728070958333333
230303,23.956274566666668
230401,15.314984116666666
230402,22.55996615833333
230403,19.0864913
230404,21.130317208333334
230405,20.884412908333335
230406,14.749456925
230407,16.563115033333332
230408,15.019686808333333
240101,31.35359575
240102,31.216903675
240103,31.073517233333334
240104,30.671754975
240105,30.652849416666665
240106,31.721220175000003
240201,30.991766633333334
240202,30.034684541666667
240203,30.356689558333333
240301,31.22606555
240302,31.522541466666667
240303,31.127478491666665
240304,31.738157933333333
250101,31.91101911666667
250102,32.99109216666667
250103,32.386283633333335
250104,32.01350870833333
250105,32.604665075
250106,33.102678491666666
250107,32.428896791666666
250201,31.447242941666666
250202,31.827254566666667
250203,32.092391191666664
250204,31.579913383333334
250301,32.353721883333336
250302,33.33247633333333
250303,33.43347130833333
250304,33.37761375833333
250305,33.364080775
250401,31.221164125
