ubigeo,aai
010101,0.06405136666666666
010102,0.36181620833333333
010103,-6.602166666666668e-4
010104,0.21789373333333334
010105,0.34338860833333334
010106,0.08180710833333334
010107,0.326461375
010108,0.042624716666666666
010109,0.28911585
010110,0.38344259166666667
010111,0.19160375
010112,0.20651984166666668
010113,0.28452143333333335
010114,0.2831319583333333
010115,0.36052918333333334
010116,0.3764185
010117,0.347991375
010118,0.043760249999999994
010119,0.12563150833333334
010120,0.22311575833333333
010121,0.035419575
010201,0.057005700000000006
010202,0.2814416083333333
010203,0.3079359916666667
010204,0.127999825
010205,0.20850156666666667
010206,0.259456275
010301,0.3420398666666667
010302,0.35470045
010303,0.24933850833333335
010304,0.26462955833333335
010305,0.332732225
010306,0.4088088166666667
010307,0.28979770833333335
010308,0.3181521583333333
010309,0.294684325
010310,0.40590218333333333
010311,0.19386204166666668
010312,0.3019962583333333
010401,0.176268375
010402,0.18015035
010403,0.130931875
010501,0.12458670833333332
010502,0.32840434166666665
010503,0.06568548333333334
010504,0.32784511666666666
010505,0.5013892583333334
010506,0.43166275833333334
010507,0.368320825
010508,0.3499058583333333
010509,0.19407405833333333
010510,0.36415043333333336
010511,0.40745154166666664
010512,0.36505289166666666
010513,0.164410175
010514,0.125819575
010515,0.14541913333333334
010516,0.20598135833333334
010517,0.36324046666666665
010518,0.2938298916666667
010519,0.3255036
010520,0.24930151666666667
010521,0.36300041666666666
010522,0.27454995
010523,0.15290423333333333
010601,0.15782456666666667
010602,0.09271415
010603,0.31989149166666664
010604,0.17170859166666666
010605,0.2521417833333333
010606,0.23434816666666666
010607,0.27188688333333333
010608,0.007761824999999999
010609,0.14180937500000002
010610,-0.024127775000000004
010611,0.0019299416666666669
010612,0.4423924
010701,0.159066825
010702,0.42643220000000004
010703,0.185093325
010704,-0.162190475
010705,0.33744084166666666
010706,0.3844307
010707,0.30787376666666666
020101,0.14809174166666667
020102,0.3588372083333333
020103,0.2795095083333333
020104,0.34472179166666667
020105,0.14259335
020106,0.17413053333333334
020107,0.37235408333333336
020108,0.24318611666666667
020109,0.35843025833333336
020110,0.3231321583333333
020111,0.319708625
020112,0.17559371666666668
020201,0.17153025833333332
020202,0.2812245
020203,0.26055929166666664
020204,0.169488675
020205,0.24084054166666666
020301,-0.04266173333333333
020302,0.11946314166666666
020303,-0.12059460833333333
020304,0.1252952
020305,0.141644575
020306,0.158757525
020401,0.3727043583333333
020402,0.27127575833333334
020501,0.007797633333333332
020502,0.19488511666666666
020503,0.3598723
020504,0.25475298333333335
020505,0.3818049
020506,0.18839640833333332
020507,0.325977125
020508,0.1926477
020509,0.09262508333333333
020510,0.3918924833333333
020511,0.14102555
020512,0.10524981666666666
020513,0.01703521666666667
020514,0.2567084
020515,0.15627485833333332
020601,0.119847625
020602,-0.10294216666666667
020603,-0.194778675
020604,0.26839700833333335
020605,0.07396454166666667
020606,0.17396609166666668
020607,0.01200833333333334
020608,0.19193755833333334
020609,0.24371445833333333
020610,-0.127189575
020611,0.2929647083333333
020701,0.120651875
020702,-0.06722715833333333
020703,-0.09885908333333333
020801,0.3210838916666667
020802,0.36026756666666665
020803,0.22161586666666666
020804,0.25379545833333333
020901,0.15356929166666666
020902,0.33659588333333335
020903,-0.07898736666666667
020904,0.12547666666666668
020905,0.18669884166666667
020906,-0.076045825
020907,-0.020599425000000005
021001,0.35706840833333336
021002,0.06969145
021003,0.17318408333333332
021004,0.25052755
021005,0.06252118333333334
021006,0.02352109166666666
021007,-0.07270775833333333
021008,0.20893645
021009,-0.08899061666666666
021010,-0.08993518333333334
021011,0.008955241666666664
021012,-0.22453605000000001
021013,0.1223213
021014,0.16457886666666666
021015,0.230226725
021016,0.09804841666666667
021101,0.20044858333333332
021102,0.37088298333333336
021103,0.18941870000000002
021104,0.371539025
021105,0.3432203833333333
021201,0.04690296666666667
021202,0.15833114166666667
021203,0.17691100833333334
021204,0.17559948333333333
021205,0.22163919166666665
021206,0.31243661666666667
021207,-0.0028404083333333353
021208,0.109802775
021209,0.246784675
021210,0.09269031666666668
021301,-0.08123377500000001
021302,0.014879208333333328
021303,-0.17094325
021304,0.06924926666666667
021305,-0.18434053333333333
021306,0.14798790833333333
021307,0.200661575
021308,-0.12962555
021401,0.29682395
021402,0.16989308333333333
021403,0.231541875
021404,0.2172273
021405,0.10879209166666666
021406,0.3483263583333333
021407,0.15581106666666666
021408,0.16052985833333333
021409,0.21701236666666668
021410,0.22144084166666667
021501,0.292231075
021502,0.0573458
021503,0.09202965
021504,0.08508999166666667
021505,0.25829195
021506,0.12336618333333334
021507,0.20797374166666666
021508,-0.026254475000000003
021509,0.02773196666666667
021510,-0.08164869166666666
021511,0.19594075
021601,0.21448516666666667
021602,0.24293188333333335
021603,-0.096757575
021604,-0.012000758333333333
021701,0.12073571666666667
021702,0.2598926916666667
021703,0.366819825
021704,0.4835278416666667
021705,0.39229145
021706,0.32426074166666663
021707,0.29676179166666666
021708,0.3083431916666667
021709,0.43615871666666667
021710,0.19089495833333334
021801,0.294446425
021802,0.4212703333333333
021803,0.1414542
021804,0.14461183333333333
021805,0.37266140833333333
021806,0.237930125
021807,0.21154123333333333
021808,0.15678544166666666
021809,0.27171118333333333
021901,0.09818853333333333
021902,0.10093039999999999
021903,0.05432129166666667
021904,0.06438135
021905,0.025065358333333333
021906,0.06600085833333333
021907,0.0448055
021908,0.094357875
021909,0.168409475
021910,0.04192823333333333
022001,0.08989655
022002,0.20791496666666667
022003,-0.17194085833333334
022004,-0.19201555833333334
022005,0.384785475
022006,-0.17740293333333335
022007,0.25106845
022008,0.245708175
030101,-0.10819488333333334
030102,0.028098224999999998
030103,0.0987465
030104,0.14429794166666665
030105,-0.06330111666666666
030106,0.006645275
030107,0.24085603333333333
030108,0.004264516666666669
030109,0.11782110833333333
030201,0.10102219166666666
030202,-0.23076815833333333
030203,0.014906591666666661
030204,-0.14441541666666666
030205,0.07540685833333333
030206,0.06514181666666667
030207,-0.018506908333333336
030208,-0.18745916666666668
030209,-0.12594143333333332
030210,-0.015096575000000001
030211,0.040807425
030212,-0.08156860833333333
030213,0.08037079166666666
030214,0.04887511666666667
030215,0.15864668333333334
030216,-0.02490178333333333
030217,0.16104676666666667
030218,0.14590124166666668
030219,-0.24851790833333334
030220,0.16323835833333333
030301,0.27197515
030302,0.15317086666666668
030303,0.05414216666666666
030304,0.24166326666666665
030305,0.12673090833333334
030306,0.030530758333333335
030307,0.04335644166666666
030401,-0.10233719166666666
030402,0.243427925
030403,-0.01922181666666667
030404,-0.08475853333333333
030405,0.20595728333333332
030406,0.226954975
030407,0.008371175000000005
030408,-0.09424015
030409,0.2406008
030410,-0.03494439166666666
030411,0.3081417166666667
030412,0.022271791666666665
030413,-0.007545366666666669
030414,0.002985158333333335
030415,0.27183365
030416,0.3284477416666667
030417,-0.03195545833333334
030501,0.11918395833333334
030502,-0.027310150000000002
030503,-0.005707116666666671
030504,0.014290758333333334
030505,-0.002109458333333332
030506,0.14147080833333334
030601,-0.16625215
030602,-0.006251800000000008
030603,-0.148130225
030604,-0.22530454166666666
030605,-0.015784625
030606,-0.04982831666666667
030607,0.06556535833333334
030608,0.032435116666666666
030609,0.06773248333333333
030610,-0.194993275
030611,-0.19504798333333334
030701,0.22136078333333334
030702,0.22631835
030703,0.21163344166666667
030704,0.018325158333333338
030705,-0.064479475
030706,-0.09209021666666667
030707,0.05637696666666667
030708,0.015688733333333333
030709,-0.058979441666666674
030710,0.08497034166666667
030711,0.12388763333333332
030712,0.07079414166666666
030713,0.12195884166666666
030714,-0.06692764166666666
040101,0.50400345
040102,0.4385697083333333
040103,0.16185918333333335
040104,0.5488496166666667
040105,0.5204647833333333
040106,0.46623180833333333
040107,0.430320375
040108,0.6535076833333333
040109,0.44393530833333333
040110,0.4701787333333333
040111,0.4493771916666667
040112,0.48905776666666667
040113,0.5352714666666667
040114,0.45143750833333335
040115,0.42696480833333333
040116,0.42891695
040117,0.4786573666666667
040118,0.1533006
040119,0.41938416666666667
040120,0.4753163
040121,0.164581925
040122,0.42176115833333333
040123,0.6965653583333333
040124,0.95388045
040125,0.39839725833333334
040126,0.4807031583333333
040127,0.7556121083333334
040128,0.261943675
040129,0.48746895
040201,0.46766604166666664
040202,0.7056361583333334
040203,0.6674346666666666
040204,0.8656107416666666
040205,0.514458425
040206,0.6090366833333334
040207,0.5599958583333333
040208,0.6033744666666666
040301,0.358894975
040302,0.37531275
040303,0.31054916666666665
040304,0.48034039166666664
040305,0.503916175
040306,0.07039999166666666
040307,0.6812694083333334
040308,0.22449780833333333
040309,0.12700104166666668
040310,0.31534890833333334
040311,0.55188715
040312,0.01194784166666666
040313,0.31599841666666667
040401,0.836088725
040402,0.23674316666666667
040403,0.321473075
040404,0.34566680833333335
040405,0.24945345833333332
040406,0.26329880833333336
040407,0.70204235
040408,0.2568157166666667
040409,0.301315325
040410,0.349685425
040411,0.4593148166666667
040412,0.34519069166666666
040413,1.0259521833333334
040414,0.45342512500000004
040501,0.1558917
040502,0.36097875
040503,0.29390652500000003
040504,0.16549141666666667
040505,0.20520028333333334
040506,0.11821909166666666
040507,0.20887214166666668
040508,0.088204375
040509,0.15979276666666667
040510,0.3005868
040511,0.20601859166666667
040512,0.4957855666666667
040513,0.22924618333333333
040514,0.37270380833333333
040515,0.18900664166666667
040516,0.3522775416666667
040517,0.06703674166666666
040518,0.23710593333333332
040519,0.33276589166666665
040520,0.26950586666666665
040601,0.547030425
040602,0.31859839166666665
040603,0.2897296916666667
040604,0.27722265
040605,0.2164674
040606,0.5261622166666666
040607,0.3085754666666667
040608,0.3863673
040701,0.3842031
040702,0.7352370083333333
040703,0.6906080833333333
040704,0.2932326333333333
040705,0.7664749583333333
040706,0.6569389666666666
040801,0.20235989166666668
040802,0.371802525
040803,0.3142656916666667
040804,0.5246311833333334
040805,0.36924528333333334
040806,0.42145794166666667
040807,0.3942186
040808,0.45749666666666666
040809,0.30476021666666664
040810,0.28444311666666666
040811,0.37222170833333335
050101,0.05600475
050102,0.26267435
050103,0.001207183333333336
050104,0.002078224999999997
050105,0.176010775
050106,0.13600646666666666
050107,-0.08917069999999999
050108,0.03188956666666667
050109,-0.1369095
050110,0.09869633333333333
050111,-0.027217033333333335
050112,-0.105056775
050113,0.10102041666666667
050114,0.19190395833333332
050115,0.27270428333333335
050116,0.221615775
050201,0.13640005
050202,0.16287591666666668
050203,0.23454251666666667
050204,0.23966418333333334
050205,0.22125806666666667
050206,0.0044324916666666665
050301,0.18785971666666668
050302,0.08318926666666666
050303,0.20716918333333334
050304,0.308076225
050401,-0.04024139166666667
050402,0.4142048
050403,-0.10922370833333334
050404,-0.21375663333333333
050405,-0.14236975833333335
050406,0.06006505833333333
050407,0.4545298333333333
050408,0.36720131666666667
050409,-0.05757679166666667
050410,0.380532275
050411,0.431054525
050412,0.021371166666666663
050501,0.09356533333333333
050502,0.21193678333333332
050503,0.33193100833333333
050504,-0.019947425
050505,0.02926875
050506,0.004346258333333334
050507,0.2896807083333333
050508,0.22067684166666668
050509,0.3062129
050510,0.30832583333333335
050511,0.059973591666666666
050601,0.23899046666666665
050602,0.2678712583333333
050603,0.14517949166666666
050604,0.18141138333333334
050605,0.14539060833333334
050606,0.30385856666666666
050607,0.41518900833333333
050608,0.21659475
050609,0.12757816666666666
050610,0.36479079999999997
050611,0.25085655
050612,0.22747128333333333
050613,0.18062845833333332
050614,0.090451825
050615,0.19901403333333334
050616,0.23322788333333333
050617,0.18751599166666666
050618,0.20612644166666666
050619,0.028712049999999996
050620,0.030579908333333333
050621,0.13538238333333333
050701,0.33522085
050702,-0.004812675000000003
050703,0.5117980916666667
050704,0.388220825
050705,-0.008626349999999996
050706,0.17349835833333332
050707,0.42383221666666665
050708,0.3601227083333333
050801,0.49632446666666663
050802,0.6282035833333334
050803,0.3452350833333333
050804,0.38350438333333337
050805,0.5173833916666667
050806,0.4968182166666667
050807,0.18984786666666667
050808,0.7474158333333334
050809,0.29667031666666666
050810,0.23191547499999998
050901,-0.13508468333333334
050902,-0.023741091666666665
050903,-0.09591938333333333
050904,-0.10230915
050905,-0.05410125
050906,0.06582363333333334
050907,0.08189461666666666
050908,0.13459927500000002
050909,-0.018764458333333334
050910,0.04773439166666667
050911,0.28353228333333336
051001,0.07636258333333333
051002,0.0989339
051003,0.210597
051004,0.067610575
051005,0.19539525
051006,0.12894806666666667
051007,0.148111075
051008,0.028659091666666664
051009,0.02328335
051010,0.10811110833333333
051011,0.110365925
051012,0.12588749999999999
051101,-0.078076725
051102,-0.015662691666666666
051103,-0.06472315000000001
051104,0.008527466666666664
051105,-0.06448590833333333
051106,0.006897033333333338
051107,-0.11717251666666667
051108,0.17651935833333332
060101,0.22250720833333335
060102,0.24062357499999998
060103,0.26998086666666665
060104,0.32794688333333333
060105,0.22227598333333334
060106,0.02912139166666667
060107,0.2602490083333333
060108,0.22536211666666667
060109,0.12752958333333334
060110,0.017675475000000006
060111,0.1713605
060112,0.12953430833333335
060201,0.06403990833333333
060202,-0.02724188333333333
060203,-0.15106335
060204,-0.014795099999999999
060301,-0.10367190833333333
060302,0.08150125833333334
060303,0.16197285833333333
060304,0.10722288333333334
060305,-0.0638488
060306,0.19046361666666667
060307,0.13783305
060308,0.06854463333333333
060309,0.2562184083333333
060310,0.31310536666666666
060311,-0.08038746666666667
060312,0.0814831
060401,0.18209015833333334
060402,0.07672461666666666
060403,0.19198708333333334
060404,0.016026641666666668
060405,0.1272063
060406,0.19514694166666666
060407,-0.004451441666666662
060408,0.1245792
060409,-0.002204108333333333
060410,0.2969637666666667
060411,0.33212200000000003
060412,0.3810839916666667
060413,0.24672316666666666
060414,0.06766369166666666
060415,0.4031562083333333
060416,0.40233589166666667
060417,0.13885739166666666
060418,0.44825593333333336
060419,0.239859
060501,0.40374716666666666
060502,0.15819429166666668
060503,0.3035045
060504,0.4993167333333334
060505,0.23378809166666667
060506,0.37218792500000003
060507,0.12402539166666667
060508,0.13258875833333333
060601,0.07829605833333332
060602,0.10338254166666666
060603,-0.011258966666666669
060604,0.08416390833333334
060605,0.06419183333333334
060606,0.21432811666666665
060607,0.24020079166666666
060608,0.4094652833333333
060609,0.14552074166666668
060610,0.07595003333333333
060611,0.13476284166666666
060612,0.45961721666666666
060613,0.23450794166666666
060614,0.28411685833333333
060615,0.182472075
060701,0.10096981666666667
060702,0.35965528333333335
060703,0.17704088333333334
060801,0.06937394166666666
060802,-0.11458919166666667
060803,0.4052798083333333
060804,0.09512404166666667
060805,-0.054679233333333334
060806,-0.10578254999999999
060807,0.21292605833333333
060808,0.234371675
060809,0.13834851666666667
060810,0.058531466666666664
060811,0.18182145833333332
060812,0.010811208333333332
060901,0.0190685
060902,-0.10205145833333333
060903,0.10858570833333334
060904,0.035174924999999996
060905,0.20579315
060906,0.20346985833333334
060907,0.3235221916666667
061001,0.021249891666666663
061002,-0.22586370833333333
061003,-0.27067848333333333
061004,0.077944025
061005,-0.2734706
061006,-0.166131525
061007,0.01572701666666666
061101,0.2533295583333333
061102,0.6572207666666667
061103,0.4981721
061104,0.24999908333333334
061105,0.42545170833333334
061106,0.726476525
061107,0.2857505
061108,0.5071599583333334
061109,0.6428808083333333
061110,0.3903369583333333
061111,0.334323725
061112,0.39253230833333336
061113,0.323574425
061201,0.28917791666666665
061202,0.16856024166666667
061203,0.10761821666666667
061204,0.19245414166666666
061301,0.118915375
061302,0.2992722916666667
061303,0.355055
061304,0.06877891666666668
061305,0.183811825
061306,0.3751667083333333
061307,0.5016934
061308,0.3883601
061309,0.06415769166666667
061310,0.30929460833333333
061311,0.39687289166666667
070101,0.40621171666666667
070102,0.4108559916666667
070103,0.504079375
070104,0.3505139666666667
070105,0.13355739166666666
070106,0.6604201833333334
070107,0.7537013583333333
080101,0.01229638333333333
080102,0.18141340833333333
080103,0.104596575
080104,0.05687903333333333
080105,0.014654750000000001
080106,0.048365925000000004
080107,0.006874900000000006
080108,-0.006796591666666662
080201,-0.115830775
080202,-0.05477161666666667
080203,-0.11394604166666666
080204,0.022326600000000002
080205,-0.007796883333333331
080206,-0.04694820833333334
080207,0.062976875
080301,0.041260874999999995
080302,-0.06919522500000001
080303,-0.04424561666666666
080304,-0.02079337500000001
080305,0.10870493333333334
080306,-0.013414216666666668
080307,-0.12319800833333333
080308,0.035059650000000005
080309,-0.031467675
080401,0.005497416666666664
080402,0.1438345
080403,0.03212935
080404,0.14050741666666666
080405,-0.023641025
080406,0.015214075
080407,0.10823789166666667
080408,0.09449515833333333
080501,0.08347877499999999
080502,0.1224738
080503,-0.005893791666666672
080504,0.06408424166666667
080505,0.05855528333333333
080506,0.056383658333333336
080507,-0.012905075
080508,-0.029711741666666666
080601,0.054136058333333334
080602,0.17680455
080603,-0.01997866666666667
080604,0.09754536666666667
080605,0.13729340833333334
080606,0.11673795833333334
080607,-0.01652545833333333
080608,0.011565883333333336
080701,0.16571595833333333
080702,-0.18206075833333332
080703,-0.061673458333333334
080704,-0.10658254166666666
080705,0.0011735999999999958
080706,0.0833927
080707,0.04372139166666667
080708,0.017862216666666673
080801,0.10954365
080802,0.12215736666666667
080803,0.012809866666666668
080804,0.061292925
080805,0.05461953333333334
080806,0.09308511666666666
080807,0.1120293
080808,0.028373283333333332
080901,0.17221925833333332
080902,0.178137475
080903,0.15485353333333335
080904,-0.02520273333333333
080905,0.22702884166666668
080906,0.028324408333333335
080907,0.12748823333333334
080908,0.22368016666666668
080909,0.28596784166666667
080910,0.20168990833333333
080911,0.08605993333333334
080912,0.32432737500000003
080913,-0.041647166666666666
080914,0.06198731666666667
081001,-0.027055083333333323
081002,-0.04335983333333334
081003,-0.15177359999999998
081004,-0.036806900000000004
081005,-0.022209841666666664
081006,0.074300575
081007,-0.02893595833333334
081008,-0.03778319166666666
081009,0.11202289166666667
081101,0.23119136666666668
081102,-0.083777925
081103,0.22841689166666668
081104,-0.03569130833333333
081105,-0.006059974999999999
081106,0.3702949833333333
081201,0.04489969166666667
081202,0.08074349166666667
081203,0.29537404166666664
081204,-0.012643074999999997
081205,0.016500650000000002
081206,0.10160491666666667
081207,0.09911673333333332
081208,0.049202325000000005
081209,0.3505451
081210,0.250192025
081211,0.045248250000000004
081212,0.18229735833333333
081301,-0.23733141666666666
081302,-0.02611481666666667
081303,-0.13306738333333334
081304,0.25465187499999997
081305,-0.188856275
081306,0.03116424166666667
081307,-0.224073025
090101,0.13869410833333334
090102,0.15198963333333335
090103,0.07054634166666666
090104,0.10524185
090105,0.0016604499999999971
090106,0.29183523333333333
090107,-0.09843886666666667
090108,0.08204241666666666
090109,0.09947696666666667
090110,0.03418016666666667
090111,-0.06580105833333333
090112,-0.058957616666666664
090113,0.11193755833333333
090114,0.15698475833333334
090115,-0.113324525
090116,0.08938889166666666
090117,0.06653441666666667
090118,0.14521349166666667
090119,0.08081646666666667
090201,0.019512466666666665
090202,0.06154381666666667
090203,0.042973449999999996
090204,-0.08628799166666667
090205,-0.10764458333333334
090206,0.10545624166666667
090207,-0.06664994166666667
090208,-0.005871166666666665
090301,0.20354949166666667
090302,0.022312266666666664
090303,-0.005249000000000006
090304,0.11136155833333333
090305,-0.045581391666666665
090306,0.099796891666666665
090307,0.06307749166666667
090308,-0.026570949999999992
090309,-0.007383391666666665
090310,0.017002350000000003
090311,0.09574542500000001
090312,0.10514358333333333
090401,0.20392906666666666
090402,0.19411131666666667
090403,0.217171
090404,0.09429692499999999
090405,0.2621080333333333
090406,0.256764225
090407,0.24832836666666666
090408,0.369237825
090409,0.28417129166666666
090410,0.21264458333333333
090411,0.17578434166666668
090412,0.35768155
090413,0.2846435333333333
090501,0.030154650000000005
090502,-0.08378435
090503,0.1319604
090504,0.021941841666666663
090505,-0.187136425
090506,0.010506866666666672
090507,0.09936558333333333
090508,-0.10152725
090509,0.12990243333333334
090510,0.20696853333333334
090511,-9.534000000000047e-4
090601,0.17183645
090602,0.16574558333333334
090603,0.21809869999999998
090604,0.14948815000000001
090605,0.283768075
090606,0.37705038333333335
090607,0.2770065666666667
090608,0.18014159166666666
090609,0.14932648333333334
090610,0.20630244166666667
090611,0.11229500833333333
090612,0.10383368333333333
090613,0.14521499166666668
090614,0.32338028333333335
090615,0.20698223333333332
090616,0.255732525
090701,-0.14929520833333335
090702,-0.13750709166666666
090703,-0.222146375
090704,-0.15635273333333333
090705,0.019133866666666666
090706,-0.10417829166666667
090707,-0.166680325
090709,-0.05410851666666666
090710,-0.13205581666666666
090711,0.07036164166666667
090713,-0.018742541666666664
090714,0.16259145833333333
090715,0.09389055833333333
090716,0.29853815
090717,-0.05898325833333334
090718,0.3181216
090719,-0.08882485833333334
090720,-0.04383596666666667
090721,0.7232153583333334
090722,0.17135780833333333
090723,-0.117026625
100101,-0.15944123333333335
100102,-0.105816675
100103,0.25147248333333333
100104,0.067798925
100105,-0.09867420833333333
100106,0.081240375
100107,-7.851250000000009e-4
100108,0.048370724999999996
100109,0.0040255753206488365
100110,-0.008381133333333337
100111,-0.008267858333333333
100112,-0.05393146666666667
100113,0.15831834166666667
100201,-0.08081945833333333
100202,0.09828209166666667
100203,0.09857
100204,0.030501216666666664
100205,-0.062911025
100206,-0.08890219166666667
100207,-0.01975475
100208,-0.015094000000000005
100301,0.017882125
100307,0.14083919166666667
100311,0.14239306666666668
100313,0.11559456666666666
100316,4.646833333333343e-4
100317,0.039744875
100321,0.09628456666666667
100322,0.03257679166666667
100323,0.13187084166666665
100401,0.148438025
100402,-0.07974869166666666
100403,0.20754715833333334
100404,0.0072787583333333355
100501,0.180939625
100502,0.01936875
100503,-0.06684685
100504,-0.029293866666666668
100505,0.37831128333333336
100506,0.22276741666666666
100507,0.23742331666666666
100508,0.21089505833333333
100509,0.26562625
100510,0.13936645833333333
100511,-0.001871425000000003
100601,-0.23758168333333335
100602,0.160266
100603,0.10207621666666666
100604,0.039334225
100605,-0.209550775
100606,0.020857166666666666
100607,0.22662839166666668
100608,-0.2775731416666667
100609,-0.0062204083333333385
100610,0.0725742
100701,-0.03977661666666667
100702,0.19645898333333334
100703,-0.05631483333333333
100704,-0.03426865
100705,0.21054013333333332
100801,0.28086053333333333
100802,0.21040145
100803,0.3939996333333333
100804,0.005942774999999996
100901,0.20534824166666665
100902,0.36491270833333334
100903,0.10397504166666667
100904,0.15097749166666666
100905,0.1613977
101001,0.2876572416666667
101002,0.24702260833333334
101003,0.132024325
101004,0.235682
101005,0.08115155
101006,0.051981774999999994
101007,0.18402769166666666
101101,0.10220206666666666
101102,0.11421675833333333
101103,0.07044075
101104,0.18586891666666666
101105,-0.052954475
101106,0.074511825
101107,0.06578588333333334
101108,-0.014872524999999994
110101,0.2917316916666667
110102,0.6806201166666667
110103,0.576361725
110104,0.3665167833333333
110105,0.6572555333333333
110106,0.5740679583333334
110107,0.5728346583333334
110108,0.5156877833333333
110109,0.45141225
110110,0.5439563416666666
110111,0.48461886666666665
110112,0.2965090083333333
110113,0.4287765
110114,0.4249241833333333
110201,0.6077938583333333
110202,0.5164204416666667
110203,0.25234285
110204,0.652167175
110205,0.47182093333333336
110206,0.9000281583333334
110207,0.6615169750000001
110208,0.25120268333333334
110209,0.31789310000000004
110210,0.756271
110211,0.6674483333333333
110301,0.3355273916666667
110302,0.186972525
110303,0.39199671666666663
110304,0.29692979166666666
110305,0.3824722916666667
110401,0.5620259833333333
110402,0.4482249
110403,0.4255305
110404,0.4576292833333333
110405,0.149509425
110501,0.34074144166666664
110502,0.11076100833333334
110503,0.4985719
110504,0.7676960416666667
110505,0.2972421333333333
110506,0.495809425
110507,0.4938584916666667
110508,0.5031743416666666
120101,0.21964081666666666
120104,-0.06189464166666667
120105,0.040729275
120106,0.127961875
120107,-0.009739058333333332
120108,0.10616433333333333
120111,0.10872149166666667
120112,-0.0776893
120113,0.008669416666666669
120114,0.24299115833333335
120116,0.1661173
120117,0.06633229166666667
120119,-0.006765708333333332
120120,-0.009418116666666665
120121,0.04593035833333334
120122,0.08403508333333334
120124,0.21591651666666667
120125,-0.062886825
120126,0.036499891666666666
120127,0.07859793333333333
120128,0.256946775
120129,0.06830263333333333
120130,-0.002367391666666664
120132,0.07269793333333333
120133,0.017836733333333334
120134,-0.020207891666666665
120135,0.06677473333333334
120136,0.13136106666666666
120201,0.014543025000000001
120202,0.14835922499999998
120203,0.26999771666666667
120204,0.018206899999999998
120205,0.411763675
120206,0.2297775
120207,0.07973095833333334
120208,0.023029108333333333
120209,0.33302419166666664
120210,-0.01830338333333334
120211,0.042914708333333336
120212,-0.03269995833333333
120213,2.1380833333333534e-4
120214,0.13965490833333333
120215,0.012362191666666666
120301,0.28610864166666666
120302,0.13620971666666667
120303,0.14398766666666665
120304,0.20129961666666665
120305,0.312948625
120306,0.4133636916666667
120401,-0.043875166666666666
120402,0.1193196
120403,0.25904456666666664
120404,-0.057015533333333326
120405,0.20291175833333333
120406,0.11774179166666666
120407,-9.494583333333372e-4
120408,0.04556806666666667
120409,0.042421975
120410,0.014995766666666667
120411,0.04116357500000001
120412,0.05716641666666667
120413,0.013733475
120414,0.009163091666666668
120415,-0.015200916666666666
120416,0.04644901666666666
120417,0.11534645833333333
120418,0.2975116916666667
120419,0.4032325333333333
120420,0.014664041666666667
120421,0.0398882
120422,0.08900463333333333
120423,0.005572291666666668
120424,0.04480083333333334
120425,-0.074836475
120426,0.12147425
120427,-0.017192600000000002
120428,-0.0018156833333333386
120429,0.05638185833333333
120430,-0.031166533333333333
120431,0.13165016666666665
120432,0.09737330833333334
120433,0.03238510833333333
120434,-0.11484793333333333
120501,0.08016213333333333
120502,-0.06276500833333334
120503,0.07754958333333334
120504,0.24955986666666666
120601,0.048784958333333336
120602,-0.10964688333333333
120603,0.3857341833333333
120604,-0.11125065833333332
120605,0.4093744416666667
120606,0.26944023333333333
120607,-0.134381225
120608,0.13949430000000002
120609,-0.02570400833333333
120701,-0.180801075
120702,-0.30003385
120703,-4.759833333333327e-4
120704,0.37639955833333333
120705,-0.12725134166666666
120706,0.17753417500000002
120707,-0.08322459166666667
120708,0.09050607499999999
120709,-0.016560949999999998
120801,0.09988016666666667
120802,0.163790025
120803,0.165870675
120804,0.20169030833333335
120805,0.23315054166666666
120806,0.145088975
120807,0.15671526666666666
120808,0.18086590833333333
120809,0.25737295833333335
120810,0.17288866666666666
120901,-0.029466583333333338
120902,-0.04449079166666667
120903,0.18421720833333333
120904,-0.045681591666666674
120905,0.039085016666666673
120906,0.018955808333333324
120907,0.09180045833333333
120908,0.09649241666666666
120909,0.11594934999999999
130101,0.5083738666666667
130102,0.6816463333333334
130103,0.6645934333333333
130104,0.45445196666666665
130105,0.598427475
130106,0.42822740000000004
130107,0.404089075
130108,0.35372475
130109,0.58540795
130110,0.347960125
130111,0.35136860833333333
130201,0.21861964166666667
130202,0.14373734999999999
130203,0.2534254166666667
130204,0.12345684999999999
130205,0.31565176666666667
130206,0.15946985833333333
130207,0.09784976666666667
130208,0.3072131833333333
130301,0.036002483333333335
130302,-0.07140870833333333
130303,-0.024765283333333336
130304,-0.133847275
130305,0.05533135
130306,-0.042563424999999995
130401,0.094695525
130402,0.279863025
130403,-0.04861629166666666
130501,0.34785910833333333
130502,0.219999375
130503,0.32271770833333335
130504,0.181016475
130601,0.185157725
130602,0.39940786666666667
130604,0.040550158333333336
130605,0.26925020833333335
130606,0.3663094
130608,0.40742798333333335
130610,0.3554771333333333
130611,0.39415480833333333
130613,0.297579625
130614,0.279623925
130701,0.14372970000000002
130702,0.013596499999999996
130703,0.03237998333333334
130704,0.011921649999999995
130705,0.052663549999999996
130801,0.15615071666666666
130802,0.11737875
130803,0.023671783333333335
130804,0.03182065
130805,-0.02210790833333333
130806,0.014820783333333334
130807,0.27783603333333334
130808,0.0372241
130809,0.03861384166666667
130810,0.039133049999999996
130811,-0.05887718333333333
130812,0.04079469166666667
130813,0.14378575833333335
130901,0.05298179166666667
130902,0.08054459166666667
130903,0.065368125
130904,0.101898475
130905,0.13868381666666665
130906,0.02756395
130907,0.13776764166666666
130908,0.0030228083333333337
131001,0.0782665
131002,0.086507
131003,0.22028363333333334
131004,0.06818699166666667
131005,0.049117741666666666
131006,0.3954599583333333
131007,0.11755630833333333
131008,0.07656505833333334
131101,0.30695375
131102,0.17905015833333335
131103,0.16186190833333333
131104,0.425401075
131201,0.36080886666666667
131202,0.20593535833333335
131203,0.23367526666666666
140101,0.001096583333333334
140102,0.2516733166666667
140103,0.039664533333333335
140104,0.032676016666666675
140105,-0.012968925000000001
140106,-0.019066916666666666
140107,0.082223
140108,-0.02130360833333333
140109,0.3862342583333333
140110,0.38474574166666664
140111,-0.00904640833333333
140112,-0.02923268333333334
140113,0.04854515
140114,-0.12458465833333333
140115,0.12164826666666667
140116,0.25528965833333334
140117,0.21141923333333335
140118,0.025326058333333328
140119,0.219123975
140120,0.10727347500000001
140201,0.040989658333333324
140202,0.294411525
140203,0.277844675
140204,0.11925245833333332
140205,0.16327333333333333
140206,0.062250741666666665
140301,-0.022071983333333333
140302,0.41278481666666667
140303,0.11607274166666666
140304,0.21272463333333333
140305,0.019447608333333335
140306,0.3827911333333333
140307,0.34527205
140308,0.304397125
140309,0.12393942499999999
140310,0.4713359916666667
140311,-0.024656658333333338
140312,0.08618994166666666
150101,0.5883482
150102,0.39834543333333333
150103,0.569524725
150104,0.42171248333333333
150105,0.5370836999999999
150106,0.5461050333333334
150107,0.21910013333333334
150108,0.453751625
150109,0.38395593333333333
150110,0.6887768166666667
150111,0.774392025
150112,0.6668544666666667
150113,0.52774945
150114,0.61954285
150115,0.6768636583333333
150116,0.545005975
150117,0.625553625
150118,0.391028375
150119,0.76345235
150120,0.4570953416666667
150121,0.4864373833333333
150122,0.47074979166666664
150123,0.6103665833333334
150124,0.65602445
150125,0.7876484916666666
150126,0.8011528416666667
150127,0.7793476500000001
150128,0.6957780166666666
150129,0.8452605333333334
150130,0.6230909833333333
150131,0.5068248166666667
150132,0.5566971333333334
150133,0.6783135166666666
150134,0.7195246083333333
150135,0.5882835166666667
150136,0.4556396
150137,0.7772304583333334
150138,0.7852741583333334
150139,0.5918926083333333
150140,0.6056251166666666
150141,0.5606504416666667
150142,0.7570243416666667
150143,0.810142275
150201,0.6395338666666667
150202,0.3731560666666667
150203,0.6227965416666666
150204,0.52216155
150205,0.64679165
150301,0.16537654166666665
150302,0.19320535
150303,0.168875575
150304,0.10398665833333333
150305,0.297907425
150401,0.3848975416666667
150402,0.2872551
150403,0.25031575
150404,0.29467744166666665
150405,0.3620734583333333
150406,0.42311103333333333
150407,0.17989406666666666
150501,0.8145966416666667
150502,0.757326825
150503,0.13323919166666667
150504,0.6074766333333333
150505,0.41197455
150506,0.279563625
150507,0.8930408583333334
150508,0.208465975
150509,0.7710308833333334
150510,0.5357444916666667
150511,-0.015547233333333334
150512,0.6097713583333333
150513,0.78208815
150514,0.6760070583333333
150515,0.7521723083333334
150516,0.1284767
150601,0.5358957916666667
150602,0.24555736666666667
150603,0.37743935
150604,0.36118175
150605,0.6033258333333333
150606,0.33298978333333334
150607,0.36161513333333334
150608,0.291958975
150609,0.29865404166666665
150610,0.22359040833333332
150611,0.40642493333333335
150612,0.4549489166666667
150701,0.309117725
150702,0.18516966666666668
150703,0.5791271
150704,0.23674486666666666
150705,0.16282969166666666
150706,0.24382337499999998
150707,0.2993645833333333
150708,0.25892309166666666
150709,0.21180499166666666
150710,0.24743538333333334
150711,0.18166783333333333
150712,0.2119474
150713,0.15873910000000002
150714,0.38763033333333335
150715,0.2327341
150716,0.21773996666666667
150717,0.35446575
150718,0.23506100833333332
150719,0.23234971666666668
150720,0.28925209166666666
150721,0.2992479
150722,0.25630795
150723,0.37906125
150724,0.4326194333333333
150725,0.391095125
150726,0.317320175
150727,0.417808625
150728,0.4822843666666667
150729,0.32157871666666665
150730,0.24669069166666666
150731,0.2844333
150732,0.26771714166666666
150801,0.4417000583333333
150802,0.29990897499999997
150803,0.41327097500000004
150804,0.19857678333333334
150805,0.4996497583333333
150806,0.476970225
150807,0.3365674
150808,0.2867881666666667
150809,0.19393268333333333
150810,0.5302062833333333
150811,0.207049
150812,0.6757787166666667
150901,0.18608921666666667
150902,0.1000751
150903,0.28513961666666665
150904,0.20787168333333333
150905,0.2748578916666667
150906,0.05451814166666667
151001,0.3017694833333333
151002,0.11298776666666667
151003,0.21235521666666668
151004,0.2573027
151005,0.34253590833333336
151006,0.278740725
151007,0.367993225
151008,0.3158508333333333
151009,0.16963585
151010,0.4135507583333333
151011,0.24270763333333334
151012,0.20755198333333333
151013,0.273382675
151014,0.239687275
151015,0.3367950333333333
151016,0.19113226666666666
151017,0.25196375833333334
151018,0.10621969166666667
151019,0.2720726333333333
151020,0.31193540833333333
151021,0.35580275
151022,0.11075094166666667
151023,0.32593171666666665
151024,0.279768825
151025,0.10218842500000001
151026,0.3128559416666667
151027,0.2537083
151028,0.20513875833333334
151029,0.15638907500000002
151030,0.09581363333333333
151031,0.188696325
151032,0.26289035833333335
151033,0.3053186666666667
160101,0.22932844166666666
160102,0.22979016666666668
160103,0.12626078333333332
160104,0.14576453333333333
160105,0.17269548333333332
160106,0.251041925
160107,0.22899725833333334
160108,0.177791025
160110,0.2629468
160112,0.14481605833333333
160113,0.19205945833333335
160201,0.1546267
160202,0.11490375000000001
160205,0.15680948333333333
160206,0.08023390833333334
160210,0.0649341
160211,0.10970170833333334
160301,0.157915125
160302,0.141240725
160303,0.1778643
160304,0.13203661666666666
160305,0.092755525
160401,0.16980659166666667
160402,0.14376539166666666
160403,0.08595996666666667
160404,0.07234325
160501,0.07613689166666666
160502,0.12209810833333333
160503,0.09660910833333333
160504,0.0687987
160505,0.08884113333333334
160506,0.024627899999999998
160507,0.22175415833333334
160508,0.102794175
160509,0.11631774166666665
160510,0.06611571666666666
160511,0.11897669166666666
160601,0.13298918333333334
160602,0.09068815833333334
160603,0.0407074
160604,0.11394664166666667
160605,0.06859664166666667
160606,0.07993264166666667
160701,0.16328546666666666
160702,0.12473633333333334
160703,0.14156705
160704,0.1288279
160705,0.1473348
160706,0.183978725
160801,0.19140435
160802,0.18308493333333334
160803,0.23990900833333334
160804,0.26160836666666665
170101,0.05669726666666667
170102,0.036732633333333334
170103,0.08843349166666667
170104,0.09171248333333333
170201,0.13894010833333334
170202,0.015756041666666668
170203,0.0832635
170204,0.023785700000000003
170301,0.05738065833333333
170302,0.10951233333333332
170303,0.05960085833333333
180101,0.6360500416666667
180102,0.6760358666666667
180103,0.9456140666666667
180104,0.6847806583333333
180105,0.6824805083333333
180106,0.44243315
180201,1.1979232583333332
180202,0.49648025
180203,1.1508431833333332
180204,0.2715743
180205,0.8885862166666667
180206,0.44141698333333335
180207,1.0036234
180208,0.667154825
180209,0.8820061916666666
180210,0.47626711666666666
180211,0.271486
180301,0.474090575
180302,0.034305183333333336
180303,0.7659237249999999
190101,0.15125606666666666
190102,0.245603675
190103,0.10221819166666668
190104,0.21249115833333335
190105,0.0760328
190106,0.08202622500000001
190107,0.1620588
190108,0.09883521666666667
190109,0.273206225
190110,0.20344691666666667
190111,0.149616625
190112,0.187790675
190113,0.120257975
190201,0.13779105
190202,0.007545816666666664
190203,0.03591745833333333
190204,-0.05092479166666666
190205,0.13724533333333333
190206,0.011514058333333327
190207,0.03657905833333333
190208,-0.03178887500000001
190301,0.12973428333333334
190302,0.24815337499999998
190303,0.22768261666666667
190304,0.14190303333333334
190305,0.26244731666666665
190306,0.11867860833333334
190307,0.29377454166666667
190308,0.20231945
200101,7.19333333333334e-4
200104,0.008030458333333329
200105,0.18224761666666667
200107,0.23890443333333333
200108,0.2514177166666667
200109,0.18849215833333333
200110,0.06378309166666667
200111,0.05171599166666667
200114,-0.017607525
200115,0.270190325
200201,0.15549395833333332
200202,0.46822203333333334
200203,0.4172374916666667
200204,0.22117799166666666
200205,0.4981787
200206,0.13026891666666665
200207,0.2920047333333333
200208,0.43688973333333336
200209,0.5660215333333334
200210,0.24278565833333335
200301,0.235091925
200302,0.5018198416666667
200303,0.5053333166666667
200304,0.28848286666666667
200305,0.50213465
200306,0.42840301666666664
200307,0.29531824166666665
200308,0.16819557499999999
200401,0.16925324166666667
200402,-0.07334245833333333
200403,0.5085903583333333
200404,0.04289388333333333
200405,0.10040910833333333
200406,0.04144903333333333
200407,0.172618575
200408,0.35792083333333335
200409,0.47514263333333334
200410,0.41509568333333335
200501,0.044793266666666665
200502,0.03278165833333334
200503,-0.099213875000000007
200504,-0.10634295
200505,0.1240248
200506,-0.023703491666666656
200507,-0.09846480833333333
200601,-0.23695211666666666
200602,-0.12596029166666667
200603,-0.082874775
200604,-0.09485379166666667
200605,0.10474985833333333
200606,0.14014860833333334
200607,-0.3217795333333333
200608,-0.17643685
200701,0.13130526666666667
200702,0.12017535000000001
200703,-0.013414049999999999
200704,-0.100623125
200705,-0.055628175
200706,-0.013723583333333334
200801,0.4854918833333333
200802,-0.09729704166666667
200803,0.03018488333333334
200804,0.30076620833333334
200805,0.0955853
200806,-0.026192033333333333
210101,0.05016235
210102,0.1850473
210103,0.6661234083333333
210104,-0.002082375000000001
210105,0.23713956666666666
210106,-0.00837047499999999
210107,0.05600485
210108,0.15330686666666668
210109,0.07813346666666666
210110,-0.054899341666666664
210111,0.280173425
210112,0.007386599999999993
210113,0.17416191666666667
210114,0.12734165833333333
210115,0.16497471666666666
210201,0.03733194166666667
210202,-0.06458710833333334
210203,-0.016846375000000004
210204,0.10502878333333333
210205,-0.031976216666666675
210206,-0.06373816666666667
210207,0.005623508333333335
210208,0.11099281666666667
210209,0.15935983333333334
210210,0.040634425
210211,0.07065814166666666
210212,0.01854932500000001
210213,0.135387225
210214,-0.006197599999999999
210215,-0.025298058333333335
210301,0.058628683333333334
210302,0.040966975
210303,0.19822434166666666
210304,0.24185213333333333
210305,0.24582715833333332
210306,-0.076958125
210307,0.291760375
210308,0.2905244083333333
210309,0.364690375
210310,0.21803568333333334
210401,-0.087375225
210402,0.005347924999999997
210403,0.03411825833333333
210404,0.22918929166666666
210405,0.28223240833333335
210406,-0.2260893
210407,-0.10041876666666667
210501,0.10316725833333333
210502,0.361309025
210503,0.2190802083333333
210504,0.3781427666666667
210505,0.130542825
210601,-0.025579191666666664
210602,0.30522268333333336
210603,0.1019632
210604,0.11388824166666667
210605,0.06950478333333333
210606,0.11737790833333334
210607,0.1083297
210608,0.034353924999999993
210701,0.2736597416666667
210702,0.2989863
210703,0.018559316666666662
210704,-0.010050975
210705,0.11495911666666667
210706,0.17763251666666668
210707,0.12446323333333333
210708,0.062034624999999996
210709,0.07407205833333333
210710,0.11682347500000001
210801,0.03985990833333334
210802,0.16505369166666667
210803,0.057563375
210804,-0.04239800833333333
210805,0.09620199166666667
210806,0.12535950833333334
210807,0.10831973333333333
210808,-4.5533333333333623e-4
210809,0.014029166666666665
210901,-0.11477828333333333
210902,-0.20222639166666667
210903,0.167625375
210904,-0.12915093333333333
211001,0.12381584166666666
211002,0.19784085833333334
211003,-0.025095949999999995
211004,0.18940331666666665
211005,0.49760768333333333
211101,0.13001681666666667
211102,0.190470925
211103,0.104958625
211104,0.014263350000000003
211105,0.005579558333333331
211201,0.466130225
211202,0.15939448333333334
211203,0.2875054166666667
211204,0.4673124416666667
211205,0.5525851416666666
211206,0.512082425
211207,0.16561526666666665
211208,0.3715877166666667
211209,0.21771913333333334
211210,0.09408700833333333
211301,-0.13019733333333333
211302,-0.14104974166666667
211303,0.04515799999999999
211304,-0.17553459166666666
211305,-0.270185525
211306,-0.33843199166666665
211307,-0.15009889166666668
220101,0.22207289166666666
220102,0.21455059999999998
220103,0.2587490333333333
220104,0.1356163
220105,0.23841069166666665
220106,0.222304375
220201,0.12286680833333333
220202,0.21104791666666667
220203,0.11346164166666667
220204,0.08961775833333332
220205,0.13810188333333334
220206,0.0410276
220301,0.10262351666666666
220302,0.11421495000000001
220303,0.18189090833333332
220304,0.17642514166666667
220305,0.21388589166666666
220401,0.16213850833333332
220402,0.23662261666666667
220403,0.115594025
220404,0.03624036666666667
220405,0.077394825
220406,-0.016015125000000005
220501,0.10462586666666666
220502,0.12698415833333332
220503,0.17196028333333332
220504,0.27962734166666664
220505,0.24114215833333333
220506,0.24255415000000002
220507,0.05486975833333333
220508,0.3174276
220509,0.14715374166666667
220510,0.13627699166666665
220511,0.1500859
220601,-0.042956241666666665
220602,0.01684955
220603,0.18767100833333333
220604,0.03707599166666666
220605,0.043658999999999996
220701,0.09679749166666667
220702,0.10426605
220703,0.03341136666666666
220704,0.11432398333333332
220705,0.026140041666666666
220706,0.054832158333333325
220707,0.053185616666666664
220708,0.16388485833333333
220709,0.13951561666666668
220710,0.25810979166666664
220801,0.11337395
220802,0.24706046666666667
220803,0.2450213
220804,0.24251755833333333
220805,0.35524939166666664
220806,0.028016875
220807,-0.00964588333333333
220808,0.087566775
220809,-0.03784109166666667
220901,0.08644875
220902,0.28687875
220903,0.06729538333333333
220904,0.19030055833333334
220905,0.07607673333333333
220906,0.12602545833333334
220907,0.17646934166666667
220908,0.30665763333333335
220909,0.19870300833333335
220910,0.10195380833333334
220911,0.07750984166666666
220912,0.13841166666666666
220913,0.12432072500000001
220914,0.11730778333333333
221001,-0.127138075
221002,6.460583333333325e-4
221003,0.062503925
221004,0.35594373333333335
221005,-0.022102858333333333
230101,0.5627558416666667
230102,0.53426085
230103,0.9330821583333333
230104,0.7042294166666667
230105,0.3842940166666667
230106,0.7042902333333333
230107,0.393102175
230108,0.9144051083333333
230109,0.13931114166666667
230110,0.6313765583333333
230111,0.401118775
230201,0.5782794583333334
230202,0.2737285
230203,0.2784656833333333
230204,0.07649049166666667
230205,-0.048046875
230206,0.21773539166666667
230301,0.21087485833333333
230302,0.417550225
230303,-0.0171583
230401,0.4638790583333333
230402,0.2987988833333333
230403,0.48000728333333337
230404,0.304579475
230405,0.54860565
230406,0.3386933916666667
230407,0.5499710666666666
230408,0.5170525166666666
240101,0.16133393333333335
240102,0.153288325
240103,0.327219375
240104,0.41244888333333335
240105,0.27241753333333335
240106,0.35960726666666665
240201,0.20741458333333332
240202,0.3760160666666667
240203,0.036368025
240301,0.214936875
240302,0.3383356416666667
240303,0.507559275
240304,0.39554315
250101,0.179727675
250102,0.08974030833333332
250103,0.12263905833333333
250104,0.08669213333333334
250105,-0.072617525
250106,-0.010585799999999994
250107,0.11354269166666667
250201,0.09506645833333333
250202,-0.03488254166666667
250203,0.16725103333333333
250204,0.046970116666666666
250301,0.29486921666666666
250302,0.156803975
250303,0.11447685
250304,0.056298108333333326
250305,0.15721745833333334
250401,0.07539298333333333
