ubigeo,co
010101,0.032319683333333335
010102,0.030076233333333334
010103,0.033372091666666666
010104,0.032029358333333334
010105,0.03139008333333333
010106,0.03209684166666667
010107,0.0292269
010108,0.0329759
010109,0.031073774999999998
010110,0.029147199999999998
010111,0.031520275
010112,0.031134824999999998
010113,0.0311436
010114,0.031074075
010115,0.030930175
010116,0.029289774999999997
010117,0.029945916666666666
010118,0.03214586666666667
010119,0.031407108333333336
010120,0.03185163333333333
010121,0.032110275
010201,0.043164825
010202,0.039128916666666666
010203,0.038822975
010204,0.04172305
010205,0.04079373333333333
010206,0.039654166666666664
010301,0.03162974166666667
010302,0.03119265
010303,0.032802558333333336
010304,0.0321544
010305,0.03305411666666667
010306,0.032669474999999996
010307,0.034641525
010308,0.030595725
010309,0.03183489166666666
010310,0.03485755
010311,0.03292871666666667
010312,0.035654316666666665
010401,0.043099541666666664
010402,0.04009274166666667
010403,0.0429689
010501,0.032505733333333335
010502,0.036115575
010503,0.033706766666666665
010504,0.031948091666666664
010505,0.03183595
010506,0.032314075
010507,0.030886316666666667
010508,0.031946108333333334
010509,0.032248475
010510,0.032003333333333335
010511,0.030528391666666665
010512,0.03390714166666667
010513,0.03349689166666667
010514,0.03379928333333333
010515,0.03542931666666667
010516,0.03268155
010517,0.030815616666666667
010518,0.03371605
010519,0.030918016666666666
010520,0.03282229166666667
010521,0.030629383333333333
010522,0.030887458333333333
010523,0.031647466666666665
010601,0.035009283333333335
010602,0.03520695833333333
010603,0.03358719166666667
010604,0.03707565
010605,0.03394690833333333
010606,0.03448210833333334
010607,0.032668050000000004
010608,0.03502095833333333
010609,0.03527386666666667
010610,0.036338383333333335
010611,0.03637445833333333
010612,0.03438725833333334
010701,0.03848130833333333
010702,0.035982375
010703,0.038704274999999996
010704,0.0428088
010705,0.035568875
010706,0.036546883333333335
010707,0.03790135833333333
020101,0.025071008333333332
020102,0.029941225
020103,0.031007308333333334
020104,0.03037115
020105,0.025062925
020106,0.026163366666666667
020107,0.025412691666666667
020108,0.025459516666666668
020109,0.033088716666666664
020110,0.028592833333333335
020111,0.026286775
020112,0.0251797
020201,0.024166141666666665
020202,0.030756066666666665
020203,0.0262312
020204,0.024423383333333333
020205,0.026859833333333333
020301,0.030740816666666667
020302,0.028570491666666666
020303,0.030284258333333335
020304,0.029081958333333335
020305,0.02654535
020306,0.02640005
020401,0.024941783333333332
020402,0.02834465
020501,0.02637289166666667
020502,0.030526008333333333
020503,0.031658775
020504,0.024057475000000002
020505,0.025062366666666665
020506,0.02949870833333333
020507,0.033659166666666664
020508,0.024690866666666665
020509,0.025564941666666667
020510,0.026217125
020511,0.02944915
020512,0.0284343
020513,0.025624725
020514,0.027526183333333332
020515,0.026042341666666666
020601,0.027098891666666666
020602,0.0289195
020603,0.028875308333333335
020604,0.027641216666666666
020605,0.027125325
020606,0.0260751
020607,0.028284058333333334
020608,0.024633791666666665
020609,0.025583991666666667
020610,0.029063433333333333
020611,0.027046783333333334
020701,0.027034433333333333
020702,0.0290975
020703,0.028458108333333332
020801,0.03830335
020802,0.037247358333333334
020803,0.039763491666666664
020804,0.03561411666666667
020901,0.028259633333333332
020902,0.026576241666666667
020903,0.031699475
020904,0.0263221
020905,0.03167505833333333
020906,0.029531333333333333
020907,0.032214566666666666
021001,0.02545085
021002,0.02632505
021003,0.025922341666666668
021004,0.024712116666666666
021005,0.025750133333333335
021006,0.027204
021007,0.027617875
021008,0.025357283333333334
021009,0.027864
021010,0.028439108333333334
021011,0.026902416666666668
021012,0.0280932
021013,0.02631435
021014,0.0245105
021015,0.025493116666666666
021016,0.027952491666666666
021101,0.03687624166666666
021102,0.031220475
021103,0.037901275
021104,0.03313491666666667
021105,0.029767025
021201,0.028482708333333332
021202,0.03137274166666667
021203,0.02997025
021204,0.029824049999999998
021205,0.029037866666666665
021206,0.0284437
021207,0.028559408333333335
021208,0.026338416666666666
021209,0.028370041666666665
021210,0.02634798333333333
021301,0.0288903
021302,0.028447191666666666
021303,0.031223275
021304,0.02943445
021305,0.029528533333333336
021306,0.02818375
021307,0.028763691666666667
021308,0.02904695
021401,0.02658695
021402,0.030800374999999998
021403,0.026578608333333333
021404,0.031238058333333332
021405,0.036329425
021406,0.027112575
021407,0.028943425000000002
021408,0.029466
021409,0.034744475
021410,0.027469258333333333
021501,0.025926583333333333
021502,0.0314104
021503,0.026477633333333334
021504,0.028735983333333333
021505,0.026647133333333333
021506,0.026759458333333333
021507,0.028880708333333335
021508,0.02946140833333333
021509,0.026636466666666667
021510,0.032857791666666664
021511,0.029843166666666667
021601,0.026840741666666668
021602,0.028394083333333334
021603,0.0300059
021604,0.029441541666666668
021701,0.025293783333333333
021702,0.024125516666666666
021703,0.024920266666666666
021704,0.027529841666666666
021705,0.030469833333333335
021706,0.026833616666666667
021707,0.025345225
021708,0.031182433333333332
021709,0.02516235
021710,0.02470161666666667
021801,0.03793005
021802,0.030867433333333333
021803,0.04019678333333333
021804,0.031290475
021805,0.035955525
021806,0.038390041666666666
021807,0.03946245
021808,0.04062151666666666
021809,0.039648775000000004
021901,0.028925083333333334
021902,0.030664425
021903,0.029683166666666667
021904,0.028490066666666668
021905,0.027308633333333332
021906,0.028556675
021907,0.03043745
021908,0.025779033333333333
021909,0.027398233333333334
021910,0.029580225
022001,0.027513125
022002,0.02645926666666667
022003,0.028399075
022004,0.030018983333333332
022005,0.02946315
022006,0.030136333333333334
022007,0.025466341666666666
022008,0.026398616666666666
030101,0.02882705
030102,0.026470508333333333
030103,0.02569898333333333
030104,0.027780216666666666
030105,0.03085079166666667
030106,0.026843183333333333
030107,0.028828591666666667
030108,0.029887825
030109,0.027546191666666667
030201,0.025961491666666666
030202,0.03077545
030203,0.026572016666666667
030204,0.029112775
030205,0.026514866666666664
030206,0.026454066666666668
030207,0.026620383333333334
030208,0.031347483333333336
030209,0.028705008333333334
030210,0.024683033333333333
030211,0.025266875
030212,0.027478425
030213,0.025699466666666667
030214,0.027356216666666665
030215,0.027490525
030216,0.028097858333333333
030217,0.024585633333333332
030218,0.025716508333333332
030219,0.03153030833333333
030220,0.024850391666666666
030301,0.022483091666666667
030302,0.025154258333333332
030303,0.023298291666666665
030304,0.02246095
030305,0.022770408333333332
030306,0.02517045
030307,0.025107491666666665
030401,0.024954233333333332
030402,0.026071175
030403,0.023989416666666666
030404,0.0267126
030405,0.027720441666666668
030406,0.022698358333333335
030407,0.027499141666666668
030408,0.027515166666666667
030409,0.026268983333333332
030410,0.026156625
030411,0.026450541666666667
030412,0.024733725
030413,0.026459808333333334
030414,0.026161741666666665
030415,0.028537625
030416,0.026128208333333333
030417,0.025891116666666665
030501,0.026130066666666667
030502,0.027590491666666668
030503,0.0255136
030504,0.025148341666666667
030505,0.026650075
030506,0.024406708333333332
030601,0.029041466666666668
030602,0.026681391666666665
030603,0.028519325
030604,0.030418441666666667
030605,0.029786091666666667
030606,0.029793458333333335
030607,0.02806999166666667
030608,0.027139766666666666
030609,0.029101675
030610,0.032188858333333334
030611,0.029921016666666668
030701,0.02421285
030702,0.025319883333333335
030703,0.026891875
030704,0.026095774999999998
030705,0.02422545833333333
030706,0.02505685
030707,0.02345381666666667
030708,0.02443095
030709,0.025415516666666665
030710,0.0265168
030711,0.024514016666666666
030712,0.027617391666666668
030713,0.022565308333333332
030714,0.025393883333333332
040101,0.027466641666666666
040102,0.025951725
040103,0.023771766666666666
040104,0.025349358333333332
040105,0.024931008333333334
040106,0.024056091666666668
040107,0.027666033333333333
040108,0.028487366666666666
040109,0.026166625
040110,0.026232516666666667
040111,0.026383191666666667
040112,0.027593799999999998
040113,0.023729991666666665
040114,0.024632908333333335
040115,0.025740808333333334
040116,0.027385766666666665
040117,0.027404733333333334
040118,0.029495141666666665
040119,0.02183405
040120,0.028009775
040121,0.029420016666666667
040122,0.027445283333333334
040123,0.027341933333333335
040124,0.027570066666666667
040125,0.02871205
040126,0.027361308333333334
040127,0.02606521666666667
040128,0.024058741666666668
040129,0.027765558333333336
040201,0.035934933333333335
040202,0.033832991666666666
040203,0.029424716666666666
040204,0.032160858333333334
040205,0.03157634166666667
040206,0.030083825
040207,0.031956616666666667
040208,0.033322391666666666
040301,0.027615241666666665
040302,0.031144316666666668
040303,0.02974045
040304,0.031451433333333334
040305,0.03298365833333333
040306,0.02467105
040307,0.032578133333333335
040308,0.029906158333333335
040309,0.027171825
040310,0.030686766666666667
040311,0.033946841666666665
040312,0.025421808333333334
040313,0.03297178333333333
040401,0.029278658333333332
040402,0.02279005833333333
040403,0.025836191666666668
040404,0.021418975
040405,0.022730691666666667
040406,0.022558475
040407,0.02859155
040408,0.022710133333333334
040409,0.021790816666666667
040410,0.023646041666666666
040411,0.026959516666666666
040412,0.026537775
040413,0.030118125
040414,0.022805033333333332
040501,0.022351975
040502,0.021959616666666668
040503,0.023142475
040504,0.022182575
040505,0.022093783333333332
040506,0.0233507
040507,0.0243895
040508,0.023073091666666667
040509,0.02284495
040510,0.021910791666666665
040511,0.023198666666666666
040512,0.021754625
040513,0.022921458333333332
040514,0.02170425
040515,0.02194225
040516,0.0221544
040517,0.022688808333333334
040518,0.021590825
040519,0.022002133333333333
040520,0.029368991666666667
040601,0.026297241666666665
040602,0.02540475
040603,0.021571433333333334
040604,0.025519075
040605,0.027080174999999998
040606,0.0293496
040607,0.020602516666666668
040608,0.02741915
040701,0.029878358333333334
040702,0.029528575
040703,0.033204033333333334
040704,0.03182975833333333
040705,0.032357758333333334
040706,0.031431491666666665
040801,0.02221585
040802,0.021988225
040803,0.023567083333333332
040804,0.021233966666666666
040805,0.021202533333333332
040806,0.021213683333333334
040807,0.026011516666666668
040808,0.027144191666666668
040809,0.026336166666666667
040810,0.022609866666666666
040811,0.025280916666666667
050101,0.030076308333333333
050102,0.026980616666666665
050103,0.028169083333333334
050104,0.028731166666666665
050105,0.026156041666666668
050106,0.028760858333333333
050107,0.030647216666666668
050108,0.028786425
050109,0.0290257
050110,0.029192333333333334
050111,0.029357641666666667
050112,0.026929441666666668
050113,0.0295533
050114,0.025257816666666665
050115,0.030343041666666667
050116,0.03018625
050201,0.02720835
050202,0.02437465
050203,0.025815808333333332
050204,0.026041875
050205,0.023230675
050206,0.024347225
050301,0.023073391666666665
050302,0.025431333333333334
050303,0.023832333333333334
050304,0.023548016666666668
050401,0.02845675
050402,0.028747358333333334
050403,0.028291516666666666
050404,0.029701108333333334
050405,0.030084549999999998
050406,0.027297666666666668
050407,0.03352615
050408,0.0373283
050409,0.04045418333333333
050410,0.02648725
050411,0.032290541666666665
050412,0.026483308333333334
050501,0.027592841666666666
050502,0.03247010833333333
050503,0.03375024166666667
050504,0.02997115
050505,0.031085625
050506,0.028978741666666665
050507,0.0345163
050508,0.0262333
050509,0.033688575
050510,0.03178603333333333
050511,0.0327106
050601,0.023443583333333334
050602,0.023868458333333335
050603,0.02405315
050604,0.023651841666666666
050605,0.025245608333333332
050606,0.022675666666666667
050607,0.028274183333333335
050608,0.024800825
050609,0.02587735
050610,0.027001466666666668
050611,0.02354925
050612,0.02795875
050613,0.026188725
050614,0.026849041666666667
050615,0.0253158
050616,0.025093258333333333
050617,0.026926791666666665
050618,0.023266225
050619,0.027024533333333333
050620,0.026333574999999998
050621,0.02714670833333333
050701,0.022693891666666667
050702,0.024707675000000002
050703,0.021789783333333333
050704,0.0236135
050705,0.026053933333333334
050706,0.024215300000000002
050707,0.023502691666666665
050708,0.0229779
050801,0.026428783333333334
050802,0.02420785
050803,0.025751108333333335
050804,0.023556666666666667
050805,0.024023941666666666
050806,0.021413783333333332
050807,0.023615325
050808,0.02373024166666667
050809,0.025005991666666668
050810,0.023603483333333335
050901,0.0264064
050902,0.028729508333333334
050903,0.02798668333333333
050904,0.028097483333333333
050905,0.0249107
050906,0.025498591666666667
050907,0.027383316666666668
050908,0.024881533333333334
050909,0.026362358333333332
050910,0.026428983333333333
050911,0.02431355
051001,0.025272508333333332
051002,0.027133891666666667
051003,0.025374983333333333
051004,0.026628883333333332
051005,0.02552115
051006,0.027499116666666667
051007,0.028334608333333334
051008,0.025170283333333335
051009,0.025183908333333335
051010,0.02625655
051011,0.024538108333333333
051012,0.023544533333333333
051101,0.027258383333333334
051102,0.028257691666666668
051103,0.028994525
051104,0.02825071666666667
051105,0.026953325
051106,0.0290012
051107,0.029004691666666665
051108,0.0269435
060101,0.028641116666666668
060102,0.029665058333333334
060103,0.029962925
060104,0.03132861666666667
060105,0.0270325
060106,0.029310825
060107,0.029721208333333332
060108,0.028653075
060109,0.0327357
060110,0.030668241666666665
060111,0.028643958333333334
060112,0.030452816666666667
060201,0.030040775
060202,0.03023425
060203,0.03232029166666667
060204,0.033043133333333335
060301,0.033717125
060302,0.034715441666666666
060303,0.033201666666666664
060304,0.02898911666666667
060305,0.03395685
060306,0.03078295
060307,0.030646775
060308,0.031360783333333336
060309,0.028130325
060310,0.0291965
060311,0.0344826
060312,0.03010268333333333
060401,0.030168141666666665
060402,0.03454825
060403,0.03248885
060404,0.03213959166666667
060405,0.03638995
060406,0.03472976666666667
060407,0.03384935
060408,0.0309243
060409,0.03427708333333333
060410,0.03111035
060411,0.03729000833333333
060412,0.03403091666666667
060413,0.030412875
060414,0.038214783333333335
060415,0.0332545
060416,0.03668045833333333
060417,0.03275553333333333
060418,0.038380275
060419,0.030835075
060501,0.03179713333333333
060502,0.03601900833333333
060503,0.034044425
060504,0.03142746666666667
060505,0.03705665833333333
060506,0.031600891666666665
060507,0.03468326666666667
060508,0.03811791666666667
060601,0.033368491666666666
060602,0.036468991666666666
060603,0.03998778333333333
060604,0.040110658333333334
060605,0.036850441666666664
060606,0.03716986666666666
060607,0.03439435
060608,0.03305251666666667
060609,0.037327316666666666
060610,0.03685644166666667
060611,0.03696399166666667
060612,0.0330661
060613,0.03712795
060614,0.033382883333333335
060615,0.03944985833333333
060701,0.029406724999999998
060702,0.029341783333333333
060703,0.027856766666666668
060801,0.03793459166666667
060802,0.041295975
060803,0.032332124999999996
060804,0.0358985
060805,0.037055983333333334
060806,0.038132825
060807,0.03395776666666667
060808,0.03635015
060809,0.032190616666666665
060810,0.03394548333333333
060811,0.035897675
060812,0.040903891666666664
060901,0.037701308333333336
060902,0.03912270833333333
060903,0.037581191666666666
060904,0.038282808333333335
060905,0.035051125
060906,0.036388333333333335
060907,0.03324766666666667
061001,0.030909591666666666
061002,0.0322281
061003,0.03284200833333333
061004,0.028623833333333334
061005,0.03290925
061006,0.033106825
061007,0.03256959166666667
061101,0.03316051666666667
061102,0.03634635
061103,0.028864391666666666
061104,0.027752375
061105,0.03186424166666667
061106,0.036390266666666664
061107,0.027220166666666667
061108,0.0390328
061109,0.034832383333333335
061110,0.03757285
061111,0.027977791666666665
061112,0.028176375
061113,0.035703591666666666
061201,0.0319483
061202,0.03501019166666667
061203,0.036167058333333335
061204,0.028832774999999998
061301,0.03509295
061302,0.032860183333333334
061303,0.0346178
061304,0.03480623333333333
061305,0.034455091666666667
061306,0.030370016666666666
061307,0.0303504
061308,0.03210193333333333
061309,0.0355894
061310,0.032376633333333335
061311,0.03134973333333333
070101,0.04070033333333333
070102,0.040143649999999996
070103,0.04030895833333333
070104,0.04005275
070105,0.0404542
070106,0.041130725
070107,0.040910908333333336
080101,0.026082725
080102,0.025640633333333333
080103,0.025708633333333335
080104,0.026435558333333335
080105,0.026842191666666668
080106,0.02583429166666667
080107,0.026500266666666668
080108,0.027218116666666667
080201,0.025744083333333334
080202,0.025885941666666665
080203,0.027186608333333334
080204,0.025445466666666666
080205,0.02571405
080206,0.026513316666666665
080207,0.025147225000000002
080301,0.026796875
080302,0.026415833333333333
080303,0.026047541666666667
080304,0.027789758333333334
080305,0.026135716666666666
080306,0.027667191666666667
080307,0.028985908333333334
080308,0.026614575
080309,0.0271549
080401,0.026046408333333333
080402,0.026964616666666667
080403,0.026808608333333334
080404,0.026203333333333335
080405,0.026749141666666667
080406,0.026454183333333332
080407,0.027093316666666666
080408,0.031267366666666664
080501,0.025236608333333334
080502,0.024570325
080503,0.024379475
080504,0.024153775
080505,0.02306844166666667
080506,0.026312458333333334
080507,0.02480015
080508,0.025722225
080601,0.023813833333333333
080602,0.022943625
080603,0.02449535
080604,0.023008941666666668
080605,0.0228649
080606,0.023588316666666668
080607,0.025989491666666666
080608,0.026049641666666668
080701,0.023142825
080702,0.025924408333333333
080703,0.025287441666666667
080704,0.02601875
080705,0.024638525
080706,0.024198891666666666
080707,0.025100183333333335
080708,0.02426430833333333
080801,0.023804183333333333
080802,0.021346541666666666
080803,0.023800008333333334
080804,0.022940966666666666
080805,0.023690341666666666
080806,0.0247918
080807,0.022817283333333334
080808,0.024346266666666668
080901,0.034083625
080902,0.036313141666666666
080903,0.030204175
080904,0.03483295
080905,0.030481783333333335
080906,0.036312316666666664
080907,0.035103825
080908,0.028187916666666667
080909,0.029965358333333334
080910,0.038152983333333335
080911,0.031586249999999996
080912,0.033295533333333335
080913,0.036964283333333334
080914,0.043240683333333335
081001,0.0262592
081002,0.026432908333333335
081003,0.027885841666666668
081004,0.027050933333333332
081005,0.0274587
081006,0.02513415
081007,0.027372166666666666
081008,0.027004091666666667
081009,0.026122683333333334
081101,0.028216608333333334
081102,0.026547666666666667
081103,0.027462866666666665
081104,0.026472008333333335
081105,0.026158
081106,0.03490349166666667
081201,0.026281475
081202,0.026863175
081203,0.03685614166666667
081204,0.024643166666666667
081205,0.026086933333333333
081206,0.024838616666666667
081207,0.025819366666666666
081208,0.026812225
081209,0.0250347
081210,0.024027491666666668
081211,0.026954
081212,0.02594251666666667
081301,0.026688308333333334
081302,0.026134475
081303,0.027509425
081304,0.028216741666666666
081305,0.028023541666666665
081306,0.025475916666666668
081307,0.027365858333333333
090101,0.023280108333333334
090102,0.022587791666666666
090103,0.026093141666666667
090104,0.02523305
090105,0.025092075
090106,0.022828833333333333
090107,0.026580058333333333
090108,0.025825391666666666
090109,0.024294566666666666
090110,0.023813383333333334
090111,0.027459125
090112,0.0256694
090113,0.022793725
090114,0.024550516666666668
090115,0.02600895
090116,0.02389419166666667
090117,0.024982933333333332
090118,0.022209191666666666
090119,0.025090091666666668
090201,0.028119641666666667
090202,0.027425316666666668
090203,0.026030275
090204,0.02903594166666667
090205,0.030395875
090206,0.025076541666666667
090207,0.028938258333333335
090208,0.027947
090301,0.023569016666666668
090302,0.0258946
090303,0.02662794166666667
090304,0.025913616666666667
090305,0.030935216666666668
090306,0.026392075
090307,0.025014541666666668
090308,0.025386716666666666
090309,0.028285458333333333
090310,0.028084533333333335
090311,0.02543315
090312,0.024893775
090401,0.022380608333333333
090402,0.024466908333333332
090403,0.022369325
090404,0.027871283333333333
090405,0.022530875
090406,0.024330366666666665
090407,0.025021266666666667
090408,0.025575583333333332
090409,0.025192333333333334
090410,0.028806474999999998
090411,0.0216138
090412,0.026027833333333333
090413,0.027413183333333334
090501,0.028311
090502,0.02743835
090503,0.028936550000000002
090504,0.028009841666666667
090505,0.030186283333333334
090506,0.0273883
090507,0.027472758333333333
090508,0.029167333333333333
090509,0.029043841666666667
090510,0.029424458333333334
090511,0.02724525
090601,0.026740366666666668
090602,0.026919941666666666
090603,0.025532791666666665
090604,0.024723191666666665
090605,0.024244616666666666
090606,0.0275467
090607,0.022429183333333335
090608,0.023579983333333332
090609,0.026995916666666668
090610,0.022913258333333332
090611,0.026586975
090612,0.026107616666666666
090613,0.025858716666666667
090614,0.025289383333333332
090615,0.023746483333333332
090616,0.022620441666666664
090701,0.026969825
090702,0.026071633333333333
090703,0.026201725
090704,0.027247216666666668
090705,0.029736641666666667
090706,0.028875633333333334
090707,0.03400295
090709,0.028525541666666668
090710,0.025872783333333333
090711,0.026420641666666668
090713,0.031529466666666665
090714,0.030054725
090715,0.032510533333333334
090716,0.02671469166666667
090717,0.03161925833333333
090718,0.03224038333333333
090719,0.027594
090720,0.03071235
090721,0.031850133333333336
090722,0.02689825
090723,0.028227333333333333
100101,0.032472875
100102,0.03181219166666667
100103,0.033598416666666665
100104,0.029216325
100105,0.026798875
100106,0.028982108333333333
100107,0.030893991666666665
100108,0.02679094166666667
100109,0.02951795
100110,0.029768833333333335
100111,0.031029008333333333
100112,0.027707808333333334
100113,0.03443606666666667
100201,0.030060416666666666
100202,0.028999375
100203,0.027890225
100204,0.030241133333333333
100205,0.030754283333333333
100206,0.028995483333333332
100207,0.02808809166666667
100208,0.030285558333333334
100301,0.026010491666666666
100307,0.025881975
100311,0.027756791666666666
100313,0.026521466666666667
100316,0.026944775
100317,0.02628295
100321,0.027027025
100322,0.026221033333333334
100323,0.027610441666666666
100401,0.028383608333333334
100402,0.029728508333333334
100403,0.03289940833333333
100404,0.028402433333333334
100501,0.0257078
100502,0.028752975
100503,0.027789766666666667
100504,0.02620935
100505,0.031106808333333333
100506,0.026985133333333335
100507,0.03472705
100508,0.02769161666666667
100509,0.0263543
100510,0.026693725
100511,0.02758399166666667
100601,0.04143466666666667
100602,0.038769058333333335
100603,0.03993848333333333
100604,0.039888225
100605,0.04241855
100606,0.03930401666666667
100607,0.039168408333333335
100608,0.042686908333333336
100609,0.040859316666666666
100610,0.03970660833333333
100701,0.0287285
100702,0.032433858333333336
100703,0.029178541666666665
100704,0.04027728333333334
100705,0.0354894
100801,0.029469691666666666
100802,0.03500533333333333
100803,0.028345183333333333
100804,0.03175041666666667
100901,0.04734350833333333
100902,0.04313391666666667
100903,0.048137766666666665
100904,0.04818245833333334
100905,0.048159766666666666
101001,0.024823191666666668
101002,0.025126058333333333
101003,0.027117758333333332
101004,0.0238334
101005,0.025760991666666667
101006,0.026599566666666668
101007,0.025081908333333333
101101,0.025996625
101102,0.026085225
101103,0.026068741666666666
101104,0.025635833333333333
101105,0.026698516666666665
101106,0.026000391666666667
101107,0.026033816666666668
101108,0.026741191666666667
110101,0.03392334166666667
110102,0.0353233
110103,0.0353851
110104,0.033785691666666666
110105,0.035469
110106,0.037000983333333334
110107,0.03594788333333333
110108,0.0351375
110109,0.03342206666666667
110110,0.0354904
110111,0.03390420833333333
110112,0.034428025
110113,0.035905
110114,0.03140890833333333
110201,0.034891375
110202,0.03448634166666667
110203,0.028560266666666667
110204,0.03770520833333333
110205,0.034154583333333335
110206,0.0369568
110207,0.034822291666666665
110208,0.028660941666666665
110209,0.023937091666666667
110210,0.03698091666666667
110211,0.03795328333333333
110301,0.03312309166666667
110302,0.03376481666666667
110303,0.03289890833333333
110304,0.033189441666666666
110305,0.03188345833333333
110401,0.03286394166666667
110402,0.033772366666666664
110403,0.03190650833333333
110404,0.03284165
110405,0.028931850000000002
110501,0.037174983333333335
110502,0.030178766666666666
110503,0.03401618333333333
110504,0.036663275
110505,0.03574675833333333
110506,0.035997858333333334
110507,0.037009883333333334
110508,0.03625839166666667
120101,0.02548305
120104,0.026353391666666667
120105,0.024775349999999998
120106,0.025672616666666665
120107,0.027514808333333335
120108,0.022895350000000002
120111,0.025834816666666666
120112,0.026012858333333333
120113,0.0259802
120114,0.025679441666666667
120116,0.027053891666666666
120117,0.028319375
120119,0.0278728
120120,0.025647541666666666
120121,0.027817583333333333
120122,0.02557120833333333
120124,0.028188125
120125,0.0287551
120126,0.0260729
120127,0.025992633333333334
120128,0.02453275
120129,0.028108958333333333
120130,0.027501225
120132,0.027910358333333333
120133,0.026253183333333333
120134,0.0288231
120135,0.03070945
120136,0.027117766666666668
120201,0.027167258333333333
120202,0.026129875
120203,0.026636508333333333
120204,0.025552441666666665
120205,0.028291716666666668
120206,0.025756291666666667
120207,0.026179475
120208,0.027390066666666667
120209,0.029461208333333332
120210,0.028004975
120211,0.027187091666666666
120212,0.027582883333333332
120213,0.028176158333333333
120214,0.024259691666666666
120215,0.027743733333333333
120301,0.03560239166666666
120302,0.03877348333333333
120303,0.039616075
120304,0.039522575
120305,0.03448615
120306,0.033201475
120401,0.026246075
120402,0.02537673333333333
120403,0.026094791666666665
120404,0.026102025
120405,0.02355655
120406,0.025022141666666668
120407,0.025991708333333332
120408,0.025797225
120409,0.025629908333333333
120410,0.0260964
120411,0.025374858333333333
120412,0.025595225
120413,0.026027233333333333
120414,0.024586458333333335
120415,0.025950783333333335
120416,0.025923833333333333
120417,0.025256316666666667
120418,0.026648941666666665
120419,0.031611066666666666
120420,0.0258333
120421,0.0256243
120422,0.025657558333333334
120423,0.02431695
120424,0.026152983333333334
120425,0.025244916666666666
120426,0.024592066666666666
120427,0.025348700000000002
120428,0.026349766666666666
120429,0.026419116666666666
120430,0.02627
120431,0.025189991666666668
120432,0.0253259
120433,0.025983083333333334
120434,0.02613905
120501,0.024849258333333332
120502,0.02525415
120503,0.025157916666666665
120504,0.02890006666666667
120601,0.04073104166666667
120602,0.040119433333333336
120603,0.034206041666666666
120604,0.0426622
120605,0.03167481666666667
120606,0.03747459166666667
120607,0.04167300833333333
120608,0.03996743333333334
120609,0.040673775
120701,0.026047316666666667
120702,0.02767266666666667
120703,0.025253616666666666
120704,0.0283812
120705,0.026024825
120706,0.029201275
120707,0.026189625
120708,0.026004825
120709,0.026668225
120801,0.024026908333333333
120802,0.023807825
120803,0.022724775
120804,0.023081400000000002
120805,0.022943458333333333
120806,0.024338133333333335
120807,0.02302145
120808,0.023565183333333333
120809,0.022600208333333333
120810,0.02266125
120901,0.028602158333333336
120902,0.026758416666666666
120903,0.025904175
120904,0.027520041666666665
120905,0.028922216666666667
120906,0.027464950000000002
120907,0.024138025
120908,0.028343675
120909,0.023772408333333335
130101,0.041386016666666664
130102,0.04047775
130103,0.0411741
130104,0.04025155833333333
130105,0.041213516666666665
130106,0.038402175
130107,0.04069001666666667
130108,0.03666828333333333
130109,0.039893566666666665
130110,0.035375625
130111,0.041308975
130201,0.04009706666666667
130202,0.03895039166666667
130203,0.04149615
130204,0.0419748
130205,0.04168920833333333
130206,0.041273891666666666
130207,0.04145909166666666
130208,0.03959589166666667
130301,0.031056066666666667
130302,0.033491541666666666
130303,0.03094655
130304,0.03354591666666667
130305,0.029528433333333333
130306,0.0339358
130401,0.040983991666666664
130402,0.04139951666666667
130403,0.0422526
130501,0.027071766666666667
130502,0.026878041666666668
130503,0.02882635
130504,0.029155358333333332
130601,0.030364408333333332
130602,0.0280754
130604,0.032127891666666665
130605,0.031085708333333333
130606,0.03145644166666667
130608,0.026789941666666667
130610,0.030997308333333334
130611,0.031161716666666665
130613,0.032758675
130614,0.030316425
130701,0.04101751666666666
130702,0.04150358333333334
130703,0.041649075
130704,0.041827383333333336
130705,0.04033385833333333
130801,0.027216866666666666
130802,0.027486516666666665
130803,0.030036775
130804,0.029317875
130805,0.028539183333333332
130806,0.030600283333333332
130807,0.030270666666666668
130808,0.029175308333333334
130809,0.03179119166666667
130810,0.028971725
130811,0.030998541666666667
130812,0.030870925
130813,0.030268066666666666
130901,0.02829355
130902,0.02926009166666667
130903,0.03226576666666667
130904,0.028440658333333334
130905,0.0297794
130906,0.029401525
130907,0.027107583333333334
130908,0.03300348333333333
131001,0.028840208333333332
131002,0.028837291666666667
131003,0.026528566666666666
131004,0.027973191666666668
131005,0.027351391666666666
131006,0.025977183333333334
131007,0.029848791666666666
131008,0.0270529
131101,0.035790916666666665
131102,0.034733466666666664
131103,0.03508539166666667
131104,0.031180575
131201,0.038338083333333335
131202,0.03690705
131203,0.04028829166666667
140101,0.043124133333333335
140102,0.04208740833333333
140103,0.043365725
140104,0.044003158333333334
140105,0.04331535
140106,0.042681975
140107,0.04283703333333334
140108,0.042773149999999996
140109,0.040908850000000004
140110,0.040337058333333335
140111,0.042750949999999996
140112,0.04336955
140113,0.04273309166666667
140114,0.04321380833333333
140115,0.04209028333333333
140116,0.042073175000000004
140117,0.042921516666666666
140118,0.042654641666666666
140119,0.041696808333333335
140120,0.04245901666666667
140201,0.04315728333333333
140202,0.03158098333333333
140203,0.03331011666666667
140204,0.04259004166666667
140205,0.041972866666666664
140206,0.04269856666666667
140301,0.0432035
140302,0.040313525
140303,0.04438050833333333
140304,0.042801258333333335
140305,0.0433062
140306,0.0429547
140307,0.041708725
140308,0.042128708333333334
140309,0.043631616666666664
140310,0.03835929166666666
140311,0.044095191666666665
140312,0.043997625
150101,0.040862425
150102,0.03926745
150103,0.042340416666666665
150104,0.040209683333333336
150105,0.04034134166666667
150106,0.041616958333333336
150107,0.04022598333333333
150108,0.040154675
150109,0.03932490833333333
150110,0.043894383333333335
150111,0.042507166666666665
150112,0.042466225
150113,0.04011130833333333
150114,0.04192814166666667
150115,0.041030841666666665
150116,0.0402216
150117,0.042311725
150118,0.04174275833333333
150119,0.038065466666666666
150120,0.03984189166666667
150121,0.04008180833333333
150122,0.04008675
150123,0.03908143333333333
150124,0.039897358333333334
150125,0.041620091666666664
150126,0.03774188333333334
150127,0.037415425
150128,0.041580783333333336
150129,0.038730099999999996
150130,0.040695625
150131,0.040284075
150132,0.042692466666666665
150133,0.042968341666666666
150134,0.0413679
150135,0.04138139166666667
150136,0.03983216666666667
150137,0.042811716666666666
150138,0.03942063333333333
150139,0.040493549999999996
150140,0.040664175000000004
150141,0.040054816666666666
150142,0.039767416666666666
150143,0.04103769166666667
150201,0.038548533333333336
150202,0.037922641666666666
150203,0.03849405833333334
150204,0.0383644
150205,0.03945979166666667
150301,0.0251889
150302,0.0264338
150303,0.025120541666666666
150304,0.029336041666666667
150305,0.029787316666666667
150401,0.02557508333333333
150402,0.030265875
150403,0.03349711666666667
150404,0.022895325
150405,0.026829458333333334
150406,0.026057066666666667
150407,0.0361569
150501,0.036866416666666665
150502,0.03752060833333334
150503,0.03418655833333333
150504,0.037601166666666665
150505,0.037298558333333336
150506,0.03440689166666667
150507,0.037851475
150508,0.03293083333333333
150509,0.03895674166666666
150510,0.035262891666666664
150511,0.03183416666666667
150512,0.03546018333333333
150513,0.03932589166666667
150514,0.038506541666666665
150515,0.0386768
150516,0.0321233
150601,0.03757381666666667
150602,0.023603283333333332
150603,0.028313116666666666
150604,0.03753494166666667
150605,0.040164308333333336
150606,0.030602525000000002
150607,0.03092083333333333
150608,0.024530608333333332
150609,0.028842058333333333
150610,0.023238833333333334
150611,0.03191086666666667
150612,0.025819658333333332
150701,0.025070375
150702,0.03384265
150703,0.031762675
150704,0.02223515
150705,0.022835225
150706,0.028660291666666667
150707,0.026985375
150708,0.022603083333333333
150709,0.023744825
150710,0.02763005
150711,0.026069516666666667
150712,0.02390055
150713,0.0281046
150714,0.03743934166666667
150715,0.02853745
150716,0.03547200833333333
150717,0.0328818
150718,0.023933433333333334
150719,0.023819483333333332
150720,0.022598633333333333
150721,0.024228633333333333
150722,0.022752916666666668
150723,0.031475833333333335
150724,0.028336791666666666
150725,0.024837758333333335
150726,0.027394641666666667
150727,0.03521694166666667
150728,0.036123125
150729,0.022968575
150730,0.03275723333333333
150731,0.03297155
150732,0.028646116666666666
150801,0.03905514166666667
150802,0.030577475
150803,0.03940328333333333
150804,0.027002966666666666
150805,0.03939628333333333
150806,0.038197275
150807,0.027350958333333335
150808,0.02930345
150809,0.023311108333333334
150810,0.039043425
150811,0.03572830833333333
150812,0.03948298333333333
150901,0.024259716666666667
150902,0.02740965
150903,0.025041141666666666
150904,0.028194258333333333
150905,0.028139
150906,0.02676789166666667
151001,0.024777916666666667
151002,0.022952558333333335
151003,0.026745641666666667
151004,0.023816566666666667
151005,0.024872458333333333
151006,0.025906658333333332
151007,0.02448179166666667
151008,0.02932723333333333
151009,0.028977133333333332
151010,0.028877658333333334
151011,0.024813125
151012,0.023533741666666667
151013,0.028318558333333334
151014,0.023762241666666666
151015,0.026220416666666666
151016,0.022868958333333335
151017,0.024673283333333334
151018,0.022520258333333334
151019,0.023086525
151020,0.023069775
151021,0.0230415
151022,0.029509291666666666
151023,0.028065125
151024,0.025897341666666667
151025,0.02989379166666667
151026,0.024613466666666667
151027,0.02745125
151028,0.022992316666666665
151029,0.028895116666666668
151030,0.022882158333333333
151031,0.02460115
151032,0.025882375
151033,0.022918416666666667
160101,0.046751233333333336
160102,0.045993316666666666
160103,0.046733833333333336
160104,0.045629608333333335
160105,0.045272683333333334
160106,0.045583675
160107,0.045740225
160108,0.04625665833333333
160110,0.046581283333333334
160112,0.04600780833333333
160113,0.046789308333333335
160201,0.0458286
160202,0.04388315
160205,0.0450273
160206,0.04553025833333333
160210,0.0453621
160211,0.04547930833333333
160301,0.0468488
160302,0.047039475
160303,0.04542976666666667
160304,0.04475088333333333
160305,0.04565026666666667
160401,0.045751
160402,0.045423316666666665
160403,0.045991625
160404,0.045753275
160501,0.04805335
160502,0.045993566666666666
160503,0.04716943333333333
160504,0.047184116666666664
160505,0.04673203333333333
160506,0.04691401666666667
160507,0.04650689166666667
160508,0.047114058333333333
160509,0.04731275
160510,0.04729805833333334
160511,0.04784808333333333
160601,0.044964833333333336
160602,0.045774108333333334
160603,0.04638600833333333
160604,0.0433278
160605,0.04610430833333333
160606,0.04569435
160701,0.04346055
160702,0.044533075
160703,0.04432190833333333
160704,0.045889991666666664
160705,0.046223008333333336
160706,0.04499915
160801,0.04493721666666667
160802,0.045109325
160803,0.045925925
160804,0.0453039
170101,0.04532055833333334
170102,0.04640366666666667
170103,0.04633196666666667
170104,0.045694091666666665
170201,0.04172855833333333
170202,0.04358533333333333
170203,0.04435230833333333
170204,0.044636966666666666
170301,0.045335683333333335
170302,0.046304225
170303,0.04652718333333333
180101,0.028238783333333333
180102,0.021198716666666666
180103,0.023352275
180104,0.026738708333333333
180105,0.022668066666666667
180106,0.023485775
180201,0.0246412
180202,0.0214464
180203,0.022352508333333333
180204,0.021305033333333334
180205,0.027324525
180206,0.02161863333333333
180207,0.023340983333333332
180208,0.024145275
180209,0.026064183333333334
180210,0.022122925
180211,0.021897408333333333
180301,0.03185506666666667
180302,0.029921141666666665
180303,0.03192615
190101,0.025078916666666666
190102,0.0281978
190103,0.027431691666666667
190104,0.023247158333333334
190105,0.0253336
190106,0.028026091666666666
190107,0.02861825
190108,0.02675168333333333
190109,0.024094616666666666
190110,0.025853408333333334
190111,0.024499233333333332
190112,0.024843808333333335
190113,0.025719941666666666
190201,0.024968733333333333
190202,0.0272659
190203,0.026803858333333333
190204,0.028425675
190205,0.026697699999999998
190206,0.026890875
190207,0.028751616666666667
190208,0.026258591666666668
190301,0.035517625
190302,0.034072541666666664
190303,0.032900516666666664
190304,0.04270560833333333
190305,0.036982025
190306,0.042384783333333335
190307,0.038529658333333335
190308,0.044970725
200101,0.04166336666666667
200104,0.04122301666666667
200105,0.041244166666666665
200107,0.04193365833333333
200108,0.042487575
200109,0.04210130833333334
200110,0.042106641666666667
200111,0.04095904166666667
200114,0.041547975
200115,0.0419409
200201,0.034778366666666664
200202,0.035634275
200203,0.03797448333333333
200204,0.0349209
200205,0.037441966666666666
200206,0.033249991666666666
200207,0.03907285
200208,0.03647391666666667
200209,0.03721350833333333
200210,0.04043555
200301,0.03142148333333333
200302,0.037614241666666666
200303,0.03142063333333333
200304,0.036509716666666664
200305,0.03640673333333333
200306,0.037375733333333334
200307,0.03235819166666667
200308,0.03233988333333333
200401,0.041101508333333335
200402,0.041424216666666666
200403,0.03430115833333333
200404,0.04139173333333333
200405,0.04140059166666667
200406,0.04096990833333333
200407,0.040595624999999996
200408,0.03844326666666667
200409,0.0369025
200410,0.037195016666666664
200501,0.04215785
200502,0.042341641666666666
200503,0.04283279166666667
200504,0.04396368333333333
200505,0.04188585
200506,0.0423665
200507,0.04313185
200601,0.042197525
200602,0.04261648333333334
200603,0.04217214166666667
200604,0.041076133333333334
200605,0.040670116666666666
200606,0.041964725
200607,0.04241801666666667
200608,0.0427615
200701,0.04064724166666667
200702,0.04102245833333333
200703,0.04150505
200704,0.041813175
200705,0.04137208333333334
200706,0.041563925
200801,0.04222833333333333
200802,0.042456375
200803,0.041793608333333336
200804,0.042267316666666666
200805,0.042673583333333334
200806,0.041842808333333335
210101,0.024062866666666665
210102,0.022615366666666668
210103,0.0296246
210104,0.024527625
210105,0.026277191666666668
210106,0.024595816666666666
210107,0.024939883333333333
210108,0.024158483333333335
210109,0.022205425
210110,0.024698225
210111,0.021920733333333334
210112,0.023702325
210113,0.021548775
210114,0.022251641666666665
210115,0.023597558333333334
210201,0.024901383333333332
210202,0.024936441666666666
210203,0.024646841666666666
210204,0.024480208333333333
210205,0.02464045
210206,0.024342975
210207,0.024274408333333334
210208,0.022987041666666666
210209,0.02363465
210210,0.025076441666666668
210211,0.023082808333333333
210212,0.023587
210213,0.024530891666666665
210214,0.024442491666666667
210215,0.024420975
210301,0.023374175
210302,0.024054475
210303,0.037963575
210304,0.038359275
210305,0.023029016666666666
210306,0.024139291666666667
210307,0.02905716666666667
210308,0.02583465
210309,0.03758728333333333
210310,0.025327441666666665
210401,0.023553983333333334
210402,0.023677058333333334
210403,0.02319205
210404,0.023720508333333334
210405,0.02185258333333333
210406,0.024647166666666668
210407,0.0242705
210501,0.023502816666666666
210502,0.02105605
210503,0.025573641666666667
210504,0.020995558333333334
210505,0.022140741666666665
210601,0.024396125
210602,0.022722083333333334
210603,0.02489885
210604,0.024192933333333333
210605,0.025108575
210606,0.024296816666666665
210607,0.02521505
210608,0.023953683333333333
210701,0.024018091666666668
210702,0.023193091666666665
210703,0.024589241666666668
210704,0.024439408333333332
210705,0.021873441666666667
210706,0.0225273
210707,0.021514358333333334
210708,0.023761666666666667
210709,0.02227040833333333
210710,0.02229790833333333
210801,0.023328825
210802,0.023412566666666666
210803,0.023374241666666667
210804,0.023450483333333334
210805,0.02391175
210806,0.022782108333333335
210807,0.024098333333333333
210808,0.023586083333333334
210809,0.023980008333333334
210901,0.0243046
210902,0.0243027
210903,0.023682308333333332
210904,0.024557875
211001,0.023237991666666666
211002,0.022257100000000002
211003,0.0241788
211004,0.022982866666666667
211005,0.02691435
211101,0.024353808333333334
211102,0.023770641666666665
211103,0.022362991666666665
211104,0.023917266666666666
211105,0.0248301
211201,0.030075791666666667
211202,0.023732791666666666
211203,0.037396958333333334
211204,0.02699008333333333
211205,0.03202445833333333
211206,0.026822541666666665
211207,0.037221475
211208,0.033931916666666666
211209,0.035927575
211210,0.043080991666666665
211301,0.025263266666666666
211302,0.029036058333333333
211303,0.02532805
211304,0.0241419
211305,0.025683341666666665
211306,0.025978383333333334
211307,0.026486708333333334
220101,0.0395025
220102,0.04173631666666667
220103,0.04156280833333333
220104,0.038899575
220105,0.03783923333333333
220106,0.040791975
220201,0.04446886666666667
220202,0.040751475
220203,0.042857258333333335
220204,0.043635475
220205,0.04460200833333333
220206,0.04514664166666667
220301,0.042816483333333336
220302,0.044103633333333336
220303,0.03897576666666667
220304,0.04348316666666667
220305,0.04269645833333333
220401,0.04163435
220402,0.03867748333333333
220403,0.04384998333333333
220404,0.04306143333333333
220405,0.04401006666666667
220406,0.044422416666666666
220501,0.04246530833333333
220502,0.03911175
220503,0.04483761666666667
220504,0.04465366666666667
220505,0.04364183333333333
220506,0.03970803333333333
220507,0.04370529166666667
220508,0.04020195
220509,0.043673641666666665
220510,0.041267450000000004
220511,0.043233875
220601,0.044034125
220602,0.04108934166666667
220603,0.03385405833333333
220604,0.04030144166666667
220605,0.04417926666666667
220701,0.045119683333333334
220702,0.04407040833333333
220703,0.04533974166666667
220704,0.04485278333333333
220705,0.04486489166666666
220706,0.04590391666666667
220707,0.04511908333333334
220708,0.04167191666666667
220709,0.04416043333333333
220710,0.04167985
220801,0.04129785
220802,0.037818033333333334
220803,0.04127911666666667
220804,0.03885358333333334
220805,0.035901441666666666
220806,0.041251191666666666
220807,0.041469016666666664
220808,0.03911314166666666
220809,0.04155425833333333
220901,0.044928525
220902,0.044205
220903,0.04475385
220904,0.04341508333333333
220905,0.04565408333333333
220906,0.04570939166666667
220907,0.04472106666666667
220908,0.045432041666666666
220909,0.04348259166666667
220910,0.044949641666666665
220911,0.04546635
220912,0.04362085833333333
220913,0.042862025
220914,0.043420541666666666
221001,0.040950658333333334
221002,0.0415631
221003,0.03883333333333333
221004,0.031076741666666668
221005,0.04085114166666667
230101,0.028757325
230102,0.02848135833333333
230103,0.029392275
230104,0.028151933333333334
230105,0.028254541666666667
230106,0.025791466666666665
230107,0.021330525
230108,0.028227858333333335
230109,0.031459408333333334
230110,0.030488975
230111,0.03208958333333333
230201,0.021065116666666668
230202,0.021817216666666667
230203,0.02114795
230204,0.024727716666666667
230205,0.023176816666666666
230206,0.023834016666666666
230301,0.0295107
230302,0.026340025
230303,0.03131755
230401,0.02094103333333333
230402,0.025531508333333335
230403,0.023336166666666668
230404,0.0241887
230405,0.024206375
230406,0.021267791666666667
230407,0.022121158333333335
230408,0.021006516666666666
240101,0.041412875
240102,0.04130361666666667
240103,0.04170488333333333
240104,0.041078525
240105,0.04097765833333333
240106,0.04127525
240201,0.041540275
240202,0.04070493333333333
240203,0.041276408333333334
240301,0.041976
240302,0.041219758333333335
240303,0.04153166666666667
240304,0.04158019166666667
250101,0.046061333333333336
250102,0.048308083333333335
250103,0.04711910833333333
250104,0.047245125
250105,0.04706124166666667
250106,0.047577575
250107,0.04986781666666667
250201,0.04459448333333334
250202,0.045377716666666665
250203,0.046710100000000004
250204,0.046342325000000004
250301,0.043617358333333335
250302,0.047960891666666665
250303,0.047889525
250304,0.04821620833333334
250305,0.049192241666666664
250401,0.045783283333333334
