ubigeo,sradiation
010101,220.88526491666667
010102,218.01753873333334
010103,223.35637868333333
010104,219.37205408333332
010105,217.71301344166667
010106,224.29038976666666
010107,217.62616244166668
010108,218.5954572
010109,220.87375075
010110,225.47845515
010111,222.27544599166666
010112,220.389861125
010113,220.04747586666667
010114,217.75138604166668
010115,220.29193188333332
010116,218.07228369166666
010117,217.95946776666668
010118,220.95843375
010119,219.93965611666667
010120,221.539692925
010121,218.8451525
010201,227.63109788333333
010202,221.85350350833332
010203,219.59853915
010204,222.64273973333334
010205,220.893103475
010206,220.564373575
010301,217.2628062
010302,217.63650153333333
010303,218.95763365833332
010304,216.17328276666666
010305,215.945522725
010306,215.85652641666667
010307,216.17239005
010308,218.48913305833332
010309,216.662748825
010310,214.117940225
010311,218.93665574166667
010312,214.169638875
010401,214.96141284166666
010402,211.90870365
010403,204.76441275833332
010501,223.19802403333333
010502,222.90639996666667
010503,226.24402758333332
010504,224.60830699166667
010505,223.42150375
010506,224.94956744166666
010507,224.00554386666667
010508,224.17488123333334
010509,223.47747471666668
010510,222.1828518
010511,227.75433530833334
010512,222.99612319166667
010513,224.42788813333334
010514,224.20754275000002
010515,224.70211920833333
010516,221.95544224166667
010517,226.68898215833335
010518,218.04578949166665
010519,224.77629638333335
010520,220.274250075
010521,225.83167686666667
010522,226.64287341666667
010523,223.536009825
010601,215.80622455
010602,216.88608054166667
010603,219.71804135
010604,216.962863475
010605,218.59925261666666
010606,217.69717719166667
010607,216.81409920833335
010608,216.34042085
010609,216.78981068333334
010610,215.72632725
010611,216.12047265
010612,220.21206216666667
010701,227.431626675
010702,211.335058925
010703,229.50537833333334
010704,231.858926825
010705,220.20937671666667
010706,223.48143031666666
010707,227.25008796666668
020101,252.22959567499998
020102,250.983685225
020103,253.287771775
020104,253.76023789166666
020105,250.79868939166667
020106,257.07938290833334
020107,258.11965260833335
020108,248.35404185833335
020109,256.1032999083333
020110,254.77077383333332
020111,255.42969382500002
020112,245.738961075
020201,256.02195364166664
020202,254.408909575
020203,257.33201230000003
020204,258.03137737500003
020205,251.31224525833332
020301,233.7549689
020302,233.44548138333334
020303,234.31761876666667
020304,235.54970161666665
020305,238.71820538333333
020306,238.14410124166668
020401,247.14656430833332
020402,245.757665575
020501,254.93982153333334
020502,248.67423630000002
020503,253.90639075
020504,250.34428724166668
020505,255.82533954166666
020506,253.63078615833334
020507,259.708781275
020508,247.83812853333333
020509,249.38106709166667
020510,253.85485294166668
020511,249.31704371666666
020512,248.107027
020513,247.899081575
020514,256.52495109166665
020515,256.42901370833334
020601,251.10819666666666
020602,250.07380535
020603,250.64685821666666
020604,258.841909575
020605,255.907272225
020606,246.98169978333334
020607,248.12653095833332
020608,244.77125459166666
020609,247.03366553333333
020610,250.64685821666666
020611,257.81323365
020701,241.52859269166666
020702,238.30222958333334
020703,239.32494636666667
020801,264.83393523333336
020802,259.11367648333334
020803,266.97408153333333
020804,260.98066090833333
020901,243.03369061666666
020902,239.66402839166668
020903,242.32415301666666
020904,238.87913765833332
020905,239.83747411666667
020906,228.61856651666668
020907,244.2251761
021001,245.10532124166667
021002,229.51087478333335
021003,239.87060790833334
021004,247.52781165
021005,229.87941935833334
021006,231.1079422
021007,239.09373011666668
021008,246.91658270833332
021009,238.16231589166668
021010,231.84883459166667
021011,232.39519708333333
021012,234.48568599166668
021013,229.50647235833333
021014,242.64328339166667
021015,237.557173725
021016,230.01322473333335
021101,263.10942208333336
021102,250.75883819166665
021103,264.43961275
021104,254.384150325
021105,250.53874253333333
021201,243.93591266666667
021202,246.45268705833334
021203,251.52094675
021204,246.10883050833334
021205,247.342038275
021206,246.19337278333333
021207,254.13243539166666
021208,239.73187256666668
021209,251.71228774166667
021210,238.16187275000001
021301,236.90611329166666
021302,238.634053875
021303,236.685114825
021304,236.77901518333334
021305,238.56057643333332
021306,246.23081545833332
021307,246.00717528333334
021308,240.04586564166667
021401,256.52769694166665
021402,256.05801218333335
021403,258.0077640833333
021404,253.91819978333334
021405,261.397944375
021406,254.16696927499999
021407,255.91775170833333
021408,257.026482975
021409,261.95826751666664
021410,256.10411605
021501,238.98826670833333
021502,237.66405463333334
021503,236.48404855833334
021504,235.432929075
021505,236.182997875
021506,234.36271810833333
021507,241.35488548333333
021508,235.42698549166667
021509,234.43321655
021510,241.15603395
021511,240.7691212
021601,241.31568830833334
021602,244.51366083333335
021603,233.93178364166667
021604,234.02238765833334
021701,252.8861542
021702,252.50571703333333
021703,254.33826386666667
021704,254.15535414166666
021705,254.40883505
021706,253.72432305833334
021707,256.137465975
021708,258.46062035833336
021709,253.80716055833332
021710,251.97156635
021801,253.68274623333332
021802,243.05658202499998
021803,0
021804,242.800248275
021805,249.704707325
021806,256.3244038583333
021807,262.9799132
021808,261.9014412
021809,257.8528137833333
021901,237.78174206666668
021902,233.736454275
021903,232.72976650833334
021904,239.89624044166666
021905,236.13574895833332
021906,232.40712989166667
021907,232.49576275833334
021908,237.19193121666666
021909,239.65632253333334
021910,233.69912015833333
022001,243.688728725
022002,254.33144214166666
022003,245.28777635
022004,250.48997735
022005,250.42417911666666
022006,244.69069094166667
022007,254.97732583333334
022008,246.67520420833333
030101,215.40830049166667
030102,234.95565105
030103,233.96505166666665
030104,218.50797969166666
030105,207.609782725
030106,224.64203494166668
030107,227.669136675
030108,209.27980785
030109,214.617336375
030201,230.37463700833334
030202,214.79570089166666
030203,233.93830188333334
030204,221.46714329166667
030205,231.60879062499998
030206,238.576402725
030207,221.51539020833332
030208,213.05016341666666
030209,219.70696676666665
030210,246.53339424166666
030211,241.87795344166668
030212,229.51310336666668
030213,226.007865575
030214,235.843613575
030215,227.9443643
030216,224.90788343333332
030217,238.9142812
030218,232.42828941666667
030219,214.44753344166668
030220,231.37060443333334
030301,248.36264393333332
030302,237.886414175
030303,244.208855775
030304,248.90266388333333
030305,248.26548385
030306,239.97060016666666
030307,241.97981215000001
030401,241.53952410833332
030402,243.44304850833333
030403,243.55269076666667
030404,234.186366225
030405,237.69186591666667
030406,250.22275628333335
030407,236.41553645833335
030408,236.18019759166668
030409,236.32184627499998
030410,240.079539575
030411,233.79341668333333
030412,245.98261918333333
030413,238.76326755833333
030414,235.893801275
030415,233.27754509166667
030416,239.61697445833335
030417,238.78716716666668
030501,235.09739690833334
030502,224.19916889166666
030503,230.80653400833333
030504,245.68414725833333
030505,234.78080863333332
030506,243.77005434166665
030601,222.59406951666668
030602,224.30162869166668
030603,225.62756695
030604,217.76989325833333
030605,220.22562499166668
030606,220.16330175833332
030607,226.8177601
030608,223.99473771666666
030609,221.10021350833333
030610,216.34057050833334
030611,220.73289771666666
030701,240.686894025
030702,236.156743275
030703,227.11389729166666
030704,232.45451175
030705,240.084136925
030706,239.118286925
030707,243.22550344166666
030708,240.51365933333332
030709,239.47765211666666
030710,238.87701111666667
030711,243.68924838333334
030712,237.432563775
030713,245.51166304166668
030714,237.760499475
040101,278.8446378666667
040102,272.23469173333336
040103,269.50214950000003
040104,273.4210100166667
040105,274.47070221666667
040106,270.9648938166667
040107,279.06290055
040108,277.42826916666667
040109,271.2685886
040110,272.10578243333333
040111,277.666578675
040112,277.70082375
040113,274.7571639916667
040114,276.37753538333334
040115,277.31648305833335
040116,277.62129246666666
040117,279.0627239333333
040118,277.4559498666667
040119,273.7621179
040120,275.921592175
040121,276.4053522
040122,279.07633791666666
040123,279.08460484166665
040124,277.5856892666667
040125,276.5844562
040126,278.88846219166663
040127,275.71409966666664
040128,273.41250104166664
040129,279.06290055
040201,0
040202,264.19816335
040203,268.61241574166667
040204,268.42999810833334
040205,266.77307795
040206,271.19012044166664
040207,265.672107
040208,264.2169700416667
040301,279.1241365916667
040302,269.22099533333335
040303,275.8922922583333
040304,272.3417539
040305,270.39807564166665
040306,274.54313517500003
040307,273.3684876
040308,272.833822225
040309,270.65401034999996
040310,267.28660649166665
040311,269.4902889416667
040312,274.352774625
040313,270.982128875
040401,273.438409375
040402,267.0950983833333
040403,255.51376869166666
040404,260.4289266916667
040405,262.9450535
040406,261.28212768333333
040407,266.40828650000003
040408,263.0032628916667
040409,259.0494421166667
040410,272.68902433333335
040411,266.25205466666665
040412,256.75622738333334
040413,271.49557185833334
040414,269.782159475
040501,264.53727223333334
040502,271.85478463333334
040503,263.79535775833335
040504,268.463240625
040505,262.56399238333336
040506,266.67942685833333
040507,261.541770175
040508,272.3894707
040509,265.85972616666663
040510,264.86116281666665
040511,272.33275718333334
040512,270.20491154166666
040513,260.5213902666667
040514,271.8306868083333
040515,266.116101175
040516,258.4330262666667
040517,263.3056799
040518,267.57378855
040519,271.97819054166666
040520,275.22623865833333
040601,274.8668823666667
040602,274.184636475
040603,259.0034831666667
040604,255.877574225
040605,274.85110844999997
040606,274.82406729166667
040607,265.89564724166667
040608,267.72930253333334
040701,271.6768629416667
040702,270.72066366666667
040703,266.66862195
040704,266.05887149166665
040705,265.63388192499997
040706,270.1771929833333
040801,260.23971171666665
040802,253.681029425
040803,256.57958449166665
040804,253.27452085000002
040805,256.66194847500003
040806,255.23617699166667
040807,253.70008133333334
040808,252.57038195833334
040809,255.66704779166668
040810,256.8922739916667
040811,255.21484894166667
050101,230.79942933333334
050102,227.96532158333332
050103,222.91610048333334
050104,232.72427013333333
050105,233.48122774166666
050106,225.46769340833333
050107,227.81525963333334
050108,224.01534025833334
050109,231.22794615833334
050110,231.86170238333332
050111,231.96610009166668
050112,233.77027038333333
050113,227.91969545
050114,239.06430836666667
050115,230.68356750833334
050116,229.62814934166667
050201,235.85070656666667
050202,241.59003738333334
050203,238.65766730000001
050204,239.54975411666666
050205,243.707396425
050206,240.43109305833335
050301,251.1543319
050302,241.503627675
050303,245.0818564
050304,248.41679503333333
050401,221.99461991666666
050402,213.11872535
050403,223.182379825
050404,223.67422684166667
050405,220.3570515
050406,215.65870330833334
050407,210.80954999166667
050408,209.87493490833333
050409,209.63050918333334
050410,217.6627107
050411,213.10702695833334
050412,218.00048306666667
050501,217.83607401666666
050502,209.27632649166668
050503,210.08358709166666
050504,218.58263379166667
050505,210.79394215833332
050506,221.125618375
050507,208.522459
050508,218.15793944166666
050509,209.11787513333334
050510,209.13376714999998
050511,210.060236175
050601,258.5978575666667
050602,248.97094724166666
050603,253.13278559166667
050604,254.46605659166667
050605,263.7293366083333
050606,252.411065275
050607,255.75043089166667
050608,258.0671916416667
050609,265.00005835
050610,259.5145668416667
050611,258.30019604166665
050612,261.161969925
050613,259.45361795
050614,266.6721858583333
050615,262.89692353333334
050616,258.90383871666666
050617,263.315222525
050618,255.68124918333334
050619,266.57388929166666
050620,243.07891905833333
050621,269.3120712
050701,258.63259105833333
050702,263.2988618416667
050703,252.89414436666667
050704,254.5764337
050705,269.53040955
050706,269.4774325833333
050707,256.15424335
050708,259.6875761416667
050801,270.06120765
050802,257.99208135833334
050803,252.7752677
050804,262.74212293333335
050805,257.921195925
050806,258.59797685
050807,264.9346199666667
050808,256.7893652833333
050809,254.048416075
050810,266.29294526666666
050901,236.901282225
050902,229.94956460833333
050903,229.9721163
050904,231.473032475
050905,245.160945675
050906,244.18586191666665
050907,239.5955221
050908,248.20557024166666
050909,236.552862275
050910,244.43903396666667
050911,247.814979575
051001,239.81890031666666
051002,236.84485014166665
051003,244.08949330833335
051004,243.07548550833334
051005,242.21193453333333
051006,236.940461025
051007,236.72506525
051008,238.84666297500002
051009,239.92413911666668
051010,240.783001225
051011,243.311196175
051012,246.06921275
051101,231.90245633333333
051102,233.62108638333333
051103,231.20300063333332
051104,230.29091535
051105,233.12253603333335
051106,232.29719818333334
051107,228.80391166666666
051108,232.87363455833335
060101,234.21222149166667
060102,233.29908119166666
060103,229.61986681666667
060104,235.14493834166666
060105,233.39268828333334
060106,236.16917198333334
060107,235.516740875
060108,235.013400275
060109,233.73123456666667
060110,232.70480615
060111,233.06956027500001
060112,235.66132143333334
060201,226.60892595833334
060202,233.33273729166666
060203,226.71122280833333
060204,227.89633965
060301,234.25177345
060302,232.70642213333335
060303,228.41415629166667
060304,234.25018371666667
060305,238.09845666666666
060306,238.91992985833335
060307,231.06823038333334
060308,236.50339944166666
060309,236.49265855833335
060310,238.40148660833333
060311,237.30659673333332
060312,231.81627070833332
060401,221.01460665833332
060402,223.44962499166667
060403,224.72117231666667
060404,219.4560505
060405,224.68068736666666
060406,226.430766075
060407,220.87968825000002
060408,221.503168375
060409,228.15894745
060410,218.391097575
060411,231.72632441666667
060412,230.476150325
060413,226.10287230833333
060414,225.70476633333334
060415,232.63875606666667
060416,233.755831425
060417,222.89842366666667
060418,236.56750334999998
060419,223.90679349166666
060501,238.05234448333334
060502,236.82246445
060503,243.8181993
060504,241.86561236666665
060505,247.80027028333333
060506,242.20780595
060507,243.74046980833333
060508,245.62974546666666
060601,222.18825853333334
060602,229.31567878333334
060603,236.33076190833333
060604,227.82615610833332
060605,228.628290575
060606,231.792192875
060607,230.7056829
060608,228.01854875833334
060609,229.642101125
060610,227.81466331666667
060611,228.35527026666665
060612,225.06072124166667
060613,232.26306190833333
060614,225.5655689
060615,234.69911650833333
060701,226.69452845833334
060702,220.11362501666667
060703,227.90437303333334
060801,237.50487145833333
060802,238.57377775
060803,227.31012888333333
060804,231.39954864166668
060805,236.762608275
060806,239.99651016666667
060807,225.96425236666667
060808,228.82451804166666
060809,216.33654789166667
060810,218.70644101666667
060811,229.81452448333334
060812,229.93912653333334
060901,224.34584813333333
060902,232.44492505833333
060903,225.15745623333333
060904,230.51672375
060905,221.49870169166667
060906,222.83785950833334
060907,222.11570126666666
061001,231.81909428333333
061002,229.11602776666666
061003,229.41230723333334
061004,232.68904759166668
061005,229.2247851
061006,230.541503725
061007,232.2937839
061101,235.38875759166666
061102,231.80090343333333
061103,231.92818498333335
061104,223.95043865
061105,236.859413
061106,232.04761708333334
061107,228.69136664166666
061108,241.30861
061109,233.722820625
061110,240.04856385
061111,228.14801926666667
061112,227.74166859166667
061113,239.117753
061201,230.76830363333332
061202,233.03056594166665
061203,233.29016671666668
061204,229.94450675833335
061301,226.635905425
061302,223.982365925
061303,231.61983139166665
061304,223.058897475
061305,223.61314106666666
061306,218.36926785833333
061307,228.71003014166666
061308,225.87178526666668
061309,229.6315103
061310,219.678207125
061311,224.43082264166668
070101,268.09074020833333
070102,268.09074020833333
070103,268.09074020833333
070104,0
070105,0
070106,266.37292891666664
070107,266.4293963083333
080101,217.83575535
080102,220.37317115833335
080103,216.46800614166668
080104,219.80936750833334
080105,219.97343569166668
080106,220.93465504166667
080107,219.38355890833333
080108,221.14099375
080201,231.07404379166667
080202,237.823335475
080203,231.86495675833334
080204,239.21496204166667
080205,237.76028051666665
080206,224.80074308333332
080207,233.46862684166666
080301,215.06187231666667
080302,212.497041025
080303,214.12480014166667
080304,217.70126243333334
080305,210.26246554166667
080306,208.55959966666666
080307,207.78143905
080308,214.781721975
080309,214.55954315833333
080401,208.51239429166665
080402,214.46923411666666
080403,210.98638446666666
080404,202.05888499166667
080405,212.43842814166666
080406,215.337560275
080407,214.88763455
080408,193.57601699166668
080501,245.524576775
080502,253.13155688333333
080503,253.25768143333335
080504,250.177162275
080505,251.41524556666667
080506,241.99566395
080507,247.92308278333334
080508,242.5616906
080601,241.46385109166667
080602,230.00010195
080603,235.779588925
080604,245.24813199166667
080605,226.500995
080606,236.74736885833335
080607,239.91200760833334
080608,240.79342794166666
080701,253.62452129166667
080702,234.87763715
080703,247.46691368333333
080704,242.39648721666666
080705,246.88497809166665
080706,252.60226036666666
080707,249.977638525
080708,252.7219088
080801,261.23148868333334
080802,264.60491435
080803,258.22663942500003
080804,263.1647740166667
080805,259.9598760083333
080806,256.77848380833336
080807,261.3342994083333
080808,257.76577553333334
080901,191.31569100833335
080902,197.88615640833333
080903,192.720950075
080904,189.239238325
080905,192.37886799166665
080906,189.255361025
080907,201.92451482500002
080908,199.32267970833334
080909,194.63313110833334
080910,203.695373775
080911,202.721341925
080912,196.76886811666665
080913,200.3811462
080914,204.2076248
081001,226.76626475
081002,233.88602106666667
081003,227.29334365
081004,230.21237718333333
081005,223.76268795833334
081006,240.18663579166667
081007,225.11701655000002
081008,234.57942971666665
081009,222.53988365
081101,202.56159339166666
081102,216.65397231666668
081103,205.586906575
081104,212.132602775
081105,214.72114350833334
081106,195.715026225
081201,222.0284869
081202,221.80563978333333
081203,198.49628756666667
081204,209.89926166666666
081205,217.04401095
081206,227.02196478333332
081207,228.973230275
081208,223.72823963333332
081209,210.01117399166668
081210,216.86333286666667
081211,219.35442391666666
081212,225.912772875
081301,204.30812423333333
081302,213.19436395
081303,209.25389801666665
081304,196.87041014166667
081305,210.56506684166666
081306,202.638066025
081307,206.61706709999999
090101,243.79551748333333
090102,247.98650786666667
090103,236.309638625
090104,246.17847651666668
090105,244.85338848333333
090106,243.18186775833334
090107,242.29616115833332
090108,244.63161508333334
090109,245.93306919166668
090110,244.41935383333333
090111,241.52746835
090112,242.738653125
090113,245.92722140833334
090114,242.91771631666666
090115,243.69473926666666
090116,246.2654226
090117,239.08010316666667
090118,247.07435835
090119,244.16003050833334
090201,230.08922908333332
090202,229.71976
090203,233.63793197500001
090204,227.92885195833333
090205,227.42610729166665
090206,235.39488244166665
090207,230.52351349166668
090208,230.418322725
090301,239.559372575
090302,236.13610464166666
090303,233.311475025
090304,239.40249854166666
090305,229.16550498333334
090306,233.14481195
090307,234.50494991666667
090308,234.1312331
090309,232.12622689166668
090310,233.228029725
090311,236.41048188333332
090312,236.13628565
090401,250.04993665833334
090402,251.47245157499998
090403,250.694040925
090404,253.94927200833334
090405,251.660000225
090406,247.75514834166668
090407,252.02433035833334
090408,252.59809215833332
090409,249.61755109166666
090410,253.74738574166668
090411,247.37256759166667
090412,251.53933595833334
090413,249.58231169166666
090501,220.25481835
090502,224.76321218333334
090503,221.063600725
090504,224.90632904166665
090505,221.7613827
090506,223.708150075
090507,223.72585171666668
090508,223.0815029
090509,218.04325815
090510,217.72313406666666
090511,226.24356135
090601,256.66326748333336
090602,255.60288418333334
090603,260.0935827
090604,252.654177625
090605,257.1549372
090606,256.1841218083333
090607,248.36050919166667
090608,253.63159784166666
090609,251.82848439999998
090610,252.311152425
090611,255.2468909
090612,259.7998539916667
090613,257.70971105
090614,255.555334575
090615,254.56874403333333
090616,253.77109878333334
090701,234.85001829166666
090702,242.1079803
090703,240.89591168333334
090704,238.51215650833333
090705,226.57551035
090706,233.15426865
090707,213.34612956666666
090709,236.22913555
090710,241.60641538333334
090711,240.96832564166667
090713,225.81080246666667
090714,228.74307426666667
090715,225.37498099166666
090716,236.38715154166667
090717,217.9961627
090718,215.004860675
090719,229.58490320833334
090720,220.046275725
090721,214.62092733333333
090722,236.67378829999998
090723,235.10032525
100101,229.15016771666666
100102,224.65616938333332
100103,221.83118358333334
100104,225.67721611666667
100105,239.1777927
100106,233.07229425
100107,232.436419325
100108,236.115382
100109,228.29210201666666
100110,235.02274065
100111,231.11145289166666
100112,236.84748580833335
100113,216.954633725
100201,227.60936600833332
100202,239.21053639166666
100203,242.90026870833333
100204,227.417970025
100205,235.10505518333332
100206,239.57773048333334
100207,233.005101925
100208,225.15465424166666
100301,243.447038625
100307,231.08366066666667
100311,228.006930725
100313,238.88482455000002
100316,229.87110664166667
100317,243.50284525833334
100321,240.09866969166666
100322,237.042136325
100323,235.48334658333334
100401,229.49884144166666
100402,231.26630964166668
100403,227.66472291666668
100404,229.578446075
100501,238.85311581666667
100502,229.56980681666667
100503,228.09267088333334
100504,229.49436035
100505,229.50597325
100506,234.60392733333333
100507,225.06449925833334
100508,234.06409629166666
100509,236.66144324166666
100510,233.0775763
100511,229.63461004166666
100601,218.43478428333333
100602,210.84083388333335
100603,211.815778975
100604,218.89709104166667
100605,214.23369958333333
100606,217.578541275
100607,217.10378976666667
100608,217.20816464166666
100609,214.67427794166667
100610,213.37471839166668
100701,229.26991954166667
100702,226.90400334166668
100703,229.56553301666668
100704,222.21106309166666
100705,224.37248941666667
100801,222.46370858333333
100802,214.21183805
100803,223.73349954166667
100804,219.89656603333333
100901,213.16897970833332
100902,211.45774719166667
100903,210.66604954166667
100904,213.76084631666666
100905,212.35604578333334
101001,247.67027201666667
101002,247.75252256666667
101003,241.472152925
101004,250.16809759166665
101005,242.99334536666666
101006,239.18583169166666
101007,246.48664393333334
101101,233.47440978333333
101102,237.92870966666666
101103,238.33952276666668
101104,232.34254599166667
101105,234.28612176666667
101106,237.572302575
101107,236.348089125
101108,236.66070679166668
110101,272.39055865833336
110102,270.50391071666667
110103,270.04370946666666
110104,271.30011169166664
110105,271.9651263083333
110106,271.735254275
110107,271.97087940833336
110108,271.2318690916667
110109,265.08757720833336
110110,271.64387435000003
110111,269.683094275
110112,272.850377675
110113,271.9613231416667
110114,264.6771680666667
110201,263.258332475
110202,260.7765465333333
110203,257.975592225
110204,268.71984275833336
110205,263.2452939583333
110206,266.48885371666665
110207,263.8172603666667
110208,255.46883855833335
110209,255.758843325
110210,268.4359207
110211,268.4359207
110301,272.37028671666667
110302,270.07093840833335
110303,269.438803
110304,271.0939173333333
110305,271.763916225
110401,266.1549542166667
110402,269.934041725
110403,261.7231694833333
110404,267.69962276666666
110405,259.97381625
110501,270.712428925
110502,258.1136864333333
110503,266.31390596666665
110504,268.36068738333336
110505,272.18506434166665
110506,271.603685
110507,270.008521025
110508,271.0390412583333
120101,236.7820973
120104,242.844661575
120105,245.5017374
120106,243.88013335
120107,239.20279877500002
120108,247.29133089166666
120111,242.98936625833335
120112,242.04282663333333
120113,241.78136233333333
120114,237.6737884
120116,242.47092000833334
120117,239.02900440833335
120119,241.93629779166668
120120,244.541519075
120121,243.63670288333333
120122,235.6612301
120124,228.17805161666666
120125,242.84657669166666
120126,240.6703202
120127,235.59557525
120128,235.05345808333334
120129,239.97063009166666
120130,239.43677229166667
120132,239.02900440833335
120133,239.554541275
120134,242.57299718333334
120135,216.245074875
120136,243.73693213333334
120201,242.38825251666665
120202,243.97167144166667
120203,218.96225770833334
120204,244.31222970833332
120205,224.94156364166668
120206,221.78848058333332
120207,235.96462975
120208,244.32480658333333
120209,219.80316645
120210,239.650478825
120211,243.40827560833333
120212,239.650702
120213,242.97474744166666
120214,247.52898916666666
120215,237.943126925
120301,217.1968245
120302,209.03873541666667
120303,208.908459775
120304,213.60556679166666
120305,221.930298
120306,216.5843586
120401,241.42407492499999
120402,244.25005049166666
120403,231.34153823333332
120404,241.97385785
120405,250.52634194166666
120406,248.0334402
120407,240.52464023333334
120408,239.89133165833334
120409,243.11994640833333
120410,239.80810293333334
120411,247.41728353333332
120412,239.80810293333334
120413,243.12659834166666
120414,246.16699521666666
120415,244.73517678333334
120416,239.80810293333334
120417,236.06144058333334
120418,231.60124186666667
120419,220.38796606666668
120420,243.12659834166666
120421,243.12659834166666
120422,243.69445275833334
120423,245.58435849166665
120424,242.09010630833333
120425,245.85346628333335
120426,247.81084071666666
120427,237.1752022
120428,239.67518566666666
120429,240.58678966666668
120430,239.88404926666666
120431,245.93932349166667
120432,246.28087613333332
120433,239.40008826666667
120434,244.941011575
120501,244.07361674999999
120502,239.95116684166666
120503,249.65758875833333
120504,226.19969875833334
120601,212.61211356666666
120602,211.79642336666666
120603,212.2268821
120604,210.35708929166668
120605,211.50202524166667
120606,209.73941945833334
120607,211.3900434
120608,208.15393313333334
120609,208.77952923333334
120701,245.70774514166666
120702,238.74710404166666
120703,244.24339255833334
120704,230.3451259
120705,244.6010476
120706,230.493340975
120707,241.32263453333334
120708,235.28767593333333
120709,235.47201656666667
120801,249.28144265833333
120802,249.74801349166665
120803,251.49402084166667
120804,252.77802171666667
120805,252.21288616666666
120806,248.52284866666668
120807,253.886779025
120808,250.88413308333332
120809,252.17470177500002
120810,252.70708301666667
120901,243.25276050833332
120902,245.04721595
120903,243.55425208333332
120904,245.38547389166666
120905,242.84657669166666
120906,243.69725385
120907,245.5037906
120908,243.59016310833334
120909,246.54823750833333
130101,258.7905754583333
130102,253.892275025
130103,256.5110511666667
130104,254.32883155833332
130105,256.5110511666667
130106,249.93237771666665
130107,256.88319648333334
130108,240.71527331666667
130109,256.88997861666667
130110,244.30332475833333
130111,260.2280159
130201,252.67298930833334
130202,249.89407881666668
130203,259.44322273333336
130204,262.92920729166667
130205,261.27917609166667
130206,262.06465535
130207,260.7976045
130208,253.89044845833334
130301,223.56793725833333
130302,225.96272580833335
130303,227.20129958333334
130304,227.40161775833334
130305,223.42760506666667
130306,223.07382980833333
130401,249.52121093333332
130402,249.62982993333333
130403,256.75832733333334
130501,242.34107455
130502,240.356410575
130503,245.894828275
130504,245.07360373333333
130601,241.244577625
130602,238.42633374166667
130604,237.336176325
130605,235.42410098333335
130606,239.05946713333333
130608,246.02343506666668
130610,238.513640175
130611,238.84120428333333
130613,238.59632879166668
130614,235.801019675
130701,258.8112188
130702,256.8388016083333
130703,260.08345153333335
130704,261.2637690916667
130705,254.31558125
130801,229.17498886666667
130802,229.00836460833332
130803,228.01504924166667
130804,227.67123725
130805,228.62235502500002
130806,230.00944493333333
130807,228.07071029166667
130808,230.80561320833334
130809,227.786791325
130810,228.92606995
130811,228.9128015
130812,228.10809269166668
130813,227.67569485
130901,232.778056425
130902,230.43678095
130903,232.92141736666667
130904,235.35021137500001
130905,228.99551250833332
130906,234.34863418333333
130907,234.57042289166668
130908,231.41581461666667
131001,248.11090521666668
131002,239.79538575
131003,235.74963933333333
131004,237.22317935833334
131005,235.54694435833332
131006,239.50403125833333
131007,240.96978050833332
131008,235.39876675833332
131101,241.10311706666667
131102,236.47666725
131103,243.6862768
131104,231.89340985
131201,256.8393576666667
131202,255.52617531666667
131203,262.6332155833333
140101,259.9949362583333
140102,245.508268175
140103,260.6835848833333
140104,261.98433685
140105,260.1097599583333
140106,260.99713963333335
140107,256.74045202499997
140108,260.8928640583333
140109,243.55016295833335
140110,238.17932001666668
140111,257.0924325166667
140112,261.26018519166666
140113,258.1495811583333
140114,261.2864202833333
140115,253.448730725
140116,248.68022964166667
140117,250.63306850833334
140118,256.7604282
140119,248.32517676666666
140120,254.29763328333334
140201,256.52475246666665
140202,226.04558145000001
140203,229.22292513333332
140204,252.67618109166668
140205,248.67437965833335
140206,259.127025475
140301,262.03919095833334
140302,234.457146
140303,257.00406985
140304,252.66989989166666
140305,259.76272255833334
140306,266.32140096666666
140307,243.186222025
140308,256.89437410833335
140309,258.1874772
140310,230.92634718333332
140311,263.582634325
140312,259.0191791
150101,268.09074020833333
150102,262.5001567416667
150103,264.6649945666667
150104,0
150105,268.09074020833333
150106,262.2134136
150107,260.32834368333334
150108,267.82340554166666
150109,261.8051094416667
150110,265.199365325
150111,267.150673575
150112,265.5015164833333
150113,268.09074020833333
150114,266.23770410000003
150115,268.071547375
150116,268.09074020833333
150117,265.4579480333333
150118,260.9201902583333
150119,265.4940347583333
150120,268.09074020833333
150121,268.09074020833333
150122,0
150123,263.76007194166664
150124,268.474860025
150125,266.1670651
150126,264.12680305833334
150127,264.6511919833333
150128,267.945237875
150129,265.83615619166665
150130,267.0340630833333
150131,268.09074020833333
150132,263.8218375916667
150133,266.29071427499997
150134,267.2638996416667
150135,266.8802429666667
150136,268.09074020833333
150137,266.76270295
150138,268.0827416166667
150139,265.94000773333335
150140,266.40303370833334
150141,266.29071427499997
150142,268.8726865
150143,266.4742937
150201,267.7822116583333
150202,265.80288895
150203,267.12249448333336
150204,265.38372681666664
150205,268.85384436666664
150301,250.46421829166667
150302,247.882180525
150303,254.28279676666665
150304,249.39534555
150305,252.37101665833333
150401,252.64287206666665
150402,252.23006199166667
150403,259.00750415833335
150404,255.72365515
150405,253.395307575
150406,255.33411288333332
150407,258.14998948333334
150501,266.526550475
150502,266.69866736666665
150503,260.86927024166664
150504,267.74436288333334
150505,264.666604825
150506,263.1740388333333
150507,268.10071885
150508,258.87873168333334
150509,266.949594975
150510,262.145783525
150511,256.47644034166666
150512,264.73835965
150513,268.702754675
150514,269.45568475
150515,267.170215625
150516,255.862444725
150601,263.0467110166667
150602,253.466460975
150603,253.06169435833334
150604,262.2104116
150605,264.81805130833334
150606,254.99171894166668
150607,256.173597675
150608,252.61936173333333
150609,249.67143068333334
150610,253.27248851666667
150611,255.71090055833332
150612,250.8784042
150701,251.200243225
150702,257.22731906666667
150703,252.000456625
150704,253.292594675
150705,251.5534887
150706,258.80609500833333
150707,252.31418583333334
150708,254.063599825
150709,257.0219607833333
150710,255.386653975
150711,259.2541655333333
150712,255.3355277
150713,258.5632689
150714,256.081602425
150715,251.80128156666666
150716,258.0777204166667
150717,252.13460850833334
150718,254.1225127
150719,255.74483813333333
150720,254.40653686666667
150721,254.00811285
150722,253.45491151666667
150723,252.09999110833334
150724,251.838439575
150725,255.90187971666666
150726,256.3839401083333
150727,253.21802401666667
150728,255.71980568333333
150729,255.642389075
150730,253.62122215833335
150731,259.45027658333333
150732,251.24610480833334
150801,265.41491590833334
150802,255.79086099166668
150803,0
150804,254.01777255
150805,267.06888664166667
150806,263.83533905
150807,251.95627536666666
150808,248.05048716666667
150809,253.07266390833334
150810,265.4688355416667
150811,260.18741855
150812,267.4313375666667
150901,250.83493620833335
150902,251.52274469166667
150903,253.95476726666666
150904,255.7978556333333
150905,254.09794163333333
150906,249.33456375
151001,252.21441458333334
151002,246.591191225
151003,257.70935941666664
151004,255.401605825
151005,257.096406425
151006,248.82166495833334
151007,248.779300325
151008,248.39077523333333
151009,254.17406350833335
151010,253.19031135
151011,248.53685480833332
151012,249.3587302
151013,255.24355849166668
151014,250.75902375833334
151015,254.91953364166667
151016,248.27274055833334
151017,254.16934041666667
151018,247.6169133
151019,250.566962725
151020,254.06046184166667
151021,253.16750574166667
151022,260.132582125
151023,246.65421850833332
151024,254.53468481666667
151025,255.83156535833334
151026,252.67269224166665
151027,258.661812475
151028,254.18366874166668
151029,258.2557066666667
151030,247.35226051666666
151031,247.96867538333333
151032,250.1101506166667
151033,252.19942756666666
160101,191.78892925833333
160102,194.45823618333333
160103,193.22064769166667
160104,190.96710731666667
160105,189.90648948333333
160106,191.09532545833335
160107,190.04690495833333
160108,191.20076889999999
160110,189.74482816666668
160112,191.08561318333332
160113,193.45012453333334
160201,208.73785993333334
160202,213.54788655833335
160205,204.70309268333332
160206,200.9111809
160210,204.55754123333332
160211,206.64845105833334
160301,195.42648006666667
160302,198.283249475
160303,195.01485534166667
160304,198.07862198333333
160305,199.327274525
160401,185.88882936666667
160402,187.32743215833335
160403,191.34645784166668
160404,186.89641331666667
160501,197.5448666
160502,204.94104291666667
160503,197.855573125
160504,201.64141505833334
160505,203.04146238333334
160506,199.95622076666666
160507,195.26487426666665
160508,201.66583408333332
160509,200.20757454166667
160510,195.96993056666668
160511,198.4789518
160601,213.98268906666667
160602,210.49593992500002
160603,207.94459454166667
160604,217.12512261666666
160605,204.47722205833333
160606,208.12934126666667
160701,211.81359561666667
160702,210.51003139166667
160703,211.48553611666668
160704,206.64666125833332
160705,202.389152325
160706,199.74152513333334
160801,188.561497475
160802,188.78141839166668
160803,188.08240261666666
160804,185.36394158333334
170101,202.84546365833333
170102,185.63976830833334
170103,202.82499763333334
170104,196.18972056666667
170201,196.878100575
170202,204.37402854166666
170203,192.737841975
170204,187.937118575
170301,209.80574503333332
170302,207.42264759166667
170303,205.159803125
180101,274.0967413083333
180102,273.97564106666664
180103,259.79254119166666
180104,269.463845375
180105,264.707631125
180106,271.82631984166665
180201,262.88269499166665
180202,269.488047875
180203,270.2585325416667
180204,269.5850485583333
180205,270.81402933333334
180206,269.51420310833333
180207,270.32608454166666
180208,271.73994081666666
180209,267.57070665
180210,271.6339978166667
180211,266.1723180583333
180301,266.01437115
180302,270.2695198833333
180303,265.4232384416667
190101,247.99394269166666
190102,223.40918286666667
190103,237.42826482499999
190104,253.11760906666666
190105,240.30414210833334
190106,244.03295380833333
190107,226.77791255833333
190108,245.8542435
190109,250.84799006666668
190110,235.15278265
190111,247.94305885833333
190112,249.41843338333334
190113,244.22564323333333
190201,250.49854925
190202,244.95628209166665
190203,243.80463985833333
190204,243.6363772
190205,248.8578282166667
190206,245.05387035833334
190207,243.27870571666668
190208,248.05495935833332
190301,213.61198196666666
190302,215.3355339
190303,215.743292225
190304,213.67596411666668
190305,212.83644594999998
190306,212.68992995
190307,213.17141701666668
190308,212.30965349166667
200101,260.255165025
200104,254.59291745833332
200105,257.3380015
200107,263.36951335833334
200108,266.248485125
200109,267.14061614166667
200110,269.7142324166667
200111,234.895753675
200114,242.10847065833335
200115,262.5844913166667
200201,219.23468309166668
200202,221.75440154166668
200203,221.65987793333335
200204,225.6851802
200205,218.42601001666668
200206,221.165844175
200207,223.59806353333335
200208,220.92700115
200209,217.0252727
200210,227.86921508333333
200301,218.60558809166668
200302,220.45649029999998
200303,219.17678929166667
200304,225.05809833333333
200305,220.86250244166666
200306,221.524721625
200307,214.37821278333334
200308,221.27063714166667
200401,239.65936058333332
200402,232.991182
200403,221.80951465
200404,243.03006583333334
200405,231.10083078333335
200406,233.60139178333333
200407,225.92527478333332
200408,224.16165304166668
200409,223.06919669166666
200410,223.57165991666668
200501,272.068413975
200502,269.576880275
200503,270.7174906166667
200504,271.09435441666665
200505,267.958314875
200506,267.5668261166667
200507,272.3535327833333
200601,251.94870981666668
200602,257.1571515416667
200603,265.38985410833334
200604,250.44826634166668
200605,260.84657765000003
200606,264.0133472416667
200607,254.78223188333334
200608,257.153120775
200701,267.7608813666667
200702,268.614614925
200703,271.26525035
200704,272.6224000916667
200705,267.7385778166667
200706,266.456658625
200801,273.255459775
200802,269.17944336666665
200803,268.50348302500004
200804,268.75377661666664
200805,270.62029104166663
200806,269.6310785
210101,271.746911725
210102,272.28453095
210103,265.304148175
210104,270.17705725
210105,265.889458625
210106,270.09379775
210107,267.54660368333333
210108,269.87212171666664
210109,268.80907693333336
210110,271.392203175
210111,273.890423175
210112,271.3903189083333
210113,269.435862425
210114,270.73400081666665
210115,272.0654653583333
210201,256.2835604833333
210202,265.38318675
210203,262.01687070833333
210204,254.11880845833332
210205,266.78280325833333
210206,260.52051215
210207,260.5922223416667
210208,245.78308256666665
210209,237.11542956666668
210210,266.074743
210211,242.91882539166667
210212,248.6075223
210213,260.39763270000003
210214,262.10319315833334
210215,258.062361
210301,225.80181315833335
210302,228.88904911666665
210303,196.74702199166666
210304,198.48274919166667
210305,222.20956347499998
210306,229.1475188
210307,209.5213011
210308,208.76563981666666
210309,197.77156093333332
210310,222.05270155
210401,269.1220662333333
210402,269.72939801666666
210403,272.91532774166666
210404,274.35714351666667
210405,275.8152065666667
210406,267.98166184166666
210407,268.8077675416667
210501,270.98560539166664
210502,276.4206639083333
210503,269.7177365333333
210504,275.49831694166664
210505,271.517050575
210601,259.05237424166666
210602,242.54393525833333
210603,256.300153425
210604,247.88347105833333
210605,266.71174525
210606,249.132838725
210607,265.02517431666666
210608,251.14204663333334
210701,267.189368625
210702,269.643379825
210703,265.274374575
210704,264.1540544833333
210705,261.5859861083333
210706,265.2357817166667
210707,263.82121974166665
210708,262.8338356333333
210709,267.227766075
210710,263.38824411666667
210801,259.55393454166665
210802,239.68106038333332
210803,262.6019064166667
210804,261.67358171666666
210805,258.879925925
210806,244.32436315833334
210807,255.22415559166666
210808,254.31923206666667
210809,260.25344629166665
210901,251.05164325
210902,251.92405805833334
210903,243.37068461666667
210904,252.56581840833334
211001,243.00911215
211002,233.05012826666666
211003,259.0236731666667
211004,242.498997575
211005,217.90208125
211101,268.08347634166665
211102,270.62580748333335
211103,269.015122525
211104,269.42097240833334
211105,268.2263686416667
211201,209.6674425
211202,227.03630336666666
211203,197.49303201666666
211204,220.22713745833335
211205,205.96198675
211206,217.369906675
211207,202.44383981666667
211208,207.65244678333335
211209,196.78119960833334
211210,193.55743920833334
211301,262.295243925
211302,259.2474018
211303,265.4982746333333
211304,261.31280723333333
211305,259.3539450833333
211306,257.23054655833334
211307,258.6148096666667
220101,220.14111070833334
220102,220.88675373333334
220103,221.123570925
220104,223.44007848333334
220105,222.33716945833334
220106,220.80959095
220201,227.84094009166665
220202,220.57481755
220203,222.74266895833333
220204,225.718848925
220205,225.935411275
220206,226.12222470833333
220301,225.66847881666666
220302,227.30180345
220303,225.42805745833334
220304,224.27774974166667
220305,223.78479855
220401,230.49732
220402,226.5832289
220403,230.03945370833333
220404,231.7526448
220405,230.92287444166666
220406,228.479208975
220501,219.9691331
220502,224.01261323333333
220503,211.77047343333334
220504,215.07122483333333
220505,221.79499335
220506,221.015970875
220507,219.55041428333334
220508,218.874554875
220509,220.76506965
220510,222.84266878333335
220511,222.53555295833334
220601,229.26702884166667
220602,226.280298275
220603,225.742241375
220604,226.76573891666666
220605,226.48226961666666
220701,222.36878401666667
220702,221.80993022500002
220703,224.18541335
220704,218.53615453333333
220705,222.07485219166665
220706,224.64804366666667
220707,225.32657199166667
220708,218.64118911666668
220709,219.90103301666667
220710,217.21916703333335
220801,220.81245625
220802,220.54822046666666
220803,220.92111911666666
220804,220.86649920833332
220805,219.83660054166666
220806,220.38044991666666
220807,219.965931375
220808,221.34767463333333
220809,220.063399675
220901,217.785308325
220902,217.57597763333334
220903,219.62925510833333
220904,213.99382086666668
220905,207.60733010833331
220906,208.81185605833335
220907,210.29749460833332
220908,219.62497135
220909,216.62939286666665
220910,219.954430025
220911,206.21122895
220912,217.912234525
220913,217.22656559166666
220914,216.42418229166665
221001,222.767846175
221002,218.35529309166668
221003,224.765516725
221004,227.63554864166667
221005,220.6881577
230101,274.7542377
230102,275.82693194166666
230103,275.16439698333335
230104,275.90367461666665
230105,273.09206989166665
230106,269.1422810166667
230107,277.52029757500003
230108,272.1691139916667
230109,269.52946729166666
230110,275.3283593333333
230111,273.64043380833334
230201,273.72570045833334
230202,274.23136439166666
230203,276.54755646666666
230204,263.5007858833333
230205,265.9006443416667
230206,275.08473938333333
230301,275.97328805
230302,272.89465343333336
230303,268.385194825
230401,278.5688647416667
230402,270.0974216083333
230403,270.2573705
230404,269.980051925
230405,271.0545124416667
230406,273.8132780083333
230407,270.517300375
230408,275.29339259166665
240101,257.08361113333336
240102,259.7730952
240103,261.736681725
240104,251.16085555833334
240105,257.48475974166666
240106,254.29441276666668
240201,263.5457084
240202,259.88313741666667
240203,264.64229630833336
240301,251.44888814166666
240302,250.76764306666666
240303,247.73357579166665
240304,252.1577169
250101,209.4967298
250102,209.79049641666666
250103,210.22873735833332
250104,208.154524725
250105,208.81878344166665
250106,208.19966925
250107,208.93065210833333
250201,213.3160355
250202,212.74045064999999
250203,211.67163813333335
250204,209.75226613333334
250301,211.62965573333332
250302,212.10354744166668
250303,212.59103525
250304,211.79659139166668
250305,213.914460075
250401,211.17057689166666
